OBJECTID,ULAND,UREGBEZ,UKREIS,UGEMEINDE,UJAHR,UMONAT,USTUNDE,UWOCHENTAG,UKATEGORIE,UART,UTYP1,ULICHTVERH,IstRad,IstPKW,IstFuss,IstKrad,IstGkfz,IstSonstige,LINREFX,LINREFY,XGCSWGS84,YGCSWGS84,USTRZUSTAND,UIDENTSTLAE
102512,5,3,15,0,2019,3,6,7,1,6,4,2,0,0,1,0,1,0,"353276,432","5643429,953",6.91233691,50.92382885,1,
102543,5,3,15,0,2019,3,17,6,3,3,6,2,0,1,0,0,1,0,"348687,092","5644066,883",6.846821493,50.92836714,1,
102582,5,3,15,0,2019,3,10,5,3,2,6,0,0,1,0,0,0,0,"357155,3912","5637146,247",6.969948916,50.8683306,0,
102584,5,3,15,0,2019,3,6,5,3,2,6,1,0,1,0,0,1,0,"362091,6238","5646470,85",7.036532025,50.9533329,0,
102586,5,3,15,0,2019,3,6,5,2,2,6,0,0,1,0,0,0,0,"349070,0535","5648496,281",6.85043106,50.96827114,0,
102630,5,3,15,0,2019,3,7,4,3,1,6,0,0,1,0,0,0,0,"349695,8793","5649295,741",6.859007078,50.97561894,0,
102631,5,3,15,0,2019,3,7,4,3,2,6,0,0,1,0,0,0,0,"352917,7186","5649370,102",6.904837001,50.97711906,0,
102702,5,3,15,0,2019,3,17,4,2,2,6,0,0,1,0,0,0,0,"361543,7244","5642480,787",7.030252254,50.91734172,0,
102704,5,3,15,0,2019,3,13,4,3,2,6,0,0,1,0,0,0,0,"362190,4919","5645902,052",7.038154068,50.94824459,0,
102765,5,3,15,0,2019,3,23,6,2,2,7,2,0,1,0,0,0,0,"366074,0503","5634564,825",7.097564754,50.84726454,0,
102774,5,3,15,0,2019,3,15,6,3,2,6,0,0,1,0,0,0,1,"361216,7532","5642668,62",7.025532084,50.91895129,0,
102776,5,3,15,0,2019,3,14,6,3,3,6,0,0,1,0,0,0,0,"363919,7747","5641278,066",7.064482864,50.90709747,0,
102778,5,3,15,0,2019,3,20,6,3,2,6,2,0,1,0,0,0,0,"352531,6764","5650918,336",6.898713577,50.99093349,0,
102780,5,3,15,0,2019,3,20,6,3,2,6,2,0,1,0,0,0,0,"352106,5646","5651475,043",6.892433826,50.99582722,0,
102783,5,3,15,0,2019,3,13,6,3,2,6,0,0,1,0,0,0,0,"358990,2407","5640943,715",6.994542621,50.90290957,0,
102792,5,3,15,0,2019,3,14,3,3,5,3,0,1,1,0,0,0,0,"365590,3536","5635783,366",7.090250508,50.85810428,0,
102794,5,3,15,0,2019,3,17,3,3,5,2,0,1,1,0,0,0,0,"360333,8767","5648356,502",7.010798367,50.96985623,0,
102796,5,3,15,0,2019,3,7,3,3,6,2,0,0,1,1,0,0,0,"351063,1822","5652127,795",6.877308163,51.00142398,0,
102797,5,3,15,0,2019,3,13,3,3,2,5,0,0,1,0,1,0,1,"356522,0507","5646644,677",6.95721967,50.95353546,0,
102799,5,3,15,0,2019,3,8,3,3,5,3,0,0,1,0,0,0,0,"353210,9366","5645208,209",6.91068952,50.93979272,0,
102801,5,3,15,0,2019,3,13,3,3,3,6,0,0,1,0,1,0,0,"354175,0828","5644483,509",6.924692978,50.93352469,0,
102803,5,3,15,0,2019,3,12,3,3,3,7,0,0,1,0,1,0,0,"355066,5041","5643565,145",6.937735552,50.92549626,0,
102898,5,3,15,0,2019,3,15,5,3,2,6,0,0,1,0,0,0,0,"360992,5158","5646028,457",7.021062345,50.94909297,0,
102900,5,3,15,0,2019,3,14,5,2,2,6,0,0,1,0,1,0,0,"358127,8231","5645259,087",6.980606537,50.9414807,0,
102903,5,3,15,0,2019,3,13,5,3,2,6,0,0,1,0,0,0,0,"364279,1573","5649081,216",7.066684006,50.97731268,0,
102905,5,3,15,0,2019,3,17,5,3,2,6,0,0,1,0,0,0,0,"350130,3768","5643370,475",6.867630355,50.92248573,0,
102907,5,3,15,0,2019,3,21,5,2,5,3,2,1,1,0,0,0,0,"354482,1835","5647395,568",6.927896832,50.95977206,0,
102908,5,3,15,0,2019,3,16,3,3,2,6,0,0,1,0,0,0,0,"362764,4011","5644618,716",7.046802612,50.9368477,0,
102909,5,3,15,0,2019,3,22,5,2,3,2,2,0,1,0,1,0,0,"355201,437","5646633,06",6.938434889,50.95310079,0,
102912,5,3,15,0,2019,3,17,5,3,2,6,0,0,1,0,0,0,0,"354608,667","5643331,083",6.931318828,50.9232776,0,
102982,5,3,15,0,2019,3,11,2,3,3,6,0,1,1,0,0,0,0,"365190,256","5642859,299",7.081958229,50.92160704,0,
102984,5,3,15,0,2019,3,11,2,3,2,6,0,0,1,0,0,1,0,"360690,8576","5641142,178",7.018637709,50.90510605,0,
102986,5,3,15,0,2019,3,8,2,3,6,7,0,0,1,1,0,0,0,"359980,3736","5647388,753",7.006139323,50.96107314,0,
102987,5,3,15,0,2019,3,18,2,3,2,2,0,0,1,0,1,0,0,"360012,868","5648032,983",7.006353855,50.9668708,0,
102989,5,3,15,0,2019,3,19,2,3,5,4,2,0,1,1,0,0,0,"350686,7816","5648505,561",6.8734359,50.96877587,1,
102991,5,3,15,0,2019,3,14,2,3,2,6,0,0,1,0,0,0,0,"355383,386","5646703,261",6.940995705,50.95377735,1,
102993,5,3,15,0,2019,3,8,2,2,5,3,0,0,1,0,1,0,0,"354499,4877","5643603,621",6.92965772,50.92569931,1,
102995,5,3,15,0,2019,3,16,2,3,6,6,0,1,0,1,0,0,0,"354253,7036","5644324,122",6.925874824,50.9321122,0,
103038,5,3,15,0,2019,3,18,5,3,5,3,0,1,1,0,0,0,0,"361584,1034","5645029,598",7.029858572,50.94025832,0,
103040,5,3,15,0,2019,3,16,2,3,5,2,0,1,1,0,0,0,0,"360995,1826","5644263,76",7.021773658,50.93323388,1,
103041,5,3,15,0,2019,3,14,5,3,2,6,0,0,1,0,0,0,0,"349375,5004","5643081,834",6.857017069,50.91969533,0,
103042,5,3,15,0,2019,3,16,2,3,5,2,0,1,1,0,0,0,0,"358711,639","5644700,754",6.989127547,50.93660629,1,
103043,5,3,15,0,2019,3,13,5,3,5,3,0,1,1,0,0,0,0,"348944,9265","5643031,826",6.850916466,50.9191334,0,
103044,5,3,15,0,2019,3,16,2,3,1,6,0,0,1,0,0,0,0,"355708,5208","5646726,834",6.945612339,50.95407069,0,
103045,5,3,15,0,2019,3,7,2,3,0,1,0,0,0,0,1,0,0,"353092,4325","5645045,955",6.909069425,50.93830442,1,
103046,5,3,15,0,2019,3,20,5,3,2,6,2,0,1,0,0,0,0,"355248,008","5646680,69",6.939078545,50.95354052,0,
103047,5,3,15,0,2019,3,15,2,3,0,3,0,1,1,0,0,0,0,"354575,2872","5644817,28",6.930251315,50.93662525,1,
103048,5,3,15,0,2019,3,15,5,3,2,5,0,1,1,0,0,0,0,"354073,6","5646025,676",6.922632016,50.94735798,0,
103049,5,3,15,0,2019,3,8,2,3,2,2,0,0,1,0,0,0,0,"355337,691","5643971,992",6.941430183,50.92922057,1,
103052,5,3,15,0,2019,3,13,5,3,5,3,0,0,1,0,0,0,0,"357183,2755","5638788,4",6.969703541,50.88309559,0,
103054,5,3,15,0,2019,3,9,5,3,2,6,2,0,1,0,1,0,0,"356849,6403","5644990,544",6.962530784,50.93875141,0,
103169,5,3,15,0,2019,3,10,5,2,2,6,0,0,0,0,0,1,0,"361962,6671","5646973,349",7.034506595,50.95781811,0,
103227,5,3,15,0,2019,3,12,4,3,3,2,0,0,1,0,0,0,1,"349864,4841","5645090,18",6.863141715,50.93787047,0,
103229,5,3,15,0,2019,3,13,1,3,4,7,0,1,1,0,0,0,0,"366840,3383","5637971,599",7.107203867,50.87806085,0,
103230,5,3,15,0,2019,3,5,4,3,1,5,2,1,1,0,0,0,0,"353246,2906","5645269,426",6.911167711,50.94035185,0,
103231,5,3,15,0,2019,3,20,1,3,0,3,2,1,1,0,0,0,0,"355236,2376","5651547,212",6.936973424,50.99727158,1,
103295,5,3,15,0,2019,3,16,1,3,2,6,0,0,1,0,0,0,0,"358399,9512","5644065,643",6.984941176,50.93082207,0,
103296,5,3,15,0,2019,3,5,1,3,8,7,2,0,1,0,0,0,0,"364103,6585","5641449,89",7.06703274,50.90868506,0,
103298,5,3,15,0,2019,3,19,1,3,2,6,2,0,1,0,0,0,0,"357111,0237","5638712,783",6.968706653,50.88239816,0,
103342,5,3,15,0,2019,3,13,7,3,3,7,0,0,1,0,1,0,0,"365019,8925","5638867,664",7.081011666,50.88569201,0,
103345,5,3,15,0,2019,3,23,7,2,8,7,2,1,0,0,0,0,0,"351060,562","5658882,007",6.87449512,51.06211845,0,
103347,5,3,15,0,2019,3,17,7,3,2,6,0,0,1,0,0,0,0,"354424,9064","5645656,404",6.927777218,50.94412827,0,
103351,5,3,15,0,2019,3,6,4,2,2,6,0,0,0,0,0,1,1,"359353,112","5641423,514",6.99951519,50.90731011,0,
103374,5,3,15,0,2019,3,13,6,3,2,6,0,0,1,0,0,0,0,"357166,4729","5637334,87",6.970032646,50.87002851,0,
103411,5,3,15,0,2019,3,18,3,3,0,4,2,0,0,1,0,0,1,"363218,099","5639486,514",7.055179886,50.89083012,0,
103414,5,3,15,0,2019,3,9,3,3,5,2,0,1,0,0,1,0,0,"352079,7753","5642446,032",6.895721469,50.91468123,0,
103416,5,3,15,0,2019,3,10,3,3,0,2,0,1,1,0,0,0,0,"355602,4833","5644697,874",6.944908048,50.93581028,0,
103427,5,3,15,0,2019,3,9,6,3,2,6,0,0,1,0,0,0,0,"365991,1537","5634145,22",7.096541409,50.84347403,0,
103498,5,3,15,0,2019,3,14,6,2,2,6,0,0,1,0,0,1,0,"360863,3979","5642290,68",7.020652257,50.91546955,0,
103508,5,3,15,0,2019,3,9,6,3,2,6,0,0,1,0,0,0,0,"357406,966","5644135,986",6.970792287,50.93120962,0,
103510,5,3,15,0,2019,3,14,6,3,3,2,0,0,1,0,1,0,0,"359980,0642","5647783,269",7.005983094,50.96461863,0,
103512,5,3,15,0,2019,3,10,6,3,2,6,0,0,1,0,0,0,0,"353398,4956","5641287,729",6.914933229,50.90460842,0,
103513,5,3,15,0,2019,3,12,6,3,2,6,0,0,1,0,0,0,0,"353388,0481","5641176,785",6.914829299,50.90360875,0,
103517,5,3,15,0,2019,3,13,6,3,2,6,0,0,1,0,0,0,0,"348282,2728","5657127,639",6.835611704,51.04562626,0,
103524,5,3,15,0,2019,3,17,6,3,2,6,0,0,1,0,0,0,0,"351836,6288","5651462,863",6.888594847,50.99564834,0,
103562,5,3,15,0,2019,3,18,1,3,2,6,0,0,1,0,0,0,0,"360484,237","5650884,969",7.011967928,50.99261629,0,
103600,5,3,15,0,2019,3,11,7,3,5,3,0,0,1,0,1,0,0,"356137,9236","5648875,666",6.9508722,50.97348916,0,
103601,5,3,15,0,2019,3,10,7,3,5,3,0,1,1,0,0,0,0,"356137,9936","5648875,377",6.950873311,50.97348659,0,
103602,5,3,15,0,2019,3,13,7,3,2,6,0,0,1,0,0,0,0,"349224,7219","5645132,341",6.854025435,50.93808243,0,
103603,5,3,15,0,2019,3,13,7,3,5,2,0,1,1,0,0,0,0,"347563,9392","5646076,794",6.830010437,50.94613279,0,
103604,5,3,15,0,2019,3,15,7,3,9,6,0,0,1,0,0,0,0,"350797,6995","5646026,592",6.876030713,50.94652766,0,
103605,5,3,15,0,2019,3,2,7,3,0,7,2,1,0,0,0,0,0,"354477,7225","5645755,08",6.92848909,50.94502837,0,
103611,5,3,15,0,2019,3,14,1,3,4,6,0,1,0,0,0,0,0,"351488,7764","5644583,693",6.886449549,50.93373955,0,
103700,5,3,15,0,2019,3,16,1,3,0,1,0,1,0,0,0,0,0,"365787,4671","5644446,176",7.089865914,50.9360085,0,
103756,5,3,15,0,2019,3,15,6,3,1,5,0,0,1,0,0,0,0,"363355,0223","5641803,411",7.056258419,50.91168559,0,
103757,5,3,15,0,2019,3,19,6,3,0,1,2,1,0,0,0,0,0,"366314,3421","5642657,285",7.098016055,50.92005295,0,
103758,5,3,15,0,2019,3,10,6,2,4,2,0,0,1,0,0,0,0,"363678,4797","5643582,697",7.060191679,50.92775335,0,
103759,5,3,15,0,2019,3,9,6,3,5,3,0,1,0,0,0,0,1,"362824,8376","5642855,654",7.048325669,50.92101677,0,
103760,5,3,15,0,2019,3,7,6,3,3,7,0,0,1,0,1,0,0,"358679,6255","5644695,732",6.988674167,50.93655331,0,
103761,5,3,15,0,2019,3,18,6,2,6,4,0,0,1,1,0,0,0,"360391,113","5648479,677",7.011565748,50.97097709,0,
103762,5,3,15,0,2019,3,7,6,3,2,6,0,0,1,0,1,0,0,"360774,0412","5649064,695",7.016792253,50.97632743,0,
103763,5,3,15,0,2019,3,16,6,3,2,6,0,0,1,0,1,0,0,"352315,7225","5657343,021",6.893022392,51.04861285,0,
103764,5,3,15,0,2019,3,15,6,3,5,2,0,0,1,0,0,0,0,"354753,5055","5638220,923",6.935410931,50.87739007,0,
103765,5,3,15,0,2019,3,16,6,3,2,2,0,1,0,0,0,0,0,"356255,4455","5644601,107",6.954232949,50.93510378,0,
103766,5,3,15,0,2019,3,14,6,3,2,6,0,0,1,0,0,0,0,"356094,017","5644619,949",6.951929632,50.93523285,0,
103790,5,3,15,0,2019,3,4,1,2,3,6,2,1,0,0,0,0,0,"357009,229","5643452,071",6.965404246,50.92496485,0,
103838,5,3,15,0,2019,4,22,3,3,9,1,2,0,1,0,0,0,0,"354071,9692","5656981,465",6.918206259,51.04581261,1,
103839,5,3,15,0,2019,4,9,3,3,3,2,0,1,0,0,0,1,0,"353354,135","5644888,118",6.912855107,50.93695261,0,
103840,5,3,15,0,2019,4,9,3,3,2,6,0,0,1,0,0,0,0,"354793,0105","5646144,526",6.932818808,50.94860772,0,
103841,5,3,15,0,2019,4,0,3,3,0,1,2,1,0,0,0,0,0,"353530,6854","5646149,598",6.914858852,50.94833393,0,
103842,5,3,15,0,2019,4,16,3,2,1,2,0,0,1,0,0,0,1,"351280,9252","5645035,479",6.883309275,50.93774594,0,
103843,5,3,15,0,2019,4,6,3,3,2,6,0,0,1,0,0,0,0,"355977,9657","5635136,578",6.954017976,50.84997761,0,
103844,5,3,15,0,2019,4,8,3,3,1,5,0,1,1,0,0,0,1,"356051,5521","5646105,022",6.950738841,50.94856836,0,
103845,5,3,15,0,2019,4,15,3,3,5,2,0,0,1,0,0,0,1,"356178,577","5644602,899",6.953138998,50.93510072,0,
103964,5,3,15,0,2019,4,21,2,3,6,4,2,0,1,1,0,0,0,"364813,8348","5643106,019",7.076514357,50.92373638,0,
103966,5,3,15,0,2019,4,18,2,3,1,5,0,0,1,0,1,0,0,"366034,604","5642715,584",7.094017079,50.92051204,0,
103967,5,3,15,0,2019,4,16,2,3,2,6,0,0,1,0,0,0,0,"365993,7734","5643741,913",7.093059307,50.92972683,0,
103968,5,3,15,0,2019,4,12,2,3,5,2,0,1,1,0,0,0,0,"357787,1608","5643699,627",6.976369369,50.92738193,0,
103969,5,3,15,0,2019,4,12,2,2,5,3,0,0,1,0,0,0,0,"356520,2791","5652109,249",6.95503765,51.00264408,0,
103970,5,3,15,0,2019,4,16,2,3,1,6,0,0,1,0,0,0,0,"355260,9255","5646674,252",6.939264892,50.95348591,0,
103971,5,3,15,0,2019,4,13,2,3,3,6,0,0,1,0,0,1,0,"353138,2153","5644885,057",6.909785438,50.93687016,0,
103972,5,3,15,0,2019,4,16,2,2,0,7,0,1,1,0,0,0,0,"353354,014","5644869,53",6.912860867,50.93678554,0,
103973,5,3,15,0,2019,4,8,2,3,0,1,0,1,0,0,0,0,0,"354613,795","5641664,834",6.932055763,50.9083047,0,
103974,5,3,15,0,2019,4,9,2,3,2,6,0,0,1,0,1,0,0,"357103,5109","5643215,163",6.966837704,50.92285913,0,
104137,5,3,15,0,2019,4,13,7,3,9,1,0,0,1,0,0,0,1,"363099,985","5644086,747",7.051775672,50.93214645,0,
104140,5,3,15,0,2019,4,17,7,3,3,3,0,0,1,0,0,0,0,"351940,1736","5651710,485",6.889968383,50.99790022,0,
104183,5,3,15,0,2019,4,12,6,2,6,4,0,0,1,1,0,0,0,"363881,8775","5638588,786",7.064946394,50.88291856,0,
104184,5,3,15,0,2019,4,8,6,2,3,6,0,0,1,0,1,0,0,"358337,14","5645557,788",6.983467789,50.9442166,0,
104185,5,3,15,0,2019,4,9,6,3,1,6,0,0,1,0,0,0,0,"350587,5296","5649352,39",6.871675425,50.97636003,0,
104273,5,3,15,0,2019,4,16,5,3,1,1,0,0,1,0,0,1,0,"359253,5671","5646371,416",6.996189847,50.95175319,1,
104274,5,3,15,0,2019,4,16,5,3,1,6,0,0,1,0,0,0,1,"360936,278","5647729,328",7.019612376,50.96436546,1,
104275,5,3,15,0,2019,4,13,5,3,5,1,0,0,1,0,0,0,1,"358337,14","5645557,788",6.983467789,50.9442166,1,
104276,5,3,15,0,2019,4,17,5,3,5,2,0,1,1,0,0,0,0,"356129,5788","5648910,099",6.950739796,50.97379652,0,
104277,5,3,15,0,2019,4,13,5,3,5,2,0,1,1,0,0,0,0,"356289,751","5648106,696",6.953337159,50.96661649,1,
104278,5,3,15,0,2019,4,11,5,3,0,6,0,0,1,0,0,0,0,"354575,5805","5647021,68",6.929375231,50.95643562,0,
104279,5,3,15,0,2019,4,14,5,3,5,3,0,0,1,0,0,0,0,"358275,264","5640019,388",6.984739578,50.8944275,1,
104280,5,3,15,0,2019,4,18,5,3,5,3,0,1,1,0,0,0,0,"354698,583","5643061,896",6.932704546,50.92088113,1,
104281,5,3,15,0,2019,4,9,5,3,5,3,0,1,1,0,0,0,0,"353082,6316","5643901,106",6.909391527,50.92801361,0,
104349,5,3,15,0,2019,4,14,5,3,2,6,0,0,1,0,0,1,0,"361834,9938","5647570,066",7.03246325,50.96315037,1,
104379,5,3,15,0,2019,4,7,4,3,6,4,0,0,1,1,0,0,0,"364530,0711","5649215,513",7.070206005,50.97857875,1,
104381,5,3,15,0,2019,4,8,4,3,2,6,0,0,1,0,0,0,1,"360028,4058","5648169,514",7.006522456,50.9681016,1,
104382,5,3,15,0,2019,4,6,4,3,5,3,1,0,1,0,1,0,0,"359586,376","5650553,89",6.999310139,50.98942252,1,
104384,5,3,15,0,2019,4,22,4,3,5,2,2,1,1,0,0,0,0,"354481,7262","5647393,696",6.927891074,50.95975512,1,
104386,5,3,15,0,2019,4,13,4,3,6,4,0,0,0,1,0,0,1,"347416,8145","5645226,456",6.828273843,50.93845263,0,
104391,5,3,15,0,2019,4,19,7,3,5,2,0,0,1,0,0,0,0,"352806,992","5651769,813",6.90228866,50.99865574,0,
104393,5,3,15,0,2019,4,3,7,3,0,7,2,0,1,1,0,0,0,"354348,609","5645495,487",6.926756251,50.94266289,0,
104396,5,3,15,0,2019,4,23,7,3,0,1,2,1,0,0,0,0,0,"353719,9247","5646410,277",6.917446241,50.95072461,0,
104398,5,3,15,0,2019,4,8,7,3,5,3,0,0,1,0,0,0,0,"356333,9244","5641119,143",6.956720582,50.90383128,0,
104401,5,3,15,0,2019,4,11,7,3,5,2,0,1,1,0,0,0,0,"356174,8859","5644603,964",6.953086081,50.93510937,0,
104441,5,3,15,0,2019,4,18,3,3,2,6,0,0,1,0,0,0,0,"355628,2073","5658276,647",6.939875399,51.05784512,0,
104442,5,3,15,0,2019,4,13,3,3,8,6,0,0,1,0,0,1,0,"352628,9991","5650789,317",6.900151677,50.989799,0,
104472,5,3,15,0,2019,4,11,2,3,1,6,0,0,1,0,0,0,0,"365107,841","5638375,957",7.082442743,50.88129326,0,
104473,5,3,15,0,2019,4,20,2,3,4,2,2,0,1,0,1,0,0,"361450,23","5645301,887",7.02785073,50.9426733,1,
104474,5,3,15,0,2019,4,18,2,3,6,1,0,0,0,1,0,0,1,"355993,2661","5649434,161",6.948591938,50.97847208,0,
104475,5,3,15,0,2019,4,10,2,2,3,2,0,0,1,0,0,0,1,"352100,2911","5644952,834",6.894996264,50.93721397,0,
104606,5,3,15,0,2019,4,13,4,2,2,6,0,0,1,0,0,0,0,"352725,4161","5650688,18",6.90156551,50.9889148,0,
104608,5,3,15,0,2019,4,16,1,3,1,6,0,0,1,0,0,0,0,"359893,8606","5645844,521",7.005502541,50.94717392,0,
104609,5,3,15,0,2019,4,11,4,2,3,6,0,0,1,0,1,0,0,"347528,4687","5644145,791",6.830313904,50.92877114,0,
104610,5,3,15,0,2019,4,12,1,2,6,4,0,0,1,1,0,0,0,"362964,7274","5645279,817",7.049403306,50.94283691,0,
104613,5,3,15,0,2019,4,18,1,3,2,6,0,0,1,0,0,0,0,"356017,179","5646880,268",6.949943238,50.95552677,0,
104616,5,3,15,0,2019,4,22,4,3,3,6,2,0,1,0,0,0,0,"353697,4276","5649163,667",6.916019021,50.97546254,0,
104685,5,3,15,0,2019,4,20,3,2,8,1,2,0,1,0,1,0,0,"361935,483","5640269,147",7.036658701,50.89755879,0,
104687,5,3,15,0,2019,4,16,3,3,8,1,0,0,0,0,1,0,0,"360504,864","5646769,293",7.013840626,50.95563318,0,
104689,5,3,15,0,2019,4,15,3,3,3,7,0,0,1,0,1,0,0,"361965,8256","5648030,364",7.034150531,50.96731855,0,
104797,5,3,15,0,2019,4,2,7,3,8,7,2,0,1,0,0,0,0,"349138,984","5654977,992",6.848719239,51.02653494,0,
104821,5,3,15,0,2019,4,7,6,3,5,3,0,0,1,0,0,0,1,"358171,356","5644790,58",6.981408153,50.93728093,0,
104822,5,3,15,0,2019,4,18,6,3,2,6,0,0,1,0,0,0,1,"360351,7112","5647553,668",7.011360416,50.96264538,0,
104823,5,3,15,0,2019,4,12,6,3,5,3,0,0,1,0,0,0,0,"361599,0541","5649984,96",7.028186289,50.9847969,0,
104824,5,3,15,0,2019,4,8,6,3,3,5,0,1,1,0,0,0,0,"353812,7125","5646210,954",6.918846332,50.94895691,0,
104825,5,3,15,0,2019,4,23,6,2,0,1,2,1,0,0,0,0,0,"353719,1981","5646437,683",6.917424893,50.95097072,0,
104826,5,3,15,0,2019,4,18,6,3,2,6,0,0,1,0,0,0,0,"354236,7336","5645134,489",6.925309343,50.93939044,0,
104827,5,3,15,0,2019,4,13,6,3,0,7,0,0,0,0,0,0,1,"353897,9635","5642306,639",6.921624104,50.91389169,0,
104828,5,3,15,0,2019,4,18,6,2,5,3,0,1,1,0,0,0,0,"355454,9206","5644699,186",6.942808834,50.93578512,0,
104829,5,3,15,0,2019,4,18,6,3,0,2,0,1,1,0,0,0,0,"355756,0983","5644081,395",6.947336809,50.93030854,0,
104879,5,3,15,0,2019,4,15,6,3,3,6,0,0,1,0,0,0,1,"363450,484","5643495,781",7.056981926,50.92691827,0,
104880,5,3,15,0,2019,4,12,6,3,2,6,0,0,1,0,0,0,0,"365117,7627","5640369,331",7.081847764,50.89921128,0,
104881,5,3,15,0,2019,4,14,6,3,2,6,0,0,1,0,0,0,0,"357110,491","5639150,141",6.968528091,50.88632857,0,
104882,5,3,15,0,2019,4,13,6,3,1,6,0,0,1,0,0,0,0,"349263,6611","5649850,531",6.852624963,50.98049143,0,
104921,5,3,15,0,2019,4,13,5,3,2,2,0,0,1,0,0,0,0,"365171,978","5642414,882",7.081862614,50.91760854,0,
104922,5,3,15,0,2019,4,15,5,3,6,4,0,0,1,1,0,0,0,"360523,802","5648862,19",7.01330769,50.97444693,0,
104923,5,3,15,0,2019,4,20,5,2,3,2,2,0,1,0,0,0,0,"361955,6949","5648027,382",7.034007475,50.96728932,0,
104924,5,3,15,0,2019,4,12,5,2,0,1,0,0,1,0,0,0,0,"357887,0919","5644467,554",6.977491002,50.93430792,0,
104925,5,3,15,0,2019,4,14,5,3,5,3,0,0,1,0,1,0,0,"352716,1123","5656721,128",6.898983483,51.0431271,0,
104926,5,3,15,0,2019,4,17,5,3,5,3,0,0,1,0,1,0,0,"349405,9275","5642986,624",6.85748895,50.91884768,0,
104927,5,3,15,0,2019,4,15,5,2,6,4,0,0,0,1,0,0,1,"351438,3103","5648079,34",6.884305646,50.96513999,0,
104928,5,3,15,0,2019,4,16,5,2,5,3,0,0,1,0,1,0,0,"351566,82","5647979,149",6.886175321,50.96427275,0,
104929,5,3,15,0,2019,4,12,5,3,5,3,0,0,1,0,0,0,0,"354608,667","5643331,083",6.931318828,50.9232776,0,
104930,5,3,15,0,2019,4,9,5,3,5,3,0,1,1,0,0,0,0,"354909,7165","5641489,466",6.936331681,50.90680316,0,
104931,5,3,15,0,2019,4,15,5,3,2,6,0,0,1,0,0,0,0,"354201,287","5644405,377",6.925096898,50.93282917,0,
105033,5,3,15,0,2019,4,10,5,3,2,6,0,0,1,0,0,0,0,"365826,3882","5642507,858",7.091132875,50.9185967,0,
105088,5,3,15,0,2019,4,12,7,3,1,5,0,0,1,0,0,0,0,"365153,0293","5636604,297",7.083738015,50.86538073,0,
105089,5,3,15,0,2019,4,23,4,3,8,7,2,0,1,0,0,0,0,"362330,507","5643832,493",7.040928085,50.92967823,0,
105090,5,3,15,0,2019,4,23,7,3,5,2,2,0,1,0,0,0,0,"361872,678","5648002,997",7.032835174,50.96705026,0,
105091,5,3,15,0,2019,4,16,4,3,5,3,0,0,1,0,0,0,1,"362712,8084","5643840,023",7.04636211,50.92983702,0,
105092,5,3,15,0,2019,4,12,7,3,4,7,0,0,1,0,0,0,0,"360930,1497","5649201,744",7.018962095,50.97759683,0,
105093,5,3,15,0,2019,4,8,4,3,1,6,0,0,1,0,0,0,0,"357387,5793","5644121,764",6.97052215,50.93107702,0,
105094,5,3,15,0,2019,4,23,7,3,2,6,2,0,1,0,0,0,0,"353821,4062","5646569,55",6.91882604,50.95218169,0,
105095,5,3,15,0,2019,4,18,4,2,0,1,0,1,0,0,0,0,0,"364819,8108","5649369,933",7.074273476,50.98003468,0,
105096,5,3,15,0,2019,4,11,7,3,0,5,0,1,1,0,0,0,0,"353145,8594","5645116,7",6.909800792,50.93895379,0,
105097,5,3,15,0,2019,4,12,4,3,6,4,0,1,0,1,0,0,0,"356325,2418","5647730,345",6.953990893,50.96324315,0,
105098,5,3,15,0,2019,4,18,4,3,5,3,0,1,1,0,0,0,0,"352722,9166","5647107,859",6.90297999,50.95673958,0,
105099,5,3,15,0,2019,4,2,7,3,0,7,2,1,0,0,0,0,0,"354150,3468","5645971,569",6.923745465,50.94689117,0,
105101,5,3,15,0,2019,4,22,7,3,0,1,2,1,0,0,0,0,0,"354336,7775","5642511,677",6.927780225,50.91584524,0,
105103,5,3,15,0,2019,4,11,7,3,0,7,0,1,0,0,0,0,0,"355446,9642","5645725,542",6.942288431,50.94500677,0,
105190,5,3,15,0,2019,4,8,4,3,2,6,0,0,1,0,0,0,0,"365960,0434","5637775,67",7.094770125,50.87609638,1,
105191,5,3,15,0,2019,4,10,4,3,2,6,0,0,0,0,0,1,0,"350944,4234","5652977,475",6.875267893,51.00902871,0,
105225,5,3,15,0,2019,4,5,3,3,1,5,2,0,1,0,0,0,0,"365839,8091","5638403,932",7.09283158,50.88171511,0,
105226,5,3,15,0,2019,4,17,3,3,0,7,0,1,0,0,0,0,0,"356879,9633","5651307,034",6.960476826,50.99552431,0,
105227,5,3,15,0,2019,4,13,3,2,5,3,0,0,0,0,1,0,1,"351476,0491","5655737,448",6.881710054,51.03396822,0,