OBJECTID,ULAND,UREGBEZ,UKREIS,UGEMEINDE,UJAHR,UMONAT,USTUNDE,UWOCHENTAG,UKATEGORIE,UART,UTYP1,ULICHTVERH,IstRad,IstPKW,IstFuss,IstKrad,IstGkfz,IstSonstige,LINREFX,LINREFY,XGCSWGS84,YGCSWGS84,USTRZUSTAND,UIDENTSTLAE
117270,5,3,15,0,2019,8,10,2,3,0,7,0,0,1,1,0,0,0,"349486,4541","5644498,702",6.858009573,50.93245672,0,
117273,5,3,15,0,2019,8,11,2,3,2,6,0,1,1,0,0,0,0,"354577,0998","5642850,474",6.931061627,50.91895053,0,
117275,5,3,15,0,2019,8,19,2,3,6,4,0,0,1,1,0,0,0,"355307,446","5644748,516",6.940691812,50.93619145,1,
117310,5,3,15,0,2019,8,19,4,3,0,1,0,1,0,0,0,0,0,"355199,4134","5644865,126",6.939108984,50.93721228,0,
117314,5,3,15,0,2019,8,21,6,3,9,1,2,0,1,0,0,0,0,"366721,054","5638602,586",7.105279227,50.88370451,1,
117316,5,3,15,0,2019,8,17,6,3,9,1,0,0,1,0,0,0,0,"363449,02","5641337,39",7.057769064,50.90751949,1,
117353,5,3,15,0,2019,8,15,4,3,5,2,0,0,1,0,0,0,0,"356931,3866","5636597,946",6.966982003,50.86334761,0,
117391,5,3,15,0,2019,8,19,4,2,5,3,0,1,0,0,0,0,1,"352333,451","5644958,275",6.898310151,50.93732262,0,
117459,5,3,15,0,2019,8,13,6,3,2,6,0,0,1,0,0,0,0,"360526,2561","5651182,986",7.01245185,50.99530477,0,
117460,5,3,15,0,2019,8,17,6,3,5,3,0,1,1,0,0,0,0,"348725,8215","5642959,692",6.847831489,50.91842778,0,
117461,5,3,15,0,2019,8,14,6,3,5,2,0,1,1,0,0,0,0,"352701,2411","5644914,235",6.903558839,50.93702092,0,
117462,5,3,15,0,2019,8,11,6,2,3,6,0,1,0,0,0,0,1,"352949,3939","5641729,934",6.908372192,50.90846815,0,
117463,5,3,15,0,2019,8,10,6,3,5,2,0,0,1,0,0,0,0,"353842,7414","5642331,409",6.920829171,50.91410031,0,
117563,5,3,15,0,2019,8,19,5,3,6,4,1,1,0,1,0,0,0,"355196,062","5644845,175",6.939069245,50.93703214,1,
117644,5,3,15,0,2019,8,15,7,3,0,1,0,1,0,0,0,0,0,"353710,9069","5646305,225",6.917360154,50.94977826,0,
117647,5,3,15,0,2019,8,19,7,3,0,1,0,0,1,0,1,0,0,"354065,5832","5642126,519",6.924078946,50.91231541,1,
117657,5,3,15,0,2019,8,19,5,2,3,6,0,0,1,0,0,1,0,"364601,508","5642656,522",7.073661989,50.91964671,1,
117723,5,3,15,0,2019,8,7,3,3,2,6,0,0,1,0,0,0,0,"366033,1491","5636131,662",7.096410726,50.86133742,0,
117724,5,3,15,0,2019,8,17,3,3,2,6,0,0,1,0,0,0,0,"350797,0961","5653179,032",6.873086469,51.01080177,0,
117725,5,3,15,0,2019,8,9,4,3,2,6,0,0,1,0,0,0,0,"348614,106","5643758,924",6.84591156,50.92558059,0,
117767,5,3,15,0,2019,8,19,2,3,5,2,0,1,1,0,0,0,0,"362844,6515","5648315,82",7.046551109,50.97009394,0,
117768,5,3,15,0,2019,8,15,2,3,1,5,0,1,1,0,0,0,0,"356050,922","5646893,88",6.950417967,50.95565752,0,
117769,5,3,15,0,2019,8,7,2,3,5,2,0,1,0,0,0,0,1,"356147,2019","5648837,42",6.951019397,50.97314778,0,
117770,5,3,15,0,2019,8,9,2,3,5,7,0,1,1,0,0,0,0,"349150,9734","5643089,114",6.853822034,50.9197021,0,
117771,5,3,15,0,2019,8,7,2,3,3,6,0,0,0,0,1,0,1,"351405,1825","5643548,11",6.885682859,50.92441177,0,
117772,5,3,15,0,2019,8,16,2,3,3,6,0,0,1,0,1,0,1,"357189,6039","5634749,753",6.97136982,50.84680158,0,
117773,5,3,15,0,2019,8,15,2,2,1,5,0,1,1,0,0,0,0,"355211,0747","5644529,133",6.939408339,50.93419571,0,
117774,5,3,15,0,2019,8,13,2,3,7,7,0,1,0,0,0,0,0,"354610,57","5644811,695",6.930755353,50.93658395,0,
117795,5,3,15,0,2019,8,17,4,2,2,6,0,0,0,0,1,0,1,"349034,507","5647117,226",6.850497345,50.95586934,0,
117813,5,3,15,0,2019,8,18,3,3,2,2,0,0,1,0,0,0,0,"351981,7721","5651594,716",6.890607971,50.99687057,0,
117846,5,3,15,0,2019,8,20,2,2,9,7,2,0,1,0,0,0,0,"354585,5402","5639413,537",6.932550598,50.88806564,0,
117847,5,3,15,0,2019,8,9,2,3,3,6,0,0,1,0,0,1,0,"351398,1818","5652398,093",6.881968536,51.00393959,0,
117872,5,3,15,0,2019,8,9,1,3,5,2,0,0,1,0,0,0,0,"349111,6816","5645138,438",6.852415223,50.93810765,1,
117921,5,3,15,0,2019,8,8,3,3,2,6,0,0,1,0,0,0,0,"357940,6165","5646586,878",6.97742566,50.95336743,0,
117931,5,3,15,0,2019,8,13,3,3,1,2,0,1,1,0,0,0,0,"356237,041","5648466,168",6.952444917,50.96983384,0,
117934,5,3,15,0,2019,8,17,3,3,3,6,0,1,0,0,0,0,0,"352628,3695","5640955,741",6.904121792,50.9014289,0,
117966,5,3,15,0,2019,8,20,6,3,3,6,1,1,0,0,1,0,0,"355014,3104","5644791,444",6.936505627,50.93650361,0,
117971,5,3,15,0,2019,8,23,6,3,0,6,2,0,0,1,0,0,1,"353380,7371","5645541,705",6.912970421,50.94283291,0,
118031,5,3,15,0,2019,8,14,6,3,5,3,0,1,1,0,0,0,0,"354538,9909","5647416,908",6.928696647,50.95997817,0,
118061,5,3,15,0,2019,8,11,5,3,4,6,0,0,1,0,0,0,1,"350556,2345","5649197,085",6.871293803,50.97495628,0,
118062,5,3,15,0,2019,8,19,5,2,3,6,0,1,1,0,0,0,0,"354351,6925","5645830,732",6.926666055,50.94567641,0,
118063,5,3,15,0,2019,8,19,5,3,3,6,0,0,1,0,0,0,0,"354646,0237","5645964,27",6.930799698,50.94695076,0,
118065,5,3,15,0,2019,8,22,5,3,0,1,2,0,0,0,0,0,1,"356950,7401","5646331,623",6.963442051,50.95082865,0,
118074,5,3,15,0,2019,8,1,6,3,1,7,2,0,1,0,0,0,0,"360492,8563","5646784,329",7.013664005,50.9557654,0,
118091,5,3,15,0,2019,8,23,6,3,6,6,2,1,0,1,0,0,0,"356376,9859","5644602,162",6.955961114,50.93514354,0,
118146,5,3,15,0,2019,8,15,5,3,2,6,0,0,1,0,0,0,0,"365991,1493","5634145,202",7.096541354,50.84347387,0,
118156,5,3,15,0,2019,8,23,6,3,3,2,2,1,1,0,0,0,0,"353032,3366","5644894,252",6.908275881,50.93692581,0,
118197,5,3,15,0,2019,8,11,4,2,6,4,0,0,1,1,0,0,0,"362707,1981","5637221,283",7.048770964,50.87035024,0,
118198,5,3,15,0,2019,8,16,4,3,0,1,0,1,0,0,0,0,0,"355301,954","5644192,985",6.940834266,50.93119763,0,
118201,5,3,15,0,2019,8,21,6,3,0,6,2,1,1,0,0,0,0,"366515,9911","5635861,494",7.103366141,50.85902088,0,
118217,5,3,15,0,2019,8,11,6,3,0,1,0,1,0,0,0,0,0,"352180,583","5643657,701",6.896663437,50.9255958,0,
118262,5,3,15,0,2019,8,16,2,3,2,7,0,1,1,0,0,0,0,"353714,6106","5646301,214",6.917414457,50.94974315,0,
118266,5,3,15,0,2019,8,9,2,2,9,7,0,0,0,0,0,1,0,"363229,5295","5642880,881",7.05407045,50.92133956,0,
118267,5,3,15,0,2019,8,16,2,3,2,6,0,0,1,0,1,0,0,"365945,9649","5633957,921",7.095968466,50.84178016,0,
118306,5,3,15,0,2019,8,11,1,3,0,7,0,1,0,0,0,0,0,"365455,3492","5642914,973",7.085707121,50.9221693,0,
118308,5,3,15,0,2019,8,16,1,3,0,6,0,1,0,0,0,0,1,"358096,3224","5647213,649",6.979396693,50.95903856,0,
118309,5,3,15,0,2019,8,10,1,2,5,2,0,0,1,0,0,0,0,"353956,497","5654044,451",6.917743706,51.01938978,0,
118310,5,3,15,0,2019,8,2,1,3,5,3,2,0,1,0,0,0,0,"354050,9465","5642140,821",6.923865163,50.91244024,0,
118311,5,3,15,0,2019,8,15,2,2,5,3,0,1,1,0,0,0,0,"365886,165","5634438,108",7.094943795,50.84608211,0,
118312,5,3,15,0,2019,8,3,1,3,0,7,2,1,0,0,0,0,0,"357206,881","5641145,815",6.969117345,50.90428755,0,
118376,5,3,15,0,2019,8,14,2,2,5,2,0,0,1,0,0,0,0,"356520,2992","5652109,692",6.955037762,51.00264806,0,
118389,5,3,15,0,2019,8,7,1,2,8,1,0,0,1,0,0,0,0,"354836,6925","5653910,588",6.930338131,51.01840969,0,
118445,5,3,15,0,2019,8,17,2,3,2,6,0,0,1,0,0,0,0,"363220,6349","5639490,4",7.055214466,50.89086565,0,
118447,5,3,15,0,2019,8,1,7,3,5,2,2,0,1,0,0,0,0,"359586,376","5650553,89",6.999310139,50.98942252,0,
118449,5,3,15,0,2019,8,19,7,3,0,1,0,0,0,0,1,0,0,"356324,8486","5647733,849",6.953983913,50.96327454,0,
118450,5,3,15,0,2019,8,10,7,3,5,3,0,1,0,0,1,0,0,"351488,7519","5644583,784",6.886449163,50.93374035,0,
118451,5,3,15,0,2019,8,21,7,3,9,7,2,1,0,0,0,0,0,"357164,8304","5646257,126",6.966517174,50.95021224,0,
118462,5,3,15,0,2019,8,16,2,2,2,6,0,0,1,0,0,0,0,"354942,063","5638721,152",6.937890814,50.88193291,0,
118511,5,3,15,0,2019,8,13,2,3,5,3,0,0,1,0,0,1,0,"351287,939","5658632,244",6.877840275,51.05993296,0,
118614,5,3,15,0,2019,8,14,4,3,6,4,0,0,1,1,0,0,0,"365102,4343","5638402,215",7.08235624,50.88152799,0,
118616,5,3,15,0,2019,8,23,4,2,1,7,2,0,1,0,1,0,0,"366575,142","5638232,886",7.103341078,50.88034807,0,
118617,5,3,15,0,2019,8,14,4,3,1,3,0,1,1,0,0,0,0,"353566,5552","5642657,511",6.916772149,50.91696088,0,
118619,5,3,15,0,2019,8,13,4,3,5,2,0,1,0,0,0,0,0,"356396,6138","5644588,837",6.956245518,50.93502868,0,
118649,5,3,15,0,2019,8,16,5,3,5,2,0,1,1,0,0,0,0,"360482,3804","5648820,933",7.012733893,50.97406611,0,
118725,5,3,15,0,2019,8,15,5,3,5,3,0,1,1,0,0,0,0,"353826,9278","5635946,549",6.923158163,50.85671712,0,
118730,5,3,15,0,2019,8,12,5,3,1,5,0,0,1,0,0,0,0,"363118,9507","5638223,743",7.054243997,50.8794575,0,
118787,5,3,15,0,2019,8,9,3,3,5,3,0,1,1,0,0,0,0,"365053,32","5638402,254",7.081658457,50.88151688,0,
118788,5,3,15,0,2019,8,7,3,2,6,4,0,0,1,1,0,0,0,"353355,5479","5645792,667",6.912511085,50.94508181,0,
118790,5,3,15,0,2019,8,15,3,3,0,5,0,1,1,0,0,0,1,"355284,96","5644699,916",6.940391306,50.93574905,0,
118791,5,3,15,0,2019,8,19,3,3,6,7,0,1,0,1,0,0,0,"355417,6346","5645682,171",6.94188843,50.94460964,0,
118793,5,3,15,0,2019,8,10,3,3,0,7,0,0,0,0,0,0,1,"355296,4985","5644214,781",6.94074803,50.93139214,0,
118806,5,3,15,0,2019,8,10,5,3,2,6,0,0,1,0,0,0,0,"365655,0884","5650146,371",7.085878366,50.98720842,0,
118866,5,3,15,0,2019,8,20,5,3,6,4,2,0,1,1,0,0,0,"365427,7088","5635740,6",7.087956678,50.85768208,0,
118882,5,3,15,0,2019,8,16,5,3,1,6,0,1,1,0,0,0,1,"353344,5313","5646702,929",6.911987759,50.95325917,0,
118885,5,3,15,0,2019,8,18,5,3,2,6,0,0,1,0,0,0,1,"351744,9918","5641573,476",6.891316842,50.90675408,0,
118905,5,3,15,0,2019,8,3,3,2,2,6,2,0,1,0,0,0,0,"361798,9318","5647845,611",7.031845361,50.9656181,0,
118906,5,3,15,0,2019,8,14,3,3,2,6,0,0,1,0,0,0,0,"357149,3256","5637828,184",6.969596424,50.87445771,0,
118959,5,3,15,0,2019,8,12,5,3,3,2,0,0,1,0,1,0,0,"357075,168","5643206,806",6.966437982,50.92277701,0,
118964,5,3,15,0,2019,8,19,5,2,3,5,0,0,1,0,1,0,0,"360032,1082","5648204,432",7.006561715,50.96841631,0,
119013,5,3,15,0,2019,8,14,7,3,2,6,0,0,1,0,1,0,0,"360472,1232","5655147,803",7.0101561,51.03092369,0,
119041,5,3,15,0,2019,8,18,6,3,0,3,0,1,1,0,0,0,0,"357847,7436","5645064,955",6.976698322,50.93966705,0,
119043,5,3,15,0,2019,8,16,6,3,5,2,0,0,1,0,0,0,0,"359600,015","5650180,787",6.999648527,50.98607276,0,
119045,5,3,15,0,2019,8,1,6,3,0,1,2,1,0,0,0,0,0,"354810,2684","5645560,744",6.933297054,50.94336577,0,
119046,5,3,15,0,2019,8,18,6,3,0,7,0,1,0,0,0,0,0,"356922,8376","5638584,604",6.966083393,50.88119964,0,
119049,5,3,15,0,2019,8,14,6,3,2,2,0,0,1,0,0,0,0,"354866,7312","5638538,257",6.936893272,50.88027035,0,
119050,5,3,15,0,2019,8,20,6,3,5,2,2,0,1,0,0,0,0,"353216,291","5641506,622",6.912255609,50.90652925,0,
119052,5,3,15,0,2019,8,15,6,2,0,1,0,1,0,0,0,0,0,"355286,0613","5644186,078",6.940610999,50.93113158,0,
119056,5,3,15,0,2019,8,22,7,3,2,7,2,0,1,0,0,0,0,"365156,7705","5636282,436",7.083909764,50.86248882,1,
119073,5,3,15,0,2019,8,16,7,3,2,6,0,0,1,0,0,0,0,"362072,6405","5646453,994",7.036268307,50.95317686,0,
119085,5,3,15,0,2019,8,20,7,2,3,1,2,0,1,0,0,0,0,"348070,1716","5659322,257",6.831666957,51.06529098,1,
119112,5,3,15,0,2019,8,23,7,3,8,1,2,1,0,0,0,0,0,"355286,9542","5645336,979",6.940166636,50.94147469,0,
119287,5,3,15,0,2019,9,21,1,3,6,4,2,1,0,1,0,0,0,"353203,803","5646839,044",6.909930672,50.95444655,0,
119289,5,3,15,0,2019,9,4,1,2,5,3,2,1,1,0,0,0,0,"354346,8976","5645489,434",6.926734328,50.94260806,0,
119291,5,3,15,0,2019,9,15,1,2,4,3,0,0,1,0,0,0,0,"358478,2383","5636973,055",6.988803265,50.86709947,0,
119293,5,3,15,0,2019,9,13,1,2,6,4,0,0,1,1,0,0,0,"356869,406","5644444,406",6.963026439,50.93384822,0,
119317,5,3,15,0,2019,8,20,7,3,4,2,0,0,1,0,0,0,0,"351475,8215","5644626,627",6.886247817,50.93412203,0,
119394,5,3,15,0,2019,9,8,5,3,2,6,0,0,1,0,0,0,0,"364100,703","5641382,33",7.067015883,50.90807717,0,
119442,5,3,15,0,2019,9,7,4,3,2,6,0,1,1,0,0,0,0,"363416,8707","5641677,74",7.057184695,50.91057077,0,
119443,5,3,15,0,2019,9,6,4,2,2,6,1,0,1,0,0,0,0,"357928,0398","5646579,867",6.977249454,50.95330132,0,
119444,5,3,15,0,2019,9,5,4,3,8,6,2,1,1,0,0,0,0,"357889,8897","5639249,298",6.979562921,50.88741196,0,
119445,5,3,15,0,2019,9,12,4,3,0,1,0,1,0,0,0,0,0,"347784,5516","5645208,534",6.83351135,50.93838876,0,
119446,5,3,15,0,2019,9,16,4,3,0,5,0,0,1,0,1,0,0,"355050,002","5643541,414",6.93751034,50.92527884,0,
119447,5,3,15,0,2019,9,13,4,3,2,6,0,0,1,0,1,0,0,"354543,0843","5645717,241",6.929433979,50.94470482,0,
119492,5,3,15,0,2019,9,19,6,3,5,2,0,0,1,0,0,0,0,"361449,1411","5645303,201",7.027834741,50.94268485,0,
119494,5,3,15,0,2019,9,14,6,3,2,6,0,0,1,0,0,0,0,"351226,5493","5648231,646",6.881229835,50.96645403,0,
119496,5,3,15,0,2019,9,18,6,3,6,7,0,0,0,1,0,0,1,"348258,209","5648454,188",6.83889497,50.96767961,0,
119498,5,3,15,0,2019,9,10,6,3,5,3,0,1,1,0,0,0,0,"347495,247","5645730,454",6.82917834,50.94300237,0,
119500,5,3,15,0,2019,9,18,6,3,0,7,0,1,0,0,0,0,0,"351673,717","5644984,3",6.888916578,50.93738719,0,
119502,5,3,15,0,2019,9,17,6,3,2,6,0,0,1,0,0,0,0,"354191,852","5644842,442",6.924787849,50.93675455,0,
119505,5,3,15,0,2019,9,16,6,3,2,2,0,0,1,0,0,0,1,"351139,9232","5650603,857",6.879025714,50.98774922,0,
119517,5,3,15,0,2019,9,7,4,2,2,6,0,0,1,0,0,0,0,"348893,404","5644857,81",6.849427201,50.9355287,0,
119586,5,3,15,0,2019,9,17,3,3,2,1,0,0,1,0,0,0,0,"352842,2315","5650530,878",6.903292469,50.98753109,0,
119589,5,3,15,0,2019,9,5,3,3,8,1,2,0,1,0,0,0,0,"362246,2469","5643995,101",7.03966834,50.93111952,0,
119590,5,3,15,0,2019,9,15,3,3,0,1,0,1,0,0,0,0,0,"354338,559","5645501,8",6.926610772,50.94271708,0,
119592,5,3,15,0,2019,9,11,3,3,5,2,0,0,1,0,0,0,1,"353535,4957","5646156,502",6.914924507,50.9483972,0,
119594,5,3,15,0,2019,9,15,3,3,5,3,0,0,1,0,1,0,0,"347482,6528","5645640,861",6.829036718,50.94219394,0,
119695,5,3,15,0,2019,9,13,3,3,2,6,0,0,1,0,0,0,0,"351984,6092","5651577,455",6.890655408,50.99671618,0,
119741,5,3,15,0,2019,9,18,5,3,6,4,0,0,1,1,0,0,0,"363130,9092","5638237,551",7.054408713,50.87958443,0,
119743,5,3,15,0,2019,9,21,5,2,9,1,2,0,1,0,0,0,0,"350587,5296","5649352,39",6.871675425,50.97636003,0,
119761,5,3,15,0,2019,9,17,2,2,1,6,0,0,1,0,0,0,0,"357941,2161","5646586,239",6.977434441,50.95336184,0,
119763,5,3,15,0,2019,9,8,2,3,3,6,0,0,1,0,1,0,0,"357064,927","5647260,524",6.96470185,50.9592049,0,
119764,5,3,15,0,2019,9,19,2,3,5,3,1,1,1,0,0,0,0,"351198,743","5645042,487",6.882137583,50.93778772,0,
119766,5,3,15,0,2019,9,16,2,3,1,5,0,0,1,0,0,0,0,"357312,613","5641175,051",6.970608688,50.90457643,0,
119842,5,3,15,0,2019,9,7,2,3,2,7,0,0,1,0,0,0,0,"363781,2181","5633486,962",7.065415226,50.83704179,1,
119843,5,3,15,0,2019,9,11,2,3,3,6,0,0,1,0,0,0,1,"363628,494","5640850,036",7.060502316,50.90318182,0,
119844,5,3,15,0,2019,9,15,2,2,5,3,0,0,1,0,1,0,1,"357927,2066","5644765,533",6.977945348,50.93699573,0,
119845,5,3,15,0,2019,9,8,2,3,2,6,0,0,1,0,0,0,1,"365123,5111","5649722,319",7.078466498,50.98327296,0,
119846,5,3,15,0,2019,9,10,2,3,5,3,0,0,1,0,0,0,0,"357206,881","5641145,815",6.969117345,50.90428755,0,
119970,5,3,15,0,2019,9,20,1,3,2,7,2,0,1,0,0,0,0,"360261,835","5644964,974",7.011074931,50.9393586,1,
119972,5,3,15,0,2019,9,22,1,2,4,6,2,0,1,0,0,0,0,"351773,5833","5643235,335",6.89104807,50.92169578,1,
119974,5,3,15,0,2019,9,15,1,2,4,2,0,0,1,0,1,0,0,"353552,5049","5648798,015",6.914103424,50.97213974,0,
119976,5,3,15,0,2019,9,18,1,3,5,2,0,0,1,0,0,0,0,"359638,56","5637289,102",7.005160857,50.87022275,1,
120006,5,3,15,0,2019,9,13,4,3,1,6,0,0,1,0,0,0,0,"362468,8381","5645126,375",7.042407014,50.9413398,0,
120084,5,3,15,0,2019,9,17,3,3,5,3,0,1,0,0,0,1,0,"364825,8111","5643100,905",7.076686553,50.92369322,0,
120086,5,3,15,0,2019,9,11,3,3,3,2,0,1,1,0,0,0,0,"364980,518","5643074,083",7.078896394,50.92348838,0,
120089,5,3,15,0,2019,9,11,3,3,0,6,0,0,0,0,1,0,0,"360682,7158","5645040,633",7.017032649,50.94014041,0,
120091,5,3,15,0,2019,9,7,3,3,5,3,0,0,1,0,1,0,0,"364650,9483","5647660,157",7.072505771,50.96462849,0,
120093,5,3,15,0,2019,9,17,3,3,4,6,0,1,0,0,0,0,0,"356385,6294","5647207,637",6.955056558,50.95856071,0,
120095,5,3,15,0,2019,9,16,3,3,5,2,0,1,1,0,0,0,0,"352089,23","5644973,73",6.894830466,50.93739892,0,
120098,5,3,15,0,2019,9,14,3,3,1,3,0,1,0,0,0,0,0,"350606,144","5645068,715",6.873698668,50.93787019,0,
120100,5,3,15,0,2019,9,17,3,3,5,2,0,0,1,0,1,0,0,"352433,3513","5647293,416",6.898784713,50.95833301,0,
120101,5,3,15,0,2019,9,9,3,3,6,4,0,0,1,1,0,0,0,"353564,3849","5646236,197",6.915303435,50.94912072,0,
120103,5,3,15,0,2019,9,13,3,3,0,1,0,0,0,0,1,0,0,"355733,2462","5643633,599",6.947189042,50.92627856,0,
120104,5,3,15,0,2019,9,12,7,3,2,6,0,0,1,0,0,0,0,"361413,0599","5640637,58",7.029094463,50.90074488,0,
120106,5,3,15,0,2019,9,11,7,3,2,6,0,0,1,0,0,0,0,"359680,4517","5641657,313",7.004078182,50.90949096,0,
120107,5,3,15,0,2019,9,16,7,3,2,7,0,0,1,0,0,0,0,"359979,8676","5647783,325",7.005980274,50.96461908,1,
120110,5,3,15,0,2019,9,20,7,3,0,1,2,0,1,0,0,0,0,"356006,991","5651107,14",6.94812435,50.99351016,1,
120112,5,3,15,0,2019,9,23,7,3,0,7,2,0,0,0,0,0,1,"353060,5565","5643837,785",6.909103145,50.92743895,1,
120114,5,3,15,0,2019,9,13,7,3,2,6,0,0,1,0,0,0,0,"357172,1577","5642969,762",6.967909876,50.92067072,0,
120219,5,3,15,0,2019,9,17,7,3,3,3,0,0,1,0,0,0,1,"360959,7003","5642346,244",7.022000199,50.91599213,1,
120332,5,3,15,0,2019,9,18,1,3,2,6,0,0,1,0,0,0,0,"349555,3567","5650291,629",6.856594726,50.98453153,0,
120334,5,3,15,0,2019,9,10,1,3,3,2,0,1,1,0,0,0,0,"357532,7363","5644043,197",6.972617164,50.93040681,0,
120336,5,3,15,0,2019,9,19,1,3,4,6,0,1,0,0,0,0,0,"356713,9512","5644637,944",6.960739474,50.93554893,0,
120355,5,3,15,0,2019,9,7,6,3,2,6,1,0,1,0,0,1,1,"351079,2595","5652807,601",6.877258229,51.0075371,0,
120357,5,3,15,0,2019,9,7,6,3,2,6,0,0,0,0,0,1,0,"350448,6126","5653563,705",6.867963891,51.01416802,0,
120429,5,3,15,0,2019,9,15,1,2,9,1,0,0,0,0,1,0,0,"356923,5665","5634924,322",6.967525082,50.84830472,0,
120471,5,3,15,0,2019,9,12,5,3,2,6,0,0,1,0,0,0,0,"365020,4064","5638865,186",7.081019883,50.88566985,0,
120473,5,3,15,0,2019,9,8,5,3,1,6,0,0,1,0,0,0,0,"361586,4609","5640477,661",7.031619539,50.89934922,1,
120475,5,3,15,0,2019,9,6,5,3,3,6,2,0,1,0,1,0,0,"362353,6166","5643785,355",7.041274534,50.92926009,1,
120477,5,3,15,0,2019,9,15,5,3,0,1,0,1,0,0,0,0,0,"361072,9429","5649363,148",7.020933188,50.97908186,0,
120480,5,3,15,0,2019,9,7,5,3,3,6,0,0,0,0,1,0,1,"365295,08","5649763,036",7.080894214,50.98367907,1,
120482,5,3,15,0,2019,9,16,5,1,0,2,0,0,0,0,0,0,1,"360237,886","5647086,047",7.009920155,50.9584152,0,
120484,5,3,15,0,2019,9,17,5,3,6,6,0,0,0,1,0,0,1,"356488,3784","5646835,724",6.956665265,50.95524398,0,
120485,5,3,15,0,2019,9,19,5,3,1,3,1,1,0,0,0,0,0,"355188,007","5644776,491",6.938981978,50.93641287,0,
120504,5,3,15,0,2019,9,14,7,3,5,6,0,0,1,0,0,0,0,"358385,0534","5645572,081",6.984143815,50.94435681,0,
120506,5,3,15,0,2019,9,11,7,3,0,1,0,0,0,0,0,0,1,"357485,003","5644947,924",6.971584544,50.93852576,0,
120507,5,3,15,0,2019,9,11,7,3,0,1,0,0,0,0,0,0,1,"358006,751","5645041,331",6.978969229,50.93949393,0,
120509,5,3,15,0,2019,9,14,7,3,3,2,0,0,1,0,1,0,0,"358234,3949","5644001,893",6.982611559,50.93020849,0,
120511,5,3,15,0,2019,9,20,7,3,5,3,2,1,1,0,0,0,0,"359789,54","5647484,603",7.003386707,50.96188815,0,
120513,5,3,15,0,2019,9,17,7,2,6,4,0,0,1,1,0,0,0,"351453,9143","5648067,405",6.884532576,50.96503676,0,
120515,5,3,15,0,2019,9,13,7,3,6,6,0,0,0,1,0,0,1,"353786,5413","5646533,127",6.918344639,50.95184552,0,
120516,5,3,15,0,2019,9,11,7,3,2,6,0,0,1,0,1,0,0,"350308,0691","5647398,089",6.868501804,50.95872548,0,
120518,5,3,15,0,2019,9,4,7,3,5,3,2,1,1,0,0,0,0,"354338,559","5645501,8",6.926610772,50.94271708,0,
120520,5,3,15,0,2019,9,4,7,3,0,7,2,0,0,0,0,0,1,"355401,1933","5646705,516",6.941248168,50.95380209,0,
120522,5,3,15,0,2019,9,0,7,3,0,7,2,0,0,0,1,0,0,"357762,7696","5640163,241",6.977400968,50.89559433,0,
120523,5,3,15,0,2019,9,1,7,3,0,1,2,1,0,0,0,0,0,"355295,7245","5645383,81",6.940272783,50.94189775,0,
120624,5,3,15,0,2019,9,8,5,3,9,1,0,0,1,0,0,0,0,"360772,405","5642829,208",7.019153078,50.92028749,1,
120632,5,3,15,0,2019,9,14,7,2,2,6,0,0,1,0,0,0,0,"350499,5968","5653529,407",6.868704328,51.01387308,0,
120634,5,3,15,0,2019,9,15,7,3,2,6,0,0,1,0,0,0,0,"351251,5378","5652587,682",6.879802246,51.00560541,0,
120719,5,3,15,0,2019,9,16,4,3,5,3,0,1,1,0,0,0,0,"363648,823","5641225,203",7.060651128,50.90655843,1,
120721,5,3,15,0,2019,9,9,6,3,5,2,0,0,1,0,0,0,0,"366377,6473","5642645,009",7.098920683,50.91995728,0,
120722,5,3,15,0,2019,9,3,4,3,8,7,2,0,1,0,0,0,0,"365671,503","5634892,691",7.091729637,50.85011798,0,
120723,5,3,15,0,2019,9,2,6,3,0,1,2,0,0,0,1,0,0,"363416,8707","5641677,74",7.057184695,50.91057077,0,
120724,5,3,15,0,2019,9,17,4,2,2,6,1,0,1,0,1,0,0,"358568,9643","5644678,632",6.987106869,50.9363725,1,
120725,5,3,15,0,2019,9,16,6,3,0,1,0,0,0,0,1,0,0,"356378,5548","5655247,265",6.951776582,51.0308092,0,
120726,5,3,15,0,2019,9,10,4,3,3,6,0,1,1,0,0,0,0,"349456,4763","5651896,096",6.854522069,50.99892374,0,
120727,5,3,15,0,2019,9,6,6,3,4,4,2,0,1,1,0,0,0,"347635,799","5648093,625",6.830188413,50.96427527,0,
120728,5,3,15,0,2019,9,5,4,2,4,6,2,1,0,0,0,0,0,"347661,7872","5658333,208",6.82625943,51.05629524,0,
120729,5,3,15,0,2019,9,12,6,2,0,7,0,1,0,0,0,0,0,"354299,7177","5644202,564",6.926577785,50.93103142,0,