OBJECTID,ULAND,UREGBEZ,UKREIS,UGEMEINDE,UJAHR,UMONAT,USTUNDE,UWOCHENTAG,UKATEGORIE,UART,UTYP1,ULICHTVERH,IstRad,IstPKW,IstFuss,IstKrad,IstGkfz,IstSonstige,LINREFX,LINREFY,XGCSWGS84,YGCSWGS84,USTRZUSTAND,UIDENTSTLAE
120731,5,3,15,0,2019,9,11,4,3,3,2,0,1,0,0,0,1,0,"351564,9063","5647980,607",6.886147494,50.96428536,0,
120733,5,3,15,0,2019,9,8,4,3,5,2,0,1,1,0,0,0,0,"353365,7471","5645862,002",6.912628253,50.94570749,0,
120735,5,3,15,0,2019,9,23,4,3,3,6,2,0,1,0,0,0,0,"358157,3743","5640871,752",6.98273328,50.90205882,1,
120736,5,3,15,0,2019,9,15,4,3,8,1,0,0,0,0,1,0,0,"356039,821","5639996,125",6.95298329,50.89366556,1,
120739,5,3,15,0,2019,9,8,4,3,3,6,0,0,1,0,1,0,0,"355113,0437","5643631,422",6.938370971,50.92610357,0,
120802,5,3,15,0,2019,9,13,4,3,2,6,0,0,1,0,0,0,0,"360529,1686","5654642,373",7.011163592,51.02639521,0,
120803,5,3,15,0,2019,9,8,4,3,3,6,0,0,1,0,0,0,0,"350342,2365","5650871,945",6.867558154,50.9899515,0,
120804,5,3,15,0,2019,9,16,4,3,2,6,0,0,1,0,0,0,0,"348192,6773","5658371,551",6.833812903,51.05678037,0,
120836,5,3,15,0,2019,9,9,3,3,5,2,0,0,1,0,1,0,0,"359039,469","5642227,093",6.994746615,50.91445548,0,
120837,5,3,15,0,2019,9,8,3,3,1,6,0,0,1,0,0,0,0,"357927,2663","5644766,086",6.97794598,50.93700072,0,
120838,5,3,15,0,2019,9,12,3,3,5,3,0,0,1,0,1,0,0,"358628,9485","5640082,947",6.989740896,50.8950854,0,
120839,5,3,15,0,2019,9,17,3,2,5,2,0,1,1,0,0,0,0,"353355,3961","5644869,419",6.912880568,50.93678489,0,
120840,5,3,15,0,2019,9,18,3,3,1,5,0,1,1,0,0,0,0,"356532,7876","5643037,477",6.958792728,50.92112066,0,
120905,5,3,15,0,2019,9,6,3,3,2,6,2,0,0,0,0,1,1,"362917,1737","5646381,443",7.048312129,50.95272632,0,
120935,5,3,15,0,2019,9,18,2,3,4,2,1,0,1,0,1,0,0,"363802,0295","5641070,817",7.062886486,50.90520705,1,
120936,5,3,15,0,2019,9,16,2,3,0,7,0,0,1,1,0,0,0,"357922,3327","5644720,322",6.977893654,50.93658822,0,
120937,5,3,15,0,2019,9,18,2,3,4,3,0,1,1,0,0,0,0,"349343,782","5644118,736",6.856137737,50.92900499,1,
120938,5,3,15,0,2019,9,18,2,3,2,6,0,0,1,0,1,0,0,"354702,4105","5643067,499",6.932756733,50.92093245,1,
121030,5,3,15,0,2019,9,16,2,3,2,6,0,0,1,0,0,0,0,"360675,4459","5653360,517",7.01374063,51.01491057,1,
121123,5,3,15,0,2019,9,15,6,3,2,6,0,0,1,0,0,1,0,"365753,5926","5639594,775",7.091169188,50.892398,0,
121125,5,3,15,0,2019,9,12,6,3,2,6,0,0,1,0,0,0,0,"362484,4291","5645126,039",7.042628922,50.94134049,0,
121128,5,3,15,0,2019,9,17,6,3,3,6,0,0,1,0,0,1,0,"351234,5638","5641936,723",6.88391407,50.90988709,0,
121180,5,3,15,0,2019,9,17,5,3,1,6,0,0,1,0,0,0,0,"363533,1618","5641449,948",7.058923034,50.908551,0,
121181,5,3,15,0,2019,9,14,5,2,6,4,0,0,1,1,0,0,0,"357432,3292","5644284,972",6.971094708,50.93255482,0,
121182,5,3,15,0,2019,9,18,5,3,0,2,0,0,1,0,0,0,0,"361441,681","5647318,717",7.026961547,50.96079698,0,
121183,5,3,15,0,2019,9,20,5,3,5,3,2,1,1,0,0,0,0,"353513,7654","5646167,786",6.914610833,50.94849308,0,
121184,5,3,15,0,2019,9,15,5,3,2,6,0,0,1,0,0,1,0,"350397,8117","5648522,345",6.86931644,50.96885173,0,
121185,5,3,15,0,2019,9,12,5,3,5,3,0,1,1,0,0,0,0,"356334,6841","5641119,075",6.956731407,50.90383086,0,
121254,5,3,15,0,2019,9,14,5,2,0,1,0,0,0,0,1,0,0,"361745,3471","5647989,061",7.03102821,50.96689447,0,
121256,5,3,15,0,2019,9,19,5,3,1,6,1,0,1,0,0,0,0,"364103,7575","5641367,495",7.067064826,50.90794456,0,
121260,5,3,15,0,2019,9,8,5,3,2,6,0,0,1,0,0,0,0,"351255,6239","5641920,602",6.884219987,50.90974764,0,
121315,5,3,15,0,2019,9,7,4,3,5,3,0,0,1,0,0,0,0,"365078,3089","5638522,098",7.081969237,50.88259982,0,
121316,5,3,15,0,2019,9,15,4,3,3,2,0,1,0,0,0,1,0,"349279,302","5656797,312",6.84996193,51.04292036,0,
121318,5,3,15,0,2019,9,6,4,3,2,6,1,0,1,0,1,0,0,"355880,5758","5646808,427",6.948028033,50.954847,0,
121319,5,3,15,0,2019,9,15,4,3,0,2,0,1,1,0,0,0,0,"353243,364","5644877,435",6.911283975,50.93682843,0,
121320,5,3,15,0,2019,9,7,4,3,1,6,1,0,1,0,0,0,0,"353923,5335","5646130,89",6.920455009,50.9482655,0,
121321,5,3,15,0,2019,9,17,4,3,1,6,0,0,1,0,0,0,0,"350429,8406","5646627,742",6.870550992,50.95183449,0,
121322,5,3,15,0,2019,9,15,4,3,0,7,0,1,0,0,0,0,0,"350058,813","5644991,181",6.865946258,50.9370314,0,
121323,5,3,15,0,2019,9,17,4,3,3,6,0,0,1,0,0,0,0,"353973,6101","5642188,664",6.922746673,50.91285063,0,
121341,5,3,15,0,2019,9,6,1,3,0,1,2,1,0,0,0,0,0,"353375,6002","5641159,363",6.914659383,50.90344902,0,
121369,5,3,15,0,2019,9,8,6,3,5,7,0,1,1,0,0,0,0,"356161,9423","5648776,779",6.951253196,50.97260648,0,
121428,5,3,15,0,2019,9,15,7,3,2,6,0,0,1,0,0,0,0,"350717,956","5643541,049",6.875914549,50.92417091,0,
121435,5,3,15,0,2019,9,8,2,3,2,6,0,0,1,0,0,0,1,"375771,9413","5644983,79",7.231707951,50.94307812,1,
121438,5,3,15,0,2019,9,18,1,3,5,3,1,1,1,0,0,0,0,"363026,725","5638035,488",7.053004356,50.8777437,0,
121479,5,3,15,0,2019,9,14,1,3,2,6,0,0,1,0,0,0,0,"363346,2","5643660,664",7.055437135,50.92837545,0,
121482,5,3,15,0,2019,9,11,7,3,4,7,0,0,1,0,0,0,0,"358217,177","5640790,729",6.983614686,50.90134535,0,
121506,5,3,15,0,2019,9,6,2,3,2,6,2,0,1,0,0,1,0,"356960,6406","5639018,504",6.966450613,50.88510847,1,
121509,5,3,15,0,2019,9,23,1,3,3,6,2,0,1,0,0,0,0,"355247,6705","5645115,993",6.939695667,50.93947888,1,
121541,5,3,15,0,2019,9,15,7,2,4,5,0,0,1,0,1,0,0,"362352,0911","5648143,88",7.039605225,50.96843117,0,
121548,5,3,15,0,2019,9,12,2,3,3,6,0,0,1,0,0,1,0,"366007,8804","5636914,825",7.095765071,50.86837043,1,
121559,5,3,15,0,2019,9,18,6,3,2,6,0,0,1,0,0,0,0,"350378,6306","5646595,252",6.8698358,50.95152923,0,
121565,5,3,15,0,2019,9,21,6,3,3,3,2,0,1,0,0,0,0,"352074,4975","5651054,658",6.892148397,50.99204123,0,
121569,5,3,15,0,2019,9,7,7,3,2,6,0,0,1,0,0,0,0,"357080,145","5639789,805",6.967846736,50.89206974,1,
121574,5,3,15,0,2019,9,18,6,3,0,1,0,1,0,0,0,0,0,"349682,0858","5649302,199",6.858808074,50.97567337,0,
121581,5,3,15,0,2019,9,18,6,3,5,3,0,0,1,0,0,0,0,"356928,976","5636597,25",6.966948043,50.86334075,0,
121605,5,3,15,0,2019,9,17,7,3,1,5,0,1,1,0,0,0,0,"354144,7761","5645975,52",6.923664636,50.94692526,0,
121612,5,3,15,0,2019,9,4,2,3,8,7,2,0,1,0,0,0,0,"359046,8832","5643516,932",6.994353541,50.92604922,1,
121620,5,3,15,0,2019,9,13,6,3,6,7,0,0,0,1,0,0,1,"363277,175","5643723,7",7.054431883,50.92892563,0,
121640,5,3,15,0,2019,9,16,4,3,0,3,0,1,1,0,0,0,0,"366408,075","5641469,777",7.099783667,50.90940172,1,
121641,5,3,15,0,2019,9,12,4,3,5,3,0,1,1,0,0,0,0,"352554,8253","5647205,844",6.900548627,50.95757714,0,
121642,5,3,15,0,2019,9,13,4,3,6,4,0,0,1,1,0,0,0,"352600,1587","5647178,475",6.901204744,50.95734278,0,
121643,5,3,15,0,2019,9,9,4,2,0,7,0,1,0,0,0,0,0,"352687,3332","5644915,139",6.903360671,50.93702549,1,
121644,5,3,15,0,2019,9,8,4,3,1,6,0,0,1,0,0,0,0,"357973,7071","5641135,388",6.980020363,50.90438299,0,
121645,5,3,15,0,2019,9,18,4,3,3,2,0,0,1,0,1,0,0,"355747,6871","5645926,815",6.946486556,50.94689088,1,
121768,5,3,15,0,2019,9,18,3,3,1,5,0,1,1,0,0,0,0,"356307,301","5647901,853",6.953667841,50.96477998,0,
121769,5,3,15,0,2019,9,23,3,3,8,1,2,0,1,0,0,0,0,"353205,2765","5655395,254",6.906493662,51.03133741,1,
121770,5,3,15,0,2019,9,9,3,3,2,6,0,0,1,0,0,0,0,"354338,559","5645501,8",6.926610772,50.94271708,0,
121771,5,3,15,0,2019,9,9,3,3,2,6,0,0,1,0,1,0,1,"354788,2804","5646138,726",6.93275383,50.9485544,0,
121772,5,3,15,0,2019,9,10,3,3,6,7,0,1,0,1,0,0,0,"352943,249","5643818,707",6.907442787,50.92723761,0,
121831,5,3,15,0,2019,9,21,3,2,2,6,2,0,1,0,0,1,0,"348261,0067","5643905,063",6.840830258,50.92680107,1,
121885,5,3,15,0,2019,9,13,2,3,5,2,0,1,1,0,0,0,0,"359509,0173","5646712,482",6.999692699,50.9548807,0,
121887,5,3,15,0,2019,9,8,2,3,0,1,0,0,0,0,1,0,0,"350587,5296","5649352,39",6.871675425,50.97636003,1,
121889,5,3,15,0,2019,9,14,2,3,8,1,0,1,0,0,0,0,0,"354320,0338","5644138,629",6.926892249,50.93046198,0,
121891,5,3,15,0,2019,9,9,2,3,5,3,0,0,1,0,0,0,0,"355435,282","5645708,929",6.942128845,50.94485454,1,
121924,5,3,15,0,2019,9,10,5,3,0,1,0,0,0,0,1,0,0,"359223,8485","5643425,889",6.996905116,50.92527421,1,
121926,5,3,15,0,2019,9,8,5,3,2,6,0,0,1,0,0,0,0,"360919,9151","5649674,815",7.018635388,50.98184591,1,
121928,5,3,15,0,2019,9,15,5,3,9,1,0,0,1,0,0,0,0,"400692,8366","5648008,162",7.585482535,50.97509846,1,
122021,5,3,15,0,2019,9,23,7,2,9,1,2,0,1,0,0,0,0,"348138,5272","5658955,856",6.832795587,51.0620166,0,
122022,5,3,15,0,2019,9,16,7,3,2,6,0,0,1,0,0,0,0,"357139,5292","5638088,312",6.969355646,50.87679306,0,
122023,5,3,15,0,2019,9,8,7,2,9,7,0,0,0,0,1,0,1,"352452,563","5651148,678",6.897493532,50.99298318,1,
122058,5,3,15,0,2019,9,15,6,2,2,6,0,0,1,0,0,0,0,"356419,8494","5656786,627",6.951755021,51.0446533,0,
122061,5,3,15,0,2019,9,14,6,3,6,4,0,0,1,1,0,0,0,"360012,868","5648032,983",7.006353855,50.9668708,0,
122062,5,3,15,0,2019,9,22,6,3,0,7,2,1,1,0,0,0,1,"353720,8973","5646294,404",6.91750663,50.94968355,0,
122063,5,3,15,0,2019,9,9,6,3,0,1,0,1,0,0,0,0,0,"354533,0493","5643503,666",6.930174815,50.9248095,0,
122155,5,3,15,0,2019,9,14,6,3,2,6,0,0,1,0,0,0,0,"360696,9373","5653166,089",7.014121481,51.01316844,0,
122158,5,3,15,0,2019,9,11,2,3,3,6,0,0,1,0,0,0,0,"362533,3944","5644994,587",7.043375054,50.94017076,0,
122159,5,3,15,0,2019,9,8,2,2,2,6,0,0,1,0,0,0,0,"358895,731","5643639,872",6.992156601,50.92711714,0,
122160,5,3,15,0,2019,9,15,6,3,3,6,0,0,1,0,1,0,0,"356697,382","5638929,016",6.962745556,50.884239,0,
122161,5,3,15,0,2019,9,8,2,3,2,6,0,0,1,0,0,0,0,"361862,5347","5647546,921",7.032863987,50.96294896,1,
122163,5,3,15,0,2019,9,16,2,3,2,6,0,0,1,0,0,0,0,"357111,4381","5638682,808",6.968724258,50.88212888,0,
122214,5,3,15,0,2019,9,7,1,3,2,7,0,0,1,0,0,0,0,"359979,3916","5647786,543",7.005972261,50.96464788,0,
122215,5,3,15,0,2019,9,0,1,3,3,6,2,1,1,0,0,0,0,"353659,1131","5646361,559",6.916600674,50.95027136,0,
122216,5,3,15,0,2019,9,2,1,3,0,7,2,1,0,0,0,0,0,"352732,664","5647102,149",6.903120991,50.95669076,1,
122219,5,3,15,0,2019,9,16,1,3,2,6,0,0,1,0,0,0,0,"354622,5283","5645954,876",6.93046921,50.94686042,1,
122272,5,3,15,0,2019,9,15,5,2,5,3,0,0,1,0,0,1,0,"367865,2015","5645364,503",7.119086306,50.944742,1,
122274,5,3,15,0,2019,9,20,1,2,2,6,2,0,1,0,0,0,0,"362470,5296","5645122,704",7.042432462,50.94130721,0,
122279,5,3,15,0,2019,9,1,1,3,2,7,2,0,1,0,0,0,0,"351107,0607","5651198,535",6.878314092,50.9930847,0,
122296,5,3,15,0,2019,9,20,5,3,5,3,2,0,1,0,1,0,0,"365783,69","5634634,942",7.093416889,50.84782744,1,
122298,5,3,15,0,2019,9,21,5,3,1,3,2,0,1,0,0,0,0,"359825,8062","5647465,327",7.003910232,50.96172374,1,
122300,5,3,15,0,2019,9,15,5,3,3,6,0,0,1,0,1,0,0,"354478,66","5644828,27",6.928872645,50.93669964,1,
122303,5,3,15,0,2019,9,19,5,3,0,7,2,1,1,0,0,0,0,"352999,9606","5644469,164",6.907986887,50.93309746,1,
122335,5,3,15,0,2019,9,19,7,3,9,1,2,0,1,0,0,0,0,"363038,0004","5639323,013",7.052682044,50.88931799,1,
122336,5,3,15,0,2019,9,19,7,3,2,6,1,0,1,0,0,0,0,"348893,9929","5643004,112",6.850203851,50.91887102,1,
122338,5,3,15,0,2019,9,19,7,2,6,4,2,0,0,1,0,0,1,"354296,8334","5642490,479",6.927220839,50.91564465,1,
122339,5,3,15,0,2019,9,11,7,3,2,6,0,0,1,0,0,0,0,"355260,7462","5644357,62",6.940182874,50.93266683,1,
122414,5,3,15,0,2019,10,7,4,3,2,6,0,0,1,0,0,0,0,"362174,7276","5646080,424",7.037862274,50.9498439,1,
122415,5,3,15,0,2019,10,17,4,3,2,6,0,0,1,0,0,0,0,"363933,5863","5642898,8",7.064074746,50.92166707,0,
122462,5,3,15,0,2019,10,20,3,2,5,3,2,0,1,0,0,0,0,"365069,394","5641629,592",7.080694494,50.9105267,1,
122463,5,3,15,0,2019,10,18,3,3,8,1,0,0,0,0,1,0,0,"361677,1971","5644719,542",7.031300498,50.9374941,1,
122464,5,3,15,0,2019,10,5,3,3,9,1,2,0,1,0,0,0,0,"361955,7508","5648027,399",7.034008264,50.96728948,1,
122465,5,3,15,0,2019,10,5,3,3,5,3,2,1,1,0,0,0,0,"350739,257","5652191,549",6.872668674,51.00191295,1,
122466,5,3,15,0,2019,10,15,3,3,2,6,0,0,1,0,0,0,1,"351060,562","5658882,007",6.87449512,51.06211845,1,
122467,5,3,15,0,2019,10,16,3,3,5,2,0,0,1,1,0,0,0,"352627,3077","5647162,459",6.901597521,50.9572058,1,
122468,5,3,15,0,2019,10,10,3,2,8,1,0,0,0,0,1,0,0,"354935,7521","5646388,024",6.93475247,50.95083191,1,
122469,5,3,15,0,2019,10,7,3,2,0,7,1,0,1,0,1,0,0,"354686,8601","5638030,751",6.934539844,50.87566427,1,
122470,5,3,15,0,2019,10,7,3,2,8,1,1,0,1,0,0,0,0,"355512,6713","5639696,16",6.945611359,50.89083817,1,
122471,5,3,15,0,2019,10,12,3,3,5,3,0,0,1,0,0,0,0,"357024,6346","5641115,85",6.966538814,50.90397315,1,
122472,5,3,15,0,2019,10,16,3,3,5,3,0,1,1,0,0,0,0,"354365,0515","5643975,711",6.927597516,50.92900926,0,
122473,5,3,15,0,2019,10,17,3,3,0,1,0,1,0,0,0,0,0,"355286,2103","5644185,469",6.940613359,50.93112614,1,
122608,5,3,15,0,2019,10,4,5,3,8,1,2,0,1,0,0,0,0,"355684,6089","5638935,756",6.948354687,50.88404748,0,
122626,5,3,15,0,2019,10,11,3,2,2,6,0,0,0,0,0,1,0,"347707,7343","5660290,357",6.82609057,51.07389421,1,
122698,5,3,15,0,2019,10,20,4,3,2,6,2,0,1,0,0,0,0,"355912,6561","5646830,449",6.948475761,50.95505293,0,
122700,5,3,15,0,2019,10,8,4,3,5,3,0,1,1,0,0,0,0,"354788,2804","5646138,726",6.93275383,50.9485544,1,
122703,5,3,15,0,2019,10,20,4,3,5,2,2,0,1,0,0,0,0,"353656,898","5648665,386",6.915642647,50.97097439,0,
122705,5,3,15,0,2019,10,7,4,3,0,1,1,0,0,0,1,0,0,"354065,0639","5644825,488",6.922991396,50.93657012,1,
122707,5,3,15,0,2019,10,8,4,3,5,2,0,1,1,0,0,0,0,"355189,6227","5644667,087",6.939048433,50.93543009,1,
122708,5,3,15,0,2019,9,8,2,3,2,6,0,0,1,0,0,0,0,"361284,4262","5646147,144",7.02517018,50.95022996,0,
122709,5,3,15,0,2019,10,15,4,3,1,2,0,1,1,0,0,0,0,"355289,7177","5645353,799",6.940199263,50.94162654,0,
122710,5,3,15,0,2019,9,15,2,1,1,2,0,0,0,0,1,1,0,"359591,1741","5646861,272",7.000804288,50.95623792,0,
122712,5,3,15,0,2019,9,17,2,3,3,5,0,1,1,0,0,0,0,"356235,8596","5646966,454",6.95302069,50.9563559,0,
122713,5,3,15,0,2019,9,18,2,2,2,6,0,0,1,0,0,0,0,"355709,8609","5646726,941",6.945631364,50.95407198,0,
122716,5,3,15,0,2019,9,3,2,3,3,2,2,1,1,0,0,0,0,"351738,756","5643568,261",6.890417554,50.92467867,0,
122786,5,3,15,0,2019,10,6,2,3,2,6,2,0,1,0,0,0,0,"347597,8861","5644114,286",6.831314134,50.92850638,1,
122811,5,3,15,0,2019,10,17,1,2,6,4,0,0,1,1,0,0,0,"365228,3748","5635614,044",7.085172767,50.85649822,1,
122812,5,3,15,0,2019,10,19,1,3,6,2,2,0,1,1,0,0,0,"360012,868","5648032,983",7.006353855,50.9668708,1,
122813,5,3,15,0,2019,10,13,1,2,5,3,0,0,1,0,0,0,0,"353206,897","5645201,989",6.91063457,50.93973579,1,
122830,5,3,15,0,2019,10,19,1,3,2,6,2,0,1,0,0,0,0,"362854,7372","5644449,302",7.048151279,50.93534661,1,
122831,5,3,15,0,2019,10,17,1,3,2,6,0,0,1,0,0,0,0,"357109,7241","5638881,536",6.968622217,50.88391442,0,
122899,5,3,15,0,2019,10,20,7,2,5,3,2,1,1,0,0,0,0,"362248,478","5651270,979",7.03694521,50.99651042,0,
122900,5,3,15,0,2019,10,15,3,3,1,6,0,0,1,0,0,0,0,"363649,6113","5641224,108",7.060662742,50.90654877,0,
122901,5,3,15,0,2019,10,21,7,3,2,6,2,0,1,0,0,0,0,"356430,87","5647042,982",6.955765259,50.95709226,0,
122902,5,3,15,0,2019,10,18,3,3,1,2,1,0,1,0,0,0,0,"353433,743","5641240,742",6.915453052,50.90419511,1,
122903,5,3,15,0,2019,10,14,3,3,1,5,0,1,1,0,0,0,0,"353598,9614","5646426,686",6.915718736,50.95084136,1,
122904,5,3,15,0,2019,10,19,7,3,4,2,2,0,1,0,0,0,0,"358617,2004","5636993,463",6.9907689,50.86731688,0,
122905,5,3,15,0,2019,10,17,3,3,2,6,0,0,1,0,0,0,0,"355383,386","5646703,261",6.940995705,50.95377735,1,
122907,5,3,15,0,2019,10,8,3,2,4,1,0,0,1,0,0,0,0,"355653,257","5636304,777",6.948947684,50.86039523,1,
122908,5,3,15,0,2019,10,9,3,3,5,3,0,1,0,0,1,0,0,"351718,3393","5642119,817",6.890716055,50.91165694,1,
123061,5,3,15,0,2019,10,7,6,3,1,5,1,1,1,0,0,0,0,"366847,9592","5637833,393",7.107362463,50.87682044,1,
123062,5,3,15,0,2019,10,9,3,3,1,6,0,0,1,0,0,0,0,"360748,2937","5642285,839",7.019017686,50.91539828,1,
123063,5,3,15,0,2019,10,12,6,3,6,2,0,0,1,1,0,0,0,"360012,868","5648032,983",7.006353855,50.9668708,1,
123065,5,3,15,0,2019,10,14,6,2,0,1,0,0,0,0,0,0,1,"355960,7176","5649702,234",6.948022369,50.98087304,1,
123068,5,3,15,0,2019,10,11,6,3,2,6,0,0,1,0,1,0,0,"349385,8114","5643919,79",6.856817564,50.92722817,1,
123070,5,3,15,0,2019,10,20,6,3,5,2,2,0,0,0,1,0,1,"354209,0118","5636701,896",6.928282159,50.86360174,1,
123133,5,3,15,0,2019,10,7,2,3,2,6,1,0,1,0,1,0,0,"363258,3962","5639538,02",7.055733217,50.89130257,1,
123135,5,3,15,0,2019,10,7,2,3,2,2,0,0,1,0,1,0,0,"364071,5308","5645564,87",7.065041813,50.94566082,1,
123137,5,3,15,0,2019,10,13,2,3,1,7,0,1,1,0,0,0,0,"353710,8276","5646305,311",6.917358992,50.94977901,0,
123139,5,3,15,0,2019,10,8,2,3,5,2,0,1,1,0,0,0,0,"355482,6088","5643804,307",6.94355744,50.92774995,0,
123219,5,3,15,0,2019,10,17,6,3,3,1,0,0,1,0,0,1,0,"360676,8296","5653164,136",7.013835764,51.01314602,1,
123234,5,3,15,0,2019,10,8,2,3,2,6,0,0,1,0,0,0,0,"364104,0185","5641363,871",7.067069886,50.90791205,0,
123236,5,3,15,0,2019,10,7,2,3,3,6,1,0,1,0,0,1,0,"348822,1964","5644403,998",6.848602769,50.93143196,1,
123265,5,3,15,0,2019,10,7,6,2,2,6,0,0,1,0,0,1,0,"350845,7008","5653098,032",6.873812122,51.01008648,0,
123344,5,3,15,0,2019,10,18,1,3,2,6,0,0,1,0,0,0,0,"362766,4303","5644588,839",7.046842726,50.93657967,0,
123345,5,3,15,0,2019,10,8,5,3,3,6,0,0,1,0,0,1,0,"360793,9414","5645959,177",7.018263695,50.94842241,1,
123347,5,3,15,0,2019,10,15,5,3,2,6,0,0,1,0,0,0,0,"361980,3638","5648034,643",7.034355828,50.96736048,0,
123349,5,3,15,0,2019,10,12,5,3,5,5,0,0,1,0,0,0,1,"357893,9475","5644501,352",6.977575325,50.93461335,0,
123351,5,3,15,0,2019,10,17,5,3,2,6,0,0,1,0,0,0,0,"353191,7059","5645180,633",6.910427107,50.93954,0,
123353,5,3,15,0,2019,10,7,5,3,8,2,0,1,1,0,0,0,0,"351673,717","5644984,3",6.888916578,50.93738719,1,
123354,5,3,15,0,2019,10,22,5,3,0,1,2,1,0,0,0,0,0,"353991,572","5644828,878",6.921944806,50.93658198,0,
123356,5,3,15,0,2019,10,8,5,3,2,6,0,0,1,0,0,0,0,"355439,1531","5643889,86",6.94290558,50.92850791,1,
123436,5,3,15,0,2019,10,16,7,3,0,6,0,0,0,0,1,0,0,"362103,646","5644276,353",7.037533892,50.93361315,1,
123438,5,3,15,0,2019,10,15,7,3,2,6,0,0,1,0,0,0,0,"355089,4538","5646520,548",6.936886422,50.95206152,0,
123441,5,3,15,0,2019,10,20,7,3,5,3,2,0,1,1,0,0,0,"353579,1758","5646448,107",6.915428637,50.95102884,0,
123442,5,3,15,0,2019,10,5,7,3,0,7,2,1,0,1,0,0,0,"346891,7119","5647100,245",6.820018028,50.95515145,0,
123444,5,3,15,0,2019,10,17,7,3,2,6,0,0,1,0,0,0,0,"356942,9107","5634841,946",6.96783187,50.84756918,0,
123446,5,3,15,0,2019,10,17,7,3,5,2,0,1,1,0,0,0,0,"355269,8429","5645231,708",6.939965066,50.94052435,0,
123470,5,3,15,0,2019,10,17,5,3,3,6,0,0,1,0,0,1,0,"362978,4586","5642836,985",7.050516988,50.92088548,0,
123519,5,3,15,0,2019,10,8,4,3,2,6,0,0,1,0,0,0,0,"357405,664","5644135,766",6.970773858,50.93120733,0,
123521,5,3,15,0,2019,10,5,4,2,6,2,2,0,1,1,0,0,0,"360458,117","5646827,83",7.013153019,50.95614794,0,
123523,5,3,15,0,2019,10,9,4,3,8,6,0,0,0,0,1,1,0,"351697,0791","5643779,365",6.889739108,50.92656505,0,
123524,5,3,15,0,2019,10,9,4,3,0,1,0,1,0,0,0,0,0,"354040,0839","5644420,275",6.922798415,50.93292227,0,
123547,5,3,15,0,2019,10,22,7,2,3,6,2,0,1,0,0,1,0,"371707,1325","5646502,807",7.1733442,50.95584087,0,
123552,5,3,15,0,2019,10,19,7,3,2,6,2,0,1,0,0,0,0,"357158,9496","5637581,074",6.969829642,50.87223929,0,
123654,5,3,15,0,2019,10,8,6,3,0,1,0,0,0,0,0,0,1,"361012,3979","5647750,909",7.020687452,50.96457778,0,
123656,5,3,15,0,2019,10,12,6,3,0,7,0,1,0,0,0,0,0,"359764,4789","5649519,303",7.002245459,50.98016805,0,
123657,5,3,15,0,2019,10,7,4,3,2,6,1,0,1,0,0,0,0,"348890,4406","5644876,646",6.849377247,50.93569719,0,
123658,5,3,15,0,2019,10,14,6,2,1,5,0,1,0,0,0,0,1,"354018,4838","5646064,245",6.921832488,50.94769063,0,
123661,5,3,15,0,2019,10,16,6,3,0,4,0,1,0,1,0,0,0,"353046,7029","5644956,859",6.908454954,50.9374921,0,
123663,5,3,15,0,2019,10,6,6,3,2,6,2,0,1,0,0,0,0,"355711,46","5635198,313",6.950210246,50.85046601,0,
123665,5,3,15,0,2019,10,16,6,3,5,2,0,1,1,0,0,0,0,"353454,196","5643032,668",6.915024085,50.92030377,0,
123666,5,3,15,0,2019,10,14,6,3,0,4,0,1,0,1,0,0,0,"354741,601","5644805,463",6.932621428,50.93656097,0,
123731,5,3,15,0,2019,10,7,6,3,2,6,2,0,1,0,0,0,0,"362876,9369","5644414,258",7.048480215,50.93503693,0,
123739,5,3,15,0,2019,10,6,4,3,2,6,2,0,1,0,0,0,0,"366095,721","5635125,706",7.09766731,50.85231062,1,
123807,5,3,15,0,2019,10,19,3,3,6,2,2,0,1,1,0,0,0,"365101,9932","5638404,891",7.082348987,50.88155194,1,
123808,5,3,15,0,2019,10,18,3,3,1,6,2,0,1,0,0,0,0,"359286,6347","5644770,306",6.9972789,50.93737195,1,
123810,5,3,15,0,2019,10,16,3,3,0,5,0,0,1,0,0,0,0,"360884,0376","5644279,307",7.02018699,50.93334681,0,
123811,5,3,15,0,2019,10,8,3,3,5,2,0,1,1,0,0,0,0,"361990,2549","5648037,554",7.034495501,50.96738901,0,
123813,5,3,15,0,2019,10,16,3,3,2,6,0,0,1,0,0,0,0,"354160,9423","5636568,67",6.927652657,50.86239234,0,
123836,5,3,15,0,2019,10,5,5,3,8,1,2,0,1,0,0,0,0,"360306,923","5643279,441",7.012362268,50.92422132,1,
123837,5,3,15,0,2019,10,17,5,3,0,3,0,1,1,0,0,0,0,"358171,356","5644790,58",6.981408153,50.93728093,1,
123838,5,3,15,0,2019,10,9,5,3,2,6,0,0,1,0,0,0,0,"358171,356","5644790,58",6.981408153,50.93728093,1,