OBJECTID,ULAND,UREGBEZ,UKREIS,UGEMEINDE,UJAHR,UMONAT,USTUNDE,UWOCHENTAG,UKATEGORIE,UART,UTYP1,ULICHTVERH,IstRad,IstPKW,IstFuss,IstKrad,IstGkfz,IstSonstige,LINREFX,LINREFY,XGCSWGS84,YGCSWGS84,USTRZUSTAND,UIDENTSTLAE
126891,5,3,15,0,2019,11,5,2,3,6,4,2,0,1,1,0,0,0,"355369,3452","5648340,006",6.940145378,50.96848283,1,
126892,5,3,15,0,2019,11,15,2,3,2,6,0,0,1,0,0,0,0,"355856,6628","5646792,036",6.947694284,50.95469372,0,
126893,5,3,15,0,2019,11,6,2,3,7,1,2,0,0,0,1,0,0,"355059,1776","5638921,206",6.939475206,50.88376016,1,
126895,5,3,15,0,2019,11,17,2,3,8,1,2,0,1,0,0,0,0,"357468,2896","5635776,641",6.974926195,50.85609906,1,
126897,5,3,15,0,2019,11,15,2,2,5,2,0,0,1,0,0,0,1,"354401,845","5642603,166",6.928668721,50.91668384,1,
126898,5,3,15,0,2019,11,7,2,3,5,3,2,1,1,0,0,0,0,"356576,7492","5643031,699",6.959420047,50.92107966,1,
127066,5,3,15,0,2019,11,19,2,3,3,1,2,0,1,0,0,1,0,"360618,3961","5653669,991",7.012808914,51.01767801,1,
127069,5,3,15,0,2019,11,11,2,3,9,1,0,0,1,0,0,0,0,"357203,8434","5639195,888",6.969836523,50.88676279,1,
127097,5,3,15,0,2019,11,18,1,3,9,4,2,0,1,1,0,0,0,"361538,0898","5645197,65",7.029140178,50.9417576,1,
127098,5,3,15,0,2019,11,15,5,3,2,6,0,0,1,0,0,1,0,"362550,2087","5636923,141",7.046653218,50.86763338,0,
127099,5,3,15,0,2019,11,8,5,2,6,4,0,0,1,1,0,0,0,"360897,4972","5644277,125",7.020379249,50.93333045,0,
127106,5,3,15,0,2019,11,17,5,3,6,7,1,0,1,1,0,0,0,"360540,6396","5648883,828",7.013539071,50.97464547,0,
127108,5,3,15,0,2019,11,17,5,3,6,4,2,0,1,1,0,0,0,"359786,9687","5647403,294",7.003381446,50.96115679,0,
127110,5,3,15,0,2019,11,8,5,3,2,6,0,0,1,0,0,0,0,"355370,1297","5648340,116",6.940156499,50.96848402,0,
127112,5,3,15,0,2019,11,19,5,3,6,2,2,0,1,1,0,0,0,"352732,664","5647102,149",6.903120991,50.95669076,0,
127113,5,3,15,0,2019,11,16,5,3,5,3,0,1,1,0,0,0,0,"357096,1629","5643102,825",6.966777246,50.92184774,0,
127148,5,3,15,0,2019,11,19,1,2,9,1,2,0,1,0,0,0,0,"364176,571","5646033,622",7.066361321,50.94989846,1,
127150,5,3,15,0,2019,11,17,1,2,2,6,2,0,1,0,0,0,0,"349941,773","5650634,807",6.861954224,50.98771626,1,
127152,5,3,15,0,2019,11,17,1,3,3,6,2,0,1,0,0,0,0,"351494,7374","5652268,67",6.883396692,51.00280149,1,
127206,5,3,15,0,2019,11,2,7,3,2,6,2,0,1,0,0,0,0,"356281,497","5646998,066",6.953657571,50.95665138,0,
127235,5,3,15,0,2019,11,15,5,2,6,2,0,0,1,1,0,0,0,"364276,6336","5648046,257",7.067034371,50.96801047,0,
127239,5,3,15,0,2019,11,9,5,3,0,1,0,0,0,0,1,0,0,"359316,7448","5647721,07",6.996567009,50.96389804,2,
127241,5,3,15,0,2019,11,17,5,3,1,6,2,0,1,0,0,0,0,"354999,484","5635103,881",6.94014014,50.84943932,1,
127244,5,3,15,0,2019,11,7,5,3,0,1,2,0,0,0,1,0,0,"353213,6538","5641509,194",6.912217093,50.90655169,0,
127279,5,3,15,0,2019,11,15,7,3,2,6,0,0,1,0,0,0,0,"357941,3144","5646586,135",6.97743588,50.95336092,0,
127281,5,3,15,0,2019,11,16,7,2,0,1,0,0,0,0,0,0,1,"354481,7057","5643693,454",6.929369022,50.92650213,0,
127427,5,3,15,0,2019,11,11,4,3,6,4,0,0,1,1,0,0,0,"351185,0268","5651995,826",6.879097548,51.00026959,0,
127429,5,3,15,0,2019,11,19,4,3,1,7,2,1,1,0,0,0,0,"356504,1529","5646415,174",6.957055482,50.9514685,0,
127431,5,3,15,0,2019,11,13,4,3,6,4,0,0,0,1,0,0,1,"353991,7808","5644849,314",6.921939587,50.93676569,0,
127490,5,3,15,0,2019,11,18,6,3,6,4,2,0,1,1,0,0,0,"363224,97","5639142,316",7.055406371,50.88773828,0,
127492,5,3,15,0,2019,11,7,6,2,0,1,0,1,0,0,0,0,0,"361163,02","5649465,038",7.022176635,50.98001929,1,
127496,5,3,15,0,2019,11,11,6,3,0,7,0,0,1,0,0,0,0,"355932,5497","5646843,961",6.948753465,50.95517934,1,
127498,5,3,15,0,2019,11,17,6,2,2,7,2,0,1,0,0,0,0,"355861,9844","5650226,129",6.946409,50.98555645,0,
127501,5,3,15,0,2019,11,13,6,3,0,7,0,1,0,0,0,0,0,"351403,0461","5645024,939",6.88505043,50.93768271,0,
127505,5,3,15,0,2019,11,14,6,3,4,7,0,1,0,1,0,0,0,"352062,7626","5644975,298",6.894453399,50.93740622,0,
127506,5,3,15,0,2019,11,13,6,3,2,7,0,0,1,0,1,0,0,"357478,899","5635557,86",6.975162006,50.85413547,0,
127638,5,3,15,0,2019,11,9,3,3,1,6,0,0,0,0,1,1,0,"361610,8363","5640454,123",7.031974882,50.89914353,1,
127640,5,3,15,0,2019,11,8,3,3,5,7,0,0,1,0,0,0,0,"365787,5639","5644445,969",7.089867368,50.93600666,1,
127642,5,3,15,0,2019,11,18,3,3,9,1,2,0,1,0,0,0,0,"364550,6013","5643216,696",7.07273011,50.92466935,1,
127644,5,3,15,0,2019,11,9,3,2,5,2,0,0,1,0,1,0,0,"361872,678","5648002,997",7.032835174,50.96705026,1,
127646,5,3,15,0,2019,11,10,3,2,5,3,0,0,1,0,0,1,0,"358210,1452","5647873,948",6.980759061,50.96500067,1,
127649,5,3,15,0,2019,11,16,3,3,2,6,2,0,1,0,0,0,0,"356352,344","5647357,236",6.954523875,50.95989684,1,
127650,5,3,15,0,2019,11,12,3,3,0,7,0,1,1,0,0,0,0,"349542,0129","5644546,224",6.858780034,50.93289827,1,
127651,5,3,15,0,2019,11,16,3,3,0,4,1,0,1,1,0,0,0,"349253,3568","5645130,501",6.854433449,50.93807338,0,
127655,5,3,15,0,2019,11,14,3,3,2,6,0,0,1,0,0,0,0,"355051,0795","5646318,032",6.936421085,50.95023192,1,
127658,5,3,15,0,2019,11,6,3,3,0,1,1,0,0,0,0,0,1,"356949,0759","5643092,925",6.9646898,50.92172232,0,
127659,5,3,15,0,2019,11,20,3,3,0,3,2,1,1,0,0,0,0,"356685,0919","5644674,258",6.960314742,50.93586811,1,
127660,5,3,15,0,2019,11,13,3,3,6,2,0,0,1,1,0,0,0,"356179,9286","5644620,723",6.953151187,50.93526124,1,
127789,5,3,15,0,2019,11,18,4,3,3,6,2,0,1,0,0,1,0,"366012,3056","5642414,217",7.093810724,50.91779829,1,
127816,5,3,15,0,2019,11,20,3,3,2,6,2,0,1,0,0,0,0,"358303,9098","5644793,761",6.983292252,50.9373421,0,
127817,5,3,15,0,2019,11,13,3,3,0,6,0,1,0,0,0,0,0,"354798,2969","5645570,042",6.933123057,50.94344632,0,
127871,5,3,15,0,2019,11,17,1,3,1,6,2,0,1,0,0,0,0,"361041,3968","5646048,417",7.021750164,50.94928414,0,
127933,5,3,15,0,2019,11,17,2,3,5,3,2,1,1,0,0,0,0,"366408,6788","5641470,872",7.099791849,50.9094117,0,
127934,5,3,15,0,2019,11,17,2,3,6,6,1,1,0,1,0,0,0,"359226,8606","5652987,353",6.993247375,51.01120419,0,
127935,5,3,15,0,2019,11,10,2,3,0,7,0,1,0,0,0,0,0,"354568,8856","5647471,53",6.929100208,50.96047659,0,
127936,5,3,15,0,2019,11,12,2,3,6,4,0,0,0,1,0,0,1,"356086,8837","5643341,864",6.952332749,50.9237451,0,
127991,5,3,15,0,2019,11,9,2,3,2,6,0,0,1,0,0,0,0,"354493,0031","5647328,18",6.928077735,50.95916919,0,
127992,5,3,15,0,2019,11,16,2,3,2,6,2,0,1,0,0,1,0,"346771,5017","5644274,755",6.819496295,50.92972945,0,
128026,5,3,15,0,2019,11,15,6,3,2,6,0,0,1,0,0,0,0,"357116,017","5636692,268",6.969567024,50.86424093,0,
128028,5,3,15,0,2019,11,17,6,3,2,6,2,0,1,0,0,0,0,"362049,6139","5646563,224",7.035899279,50.95415303,0,
128030,5,3,15,0,2019,11,17,6,2,2,6,2,0,1,0,0,0,0,"353156,4861","5652479,019",6.906979025,51.00511831,0,
128092,5,3,15,0,2019,11,14,5,3,0,1,0,1,0,0,0,0,0,"366649,333","5638844,953",7.104171787,50.8858663,1,
128093,5,3,15,0,2019,11,19,5,3,4,2,2,0,1,0,0,0,0,"366181,93","5638356,865",7.097709399,50.88137142,1,
128094,5,3,15,0,2019,11,17,5,3,2,6,2,0,1,0,0,0,0,"365069,394","5641629,592",7.080694494,50.9105267,1,
128095,5,3,15,0,2019,11,7,5,2,6,4,1,0,1,1,0,0,0,"360972,435","5640912,751",7.022727344,50.903112,1,
128096,5,3,15,0,2019,11,17,5,3,5,2,2,1,1,0,0,0,0,"360611,8478","5646326,653",7.015532394,50.95168098,1,
128097,5,3,15,0,2019,11,16,5,3,5,3,1,1,1,0,0,0,0,"360483,4142","5648824,37",7.01274729,50.97409725,1,
128098,5,3,15,0,2019,11,14,5,3,2,6,0,0,1,0,0,0,1,"350397,8117","5648522,345",6.86931644,50.96885173,1,
128099,5,3,15,0,2019,11,9,5,3,1,5,0,1,1,0,0,0,0,"353390,6258","5645948,674",6.912947264,50.9464927,1,
128100,5,3,15,0,2019,11,19,5,3,9,1,2,0,1,0,0,0,0,"354576,1035","5643438,402",6.930813028,50.92423384,1,
128181,5,3,15,0,2019,11,15,5,2,2,6,0,0,1,0,0,0,0,"367109,6861","5641787,634",7.109641834,50.91242048,1,
128183,5,3,15,0,2019,11,7,5,3,2,6,1,0,1,0,0,0,0,"348806,2789","5643664,37",6.848683156,50.9247813,1,
128233,5,3,15,0,2019,11,19,4,3,2,6,2,0,1,0,0,0,0,"354400,5717","5645607,474",6.927450621,50.9436824,1,
128234,5,3,15,0,2019,11,18,4,2,0,1,2,1,0,0,0,0,0,"352019,2799","5643607,608",6.894390225,50.92510428,1,
128235,5,3,15,0,2019,11,14,4,3,2,6,0,0,1,0,0,0,0,"353132,0704","5640810,894",6.911338452,50.90025555,0,
128236,5,3,15,0,2019,11,9,4,3,6,7,0,1,0,1,0,0,0,"354491,8054","5643667,674",6.929522921,50.926273,0,
128237,5,3,15,0,2019,11,7,4,3,1,7,1,0,1,0,0,1,0,"356621,6495","5644101,561",6.95963773,50.93070557,0,
128338,5,3,15,0,2019,12,6,2,3,9,3,2,0,1,0,0,0,0,"356496,8734","5651730,346",6.954854054,50.99923312,1,
128339,5,3,15,0,2019,12,5,2,3,6,7,2,0,0,1,0,0,1,"347566,3838","5647351,689",6.829511431,50.9575898,0,
128340,5,3,15,0,2019,12,16,2,3,3,6,2,0,1,0,0,1,0,"356940,5796","5634842,619",6.967798515,50.84757465,1,
128341,5,3,15,0,2019,12,9,2,2,0,1,0,1,0,0,0,0,0,"353245,0361","5643996,653",6.911662409,50.92891359,1,
128410,5,3,15,0,2019,12,8,2,3,2,6,0,0,1,0,0,1,0,"351070,695","5651182,138",6.877802994,50.99292795,0,
128432,5,3,15,0,2019,12,0,1,1,6,4,2,0,1,1,0,0,0,"359586,4949","5650552,283",6.999312453,50.9894081,0,
128433,5,3,15,0,2019,12,16,1,3,5,2,0,0,1,0,0,0,1,"354388,3038","5642621,319",6.928468968,50.91684356,0,
128454,5,3,15,0,2019,12,14,1,3,2,6,0,0,1,0,0,0,0,"356663,3222","5633100,212",6.964544269,50.83184689,0,
128495,5,3,15,0,2019,11,17,7,3,2,6,1,0,1,0,0,0,0,"357942,3505","5646585,031",6.977451053,50.95335126,0,
128496,5,3,15,0,2019,11,16,7,3,5,2,0,1,1,0,0,0,0,"356158,976","5648789,025",6.951206131,50.9727158,0,
128497,5,3,15,0,2019,11,13,7,3,0,1,0,0,0,0,0,0,1,"357126,0005","5643129,057",6.967191209,50.92209088,1,
128581,5,3,15,0,2019,11,10,6,2,9,7,0,0,0,0,0,1,0,"364000,9542","5642053,214",7.065347923,50.91408325,0,
128582,5,3,15,0,2019,11,16,6,3,0,7,2,0,1,0,1,0,0,"357330,9906","5637570,506",6.972277311,50.87218681,1,
128584,5,3,15,0,2019,11,15,6,3,2,6,0,0,1,0,0,0,0,"354117,7565","5640390,13",6.92551448,50.89672411,0,
128665,5,3,15,0,2019,12,8,5,3,2,6,0,0,1,0,0,0,0,"348874,0501","5644901,388",6.849133889,50.93591523,0,
128666,5,3,15,0,2019,12,8,5,3,2,7,0,0,1,0,0,0,0,"348874,1649","5644903,244",6.849134752,50.93593194,0,
128667,5,3,15,0,2019,12,8,5,3,2,6,0,0,0,0,0,1,0,"350310,4561","5642663,501",6.870480794,50.91617931,0,
128668,5,3,15,0,2019,12,19,5,3,2,6,2,0,1,0,0,0,0,"358057,3504","5639764,941",6.981741873,50.89208725,0,
128718,5,3,15,0,2019,12,14,4,3,6,4,0,0,1,1,0,0,0,"365081,1565","5638512,135",7.082013372,50.88251094,0,
128719,5,3,15,0,2019,12,17,4,3,2,6,2,0,1,0,0,0,0,"365020,3338","5638865,536",7.081018722,50.88567298,0,
128720,5,3,15,0,2019,12,13,4,3,1,2,0,0,1,0,0,0,0,"357940,1175","5646587,41",6.977418353,50.95337209,0,
128721,5,3,15,0,2019,12,17,4,3,2,6,1,0,1,0,0,1,0,"357940,9553","5646586,517",6.977430622,50.95336427,0,
128722,5,3,15,0,2019,12,9,4,3,5,3,0,0,1,0,1,0,0,"360483,9486","5648825,443",7.012754485,50.97410703,1,
128723,5,3,15,0,2019,12,17,4,3,5,3,2,0,0,0,1,0,1,"354295,3053","5647273,268",6.925286608,50.95862576,0,
128724,5,3,15,0,2019,12,15,4,3,6,4,0,0,0,1,0,0,1,"353578,0021","5646449,378",6.915411428,50.95103996,0,
128725,5,3,15,0,2019,12,15,4,3,5,3,0,1,0,0,1,0,0,"353875,841","5641853,667",6.921491012,50.90981536,0,
128812,5,3,15,0,2019,12,17,4,3,2,6,2,0,1,0,0,0,1,"348730,3177","5643704,312",6.847586558,50.92512032,0,
128830,5,3,15,0,2019,12,10,6,3,1,6,0,0,1,0,0,0,0,"348475,2889","5642732,719",6.84436415,50.91632241,1,
128889,5,3,15,0,2019,12,7,3,3,5,2,1,1,1,0,0,0,0,"362790,3125","5637556,396",7.049825746,50.87338179,1,
128891,5,3,15,0,2019,12,7,3,2,0,1,2,0,0,0,1,0,0,"358181,93","5644798,103",6.981555621,50.93735114,1,
128892,5,3,15,0,2019,12,10,3,2,0,1,0,1,0,0,0,0,0,"353139,141","5645067,897",6.909724908,50.9385135,1,
128913,5,3,15,0,2019,12,13,5,3,2,6,0,0,1,0,0,0,0,"348838,6114","5644897,151",6.848631652,50.93586787,0,
128916,5,3,15,0,2019,12,11,5,3,0,1,0,1,0,0,0,0,1,"359723,7039","5644832,06",7.003471726,50.93803342,0,
128918,5,3,15,0,2019,12,18,5,3,1,5,1,1,1,0,0,0,0,"359586,5061","5644806,501",7.001530132,50.93777034,0,
128920,5,3,15,0,2019,12,11,5,3,0,5,0,0,1,1,0,0,0,"363105,7752","5648455,83",7.050215181,50.97141438,0,
128921,5,3,15,0,2019,12,20,5,2,5,3,2,1,0,0,0,0,1,"361612,8078","5647925,821",7.029165886,50.9662943,0,
128924,5,3,15,0,2019,12,8,5,3,0,5,0,1,1,0,0,0,0,"356519,4022","5646614,578",6.95719385,50.95326431,0,
128926,5,3,15,0,2019,12,7,5,3,5,3,2,0,1,0,0,0,0,"353923,9181","5636873,191",6.924165374,50.86506918,0,
128931,5,3,15,0,2019,12,22,5,3,1,5,2,1,0,0,0,0,1,"355253,0575","5645144,117",6.939761115,50.93973298,0,
129026,5,3,15,0,2019,12,15,2,3,3,6,1,0,1,0,0,0,0,"361970,005","5647047,1",7.034583042,50.95848269,1,
129050,5,3,15,0,2019,12,17,1,3,8,1,2,0,1,0,0,0,0,"350874,6715","5645059,053",6.87752173,50.93785287,1,
129051,5,3,15,0,2019,12,16,1,3,9,7,0,1,0,0,0,0,0,"356250,6886","5644601,95",6.954164962,50.93511017,1,
129112,5,3,15,0,2019,12,6,7,3,4,6,2,0,1,0,0,0,0,"363248,9327","5639044,39",7.055783499,50.88686384,1,
129113,5,3,15,0,2019,12,13,7,3,5,3,0,1,1,0,0,0,0,"356507,295","5646459,705",6.957082635,50.95186947,0,
129114,5,3,15,0,2019,12,22,7,3,2,6,2,0,1,0,0,0,0,"353480,2024","5654895,37",6.910613778,51.02691538,0,
129115,5,3,15,0,2019,12,11,7,3,0,1,0,0,0,0,0,0,1,"356523,091","5646707,207",6.957209826,50.95409766,1,
129116,5,3,15,0,2019,12,18,7,3,5,7,2,0,1,0,0,0,1,"354757,3147","5646120,81",6.932320452,50.9483856,0,
129117,5,3,15,0,2019,12,12,7,3,0,1,0,1,0,0,0,0,0,"353935,83","5646736,874",6.920386833,50.95371438,1,
129147,5,3,15,0,2019,12,15,7,2,2,6,0,0,1,0,0,0,0,"366085,4221","5635425,171",7.097411543,50.85499977,0,
129148,5,3,15,0,2019,12,16,7,3,2,6,2,0,1,0,0,0,0,"357140,9942","5638050,591",6.969391194,50.87645442,0,
129149,5,3,15,0,2019,12,8,7,2,3,1,0,0,1,0,0,0,0,"348152,6525","5658849,855",6.833041502,51.06106781,1,
129193,5,3,15,0,2019,12,14,3,2,1,6,0,0,1,0,0,0,0,"360505,0339","5650804,596",7.012294949,50.991899,0,
129195,5,3,15,0,2019,12,8,3,2,2,6,0,0,0,0,0,1,0,"350081,4011","5642837,028",6.867153302,50.91767925,0,
129233,5,3,15,0,2019,12,8,6,3,0,3,0,1,1,0,0,0,0,"358974,9137","5644712,45",6.99286759,50.93677584,1,
129235,5,3,15,0,2019,12,15,6,3,0,1,1,1,0,0,0,0,0,"354846,5043","5652473,325",6.931052925,51.00549605,1,
129236,5,3,15,0,2019,12,16,6,3,5,3,2,0,1,0,0,0,0,"353991,6336","5644849,302",6.921937498,50.93676555,0,
129237,5,3,15,0,2019,12,9,6,3,6,4,0,1,0,1,0,0,0,"353382,2073","5646661,999",6.912540277,50.95290093,1,
129240,5,3,15,0,2019,12,11,6,2,5,3,0,0,1,0,0,1,0,"355464,1822","5635207,602",6.946696114,50.85048775,1,
129241,5,3,15,0,2019,12,7,6,3,0,1,2,1,0,0,0,0,0,"357182,939","5638791,014",6.969697739,50.883119,2,
129243,5,3,15,0,2019,12,11,6,3,5,3,0,1,1,0,0,0,0,"354482,316","5641761,909",6.930148231,50.90914396,1,
129245,5,3,15,0,2019,12,7,6,3,0,1,2,1,0,0,0,0,0,"354528,9091","5642782,295",6.930403684,50.91832568,1,
129291,5,3,15,0,2019,12,21,2,3,5,3,2,0,1,0,0,0,0,"348509,931","5656633,934",6.839063482,51.04124989,1,
129294,5,3,15,0,2019,12,18,2,3,6,4,2,0,0,1,0,0,1,"353754,2854","5646485,046",6.917905047,50.95140526,1,
129296,5,3,15,0,2019,12,9,2,3,1,1,0,1,1,0,0,0,0,"351976,3231","5647671,295",6.892128039,50.9616116,1,
129300,5,3,15,0,2019,12,9,2,3,5,2,0,1,1,0,0,0,0,"353537,124","5646493,693",6.914812038,50.95142782,0,
129303,5,3,15,0,2019,12,6,2,3,5,3,2,1,0,0,0,0,1,"354789,1154","5646160,32",6.932757098,50.94874867,0,
129305,5,3,15,0,2019,12,16,2,3,8,1,2,0,1,0,0,0,0,"356724,3895","5641107,104",6.962274908,50.90382012,1,
129308,5,3,15,0,2019,12,16,2,3,5,3,2,1,1,0,0,0,0,"353071,3712","5640723,396",6.910511047,50.89945379,1,
129370,5,3,15,0,2019,12,15,5,3,3,6,0,0,1,0,0,0,1,"365330,9956","5642586,298",7.084060246,50.91918628,0,
129372,5,3,15,0,2019,12,15,5,3,2,6,0,0,1,0,0,0,0,"353212,5205","5652537,467",6.907753499,51.00565786,0,
129426,5,3,15,0,2019,12,7,4,3,5,2,2,0,1,1,0,0,0,"364943,9247","5639222,175",7.079801264,50.88886045,0,
129427,5,3,15,0,2019,12,9,4,3,2,6,0,0,1,0,0,0,0,"357940,5316","5646586,969",6.977424416,50.95336822,1,
129428,5,3,15,0,2019,12,7,4,2,4,6,1,1,0,0,0,0,0,"359329,3111","5647725,062",6.996744302,50.96393699,1,
129429,5,3,15,0,2019,12,7,4,3,5,3,2,0,1,0,0,0,0,"354755,541","5638226,64",6.935437573,50.87744196,1,
129527,5,3,15,0,2019,12,19,4,3,2,6,2,0,0,0,0,1,0,"360607,9925","5651663,148",7.013431551,50.99963984,1,
129529,5,3,15,0,2019,12,6,4,3,3,6,2,0,1,0,0,1,0,"349078,4455","5649189,96",6.850262616,50.97450689,1,
129576,5,3,15,0,2019,12,15,6,3,2,6,0,0,1,0,0,0,0,"362204,4391","5642626,77",7.039590866,50.91881187,1,
129578,5,3,15,0,2019,12,14,6,3,2,6,0,0,1,0,0,1,0,"361998,9075","5646909,79",7.035046393,50.95725558,1,
129620,5,3,15,0,2019,12,7,3,3,2,6,2,0,1,0,1,0,0,"365588,717","5635782,972",7.090227413,50.85810035,1,
129621,5,3,15,0,2019,12,8,3,3,6,4,0,0,1,1,0,0,0,"360121,5563","5644932,522",7.00909206,50.93903294,0,
129624,5,3,15,0,2019,12,14,3,3,3,5,0,0,1,0,1,0,0,"360383,4164","5647563,397",7.011807884,50.96274049,0,
129625,5,3,15,0,2019,12,15,3,3,5,2,0,1,1,0,0,0,0,"354191,129","5644819,757",6.924786644,50.93655051,0,
129668,5,3,15,0,2019,12,15,5,2,5,3,0,1,1,0,0,0,0,"360055,087","5648488,613",7.006779422,50.97097585,0,
129789,5,3,15,0,2019,12,12,1,3,2,6,0,0,1,0,0,0,0,"366043,009","5634132,488",7.097282183,50.84337161,1,
129790,5,3,15,0,2019,12,0,1,3,8,1,2,0,1,0,0,0,0,"364650,5356","5647660,74",7.072499681,50.96463363,1,
129791,5,3,15,0,2019,12,16,1,3,0,2,0,1,0,0,0,0,1,"356350,0698","5647501,843",6.954434428,50.96119582,0,
129792,5,3,15,0,2019,12,20,1,3,0,7,2,1,0,0,0,0,0,"354250,1685","5645182,762",6.92548112,50.93982765,0,
129793,5,3,15,0,2019,12,2,1,3,3,7,2,0,1,0,0,0,1,"355214,7314","5644513,545",6.939466537,50.93405655,1,
129821,5,3,15,0,2019,12,2,1,3,9,1,2,0,1,0,0,0,0,"361421,6526","5642240,011",7.028608161,50.9151485,1,
129893,5,3,15,0,2019,12,20,7,3,2,6,2,0,1,0,0,0,0,"358187,221","5645365,375",6.981410062,50.94245052,1,
129895,5,3,15,0,2019,12,15,7,3,0,1,0,0,0,0,1,0,0,"355691,9094","5650637,351",6.943824214,50.98920938,1,
129897,5,3,15,0,2019,12,16,7,2,8,1,2,1,1,0,0,0,0,"352074,9898","5651054,984",6.892155275,50.99204428,1,
129900,5,3,15,0,2019,12,20,3,3,8,1,2,1,0,0,0,0,0,"354845,597","5645534,1",6.933810207,50.94313523,1,
129901,5,3,15,0,2019,12,5,7,3,9,7,2,0,1,0,0,0,0,"354348,609","5645495,487",6.926756251,50.94266289,1,
129902,5,3,15,0,2019,12,20,7,3,2,5,2,0,1,0,0,0,0,"355294,9586","5644751,116",6.940513178,50.93621168,1,
129903,5,3,15,0,2019,12,16,3,3,6,4,2,1,0,1,0,0,0,"353620,981","5646402,845",6.916041588,50.9506327,0,
129904,5,3,15,0,2019,12,12,3,3,5,2,0,0,1,0,0,0,0,"356616,9951","5646263,669",6.958720586,50.95013503,0,
130014,5,3,15,0,2019,12,11,7,2,2,6,0,0,1,0,0,0,0,"357063,6726","5636084,19",6.969061199,50.85876317,1,
130016,5,3,15,0,2019,12,18,7,2,2,6,2,0,1,0,0,0,1,"365942,2328","5638814,169",7.09413626,50.88542597,1,
130019,5,3,15,0,2019,12,15,7,3,3,6,0,0,1,0,0,1,0,"354713,5383","5639357,49",6.934391447,50.88759416,1,
130102,5,3,15,0,2019,12,12,2,3,6,7,0,0,1,1,0,0,0,"360509,6554","5648823,352",7.013121216,50.97409446,1,
130103,5,3,15,0,2019,12,17,2,3,2,6,0,0,1,0,0,0,0,"350833,2778","5652379,349",6.873930544,51.00362496,0,
130105,5,3,15,0,2019,12,19,2,3,2,6,2,0,1,0,1,0,0,"352404,3004","5647315,667",6.898362327,50.95852553,1,
130107,5,3,15,0,2019,12,9,2,3,4,7,0,0,1,0,0,0,0,"356687,3504","5634925,852",6.964171173,50.84825999,1,
130109,5,3,15,0,2019,12,16,2,3,5,2,2,1,1,0,0,0,0,"358572,8052","5638838,488",6.989424787,50.88388754,1,
130110,5,3,15,0,2019,12,21,2,3,5,3,2,1,1,0,0,0,0,"355452,906","5644699,21",6.942780174,50.93578482,1,
130111,5,3,15,0,2019,12,12,2,3,1,5,0,1,1,0,0,0,0,"355302,3597","5645416,961",6.940353995,50.94219734,1,
130132,5,3,15,0,2019,12,18,6,2,6,4,2,0,0,1,0,0,1,"352464,9462","5644949,916",6.900183719,50.93728116,1,
130133,5,3,15,0,2019,12,22,6,3,1,6,2,0,1,0,0,0,0,"354788,2804","5646138,726",6.93275383,50.9485544,1,
130136,5,3,15,0,2019,12,13,6,2,0,4,0,0,1,1,0,0,0,"353672,9048","5646341,098",6.916805105,50.950091,1,
130138,5,3,15,0,2019,12,10,6,3,5,2,0,1,1,0,0,0,0,"354741,601","5644805,463",6.932621428,50.93656097,1,
130208,5,3,15,0,2019,12,7,2,2,2,6,2,0,1,0,0,0,0,"365920,6578","5633853,459",7.095647459,50.84083542,0,
130212,5,3,15,0,2019,12,17,2,3,2,6,2,0,1,0,0,0,0,"353804,6362","5653126,971",6.915949796,51.01110623,1,
130285,5,3,15,0,2019,12,0,5,3,9,1,2,0,1,0,0,0,0,"361162,1582","5649385,02",7.022194929,50.97929995,0,
130289,5,3,15,0,2019,12,21,5,3,1,1,2,1,0,0,0,0,1,"356216,6336","5646973,13",6.952744491,50.9564111,0,
130291,5,3,15,0,2019,12,16,5,3,2,6,0,0,1,0,0,0,0,"356572,2737","5647114,627",6.957749059,50.95777134,0,
130292,5,3,15,0,2019,12,13,1,3,2,6,0,0,1,0,0,0,0,"351477,131","5644622,09",6.886268289,50.9340816,0,
130293,5,3,15,0,2019,12,21,1,3,2,6,2,0,1,0,0,0,0,"354690,336","5643010,542",6.932607753,50.92041755,1,
130294,5,3,15,0,2019,12,9,5,3,1,2,0,0,1,0,0,0,0,"350397,8117","5648522,345",6.86931644,50.96885173,0,
130296,5,3,15,0,2019,12,12,5,3,0,1,0,1,0,0,0,0,0,"354951,1623","5646366,345",6.934980346,50.95064096,0,
130298,5,3,15,0,2019,12,18,5,3,3,6,2,0,1,0,1,0,0,"353400,5367","5641194,265",6.914999771,50.90376901,0,