OBJECTID,ULAND,UREGBEZ,UKREIS,UGEMEINDE,UJAHR,UMONAT,USTUNDE,UWOCHENTAG,UKATEGORIE,UART,UTYP1,ULICHTVERH,IstRad,IstPKW,IstFuss,IstKrad,IstGkfz,IstSonstige,LINREFX,LINREFY,XGCSWGS84,YGCSWGS84,USTRZUSTAND,UIDENTSTLAE
130299,5,3,15,0,2019,12,18,5,3,5,3,2,1,1,0,0,0,0,"354919,1251","5641483,82",6.936467654,50.90675478,0,
130302,5,3,15,0,2019,12,14,5,2,6,7,0,0,0,1,0,0,1,"355219,8247","5644664,191",6.939479124,50.93541164,0,
130398,5,3,15,0,2019,12,22,7,2,6,4,2,0,1,1,0,0,0,"357540,6195","5644026,951",6.97273562,50.93026275,0,
130399,5,3,15,0,2019,12,15,7,2,6,4,0,0,0,1,1,0,0,"356305,0617","5647925,324",6.953626703,50.96499035,0,
130401,5,3,15,0,2019,12,12,7,3,2,6,0,0,1,0,0,0,0,"354617,3736","5641662,425",6.932107588,50.90828396,0,
130467,5,3,15,0,2019,12,13,7,3,2,6,0,0,1,0,0,0,0,"360491,5007","5654980,573",7.010496638,51.02942549,0,
130469,5,3,15,0,2019,12,9,7,3,9,1,0,0,1,0,0,0,0,"362216,6963","5645884,965",7.038533344,50.94809728,0,
130551,5,3,15,0,2019,12,12,4,3,6,2,0,0,1,1,0,0,0,"365238,6596","5642876,726",7.082640052,50.92177497,0,
130553,5,3,15,0,2019,12,10,4,3,6,2,0,0,1,1,0,0,0,"365180,4352","5645578,357",7.0808127,50.94604243,0,
130555,5,3,15,0,2019,12,8,4,2,4,6,0,1,0,0,0,0,0,"357927,0263","5646580,948",6.977234613,50.95331078,1,
130556,5,3,15,0,2019,12,17,6,3,4,6,2,0,1,0,0,0,0,"350837,9848","5652374,343",6.873999641,51.0035812,0,
130557,5,3,15,0,2019,12,8,4,2,5,3,0,1,0,0,0,0,1,"351225,8482","5648232,023",6.881219704,50.96645723,1,
130558,5,3,15,0,2019,12,14,4,3,5,3,0,1,1,0,0,0,0,"359065,668","5636778,562",6.99722082,50.86549502,0,
130559,5,3,15,0,2019,12,17,6,3,6,4,2,0,1,1,0,0,0,"348541,9458","5645153,384",6.844306119,50.9380926,0,
130560,5,3,15,0,2019,12,17,6,3,5,7,2,1,1,0,0,0,0,"353566,7563","5646461,554",6.915246539,50.95114652,0,
130562,5,3,15,0,2019,12,15,4,3,0,7,0,0,0,0,0,0,1,"354510,8712","5643568,08",6.929833764,50.92538278,0,
130564,5,3,15,0,2019,12,0,4,3,4,6,2,1,1,0,0,0,0,"355436,552","5645710,735",6.942146193,50.94487108,1,
130702,5,3,15,0,2019,12,17,6,3,2,6,2,0,1,0,0,0,0,"360669,0068","5652170,854",7.014105687,51.00421742,0,
130704,5,3,15,0,2019,12,16,6,3,3,6,2,0,1,0,0,1,0,"362357,7326","5645406,444",7.040720717,50.94383035,0,
130782,5,3,15,0,2019,12,17,6,3,2,2,2,1,1,0,0,0,0,"366456,7475","5640386,435",7.100871894,50.89967622,0,
130784,5,3,15,0,2019,12,20,6,3,3,7,2,0,1,0,0,0,1,"358000,7781","5645056,69",6.978878285,50.93963049,0,
130785,5,3,15,0,2019,12,20,6,3,5,2,2,0,1,0,0,0,0,"354208,9009","5636701,587",6.928280707,50.86359895,0,
130787,5,3,15,0,2019,12,8,6,3,4,2,1,1,1,0,0,0,0,"355186,0009","5643734,454",6.939367454,50.92704781,0,
130851,5,3,15,0,2019,12,13,6,3,2,6,0,0,1,0,0,0,0,"354401,5334","5647515,068",6.926701404,50.96082559,1,
130869,5,3,15,0,2019,12,21,3,3,2,6,2,0,1,0,0,0,0,"358337,14","5645557,788",6.983467789,50.9442166,2,
130872,5,3,15,0,2019,12,13,3,3,2,6,0,0,1,0,0,0,1,"353552,0201","5648798,578",6.914096298,50.97214468,0,
130875,5,3,15,0,2019,12,6,5,2,8,1,0,0,1,0,0,0,0,"362967,9925","5645280,858",7.049449362,50.94284704,1,
130877,5,3,15,0,2019,12,9,5,3,1,7,0,1,1,0,0,0,0,"353441,5566","5646045,537",6.913632793,50.94737613,1,
130878,5,3,15,0,2019,12,9,5,3,5,3,0,1,1,0,0,0,0,"357218,0071","5638501,534",6.970309014,50.8805261,1,
130920,5,3,15,0,2019,12,10,5,2,9,1,0,0,0,0,1,0,0,"361792,9388","5648262,447",7.031601686,50.96936287,1,
130958,5,3,15,0,2019,12,21,4,2,5,2,2,0,1,0,0,0,0,"365325,7861","5638850,723",7.085364147,50.88561114,1,
130969,5,3,15,0,2019,12,15,2,3,2,4,0,1,1,1,0,0,0,"359771,5944","5644842,677",7.004148814,50.93814049,0,
130977,5,3,15,0,2019,12,12,2,2,2,6,0,0,1,0,0,0,0,"357941,6974","5646585,727",6.977441488,50.95335735,0,
130979,5,3,15,0,2019,12,22,2,3,5,3,2,0,1,0,0,0,0,"355692,5","5644687,437",6.946192435,50.93573903,0,
130996,5,3,15,0,2019,12,18,4,3,3,6,2,0,1,0,0,0,1,"357130,7235","5636859,295",6.969710647,50.86574565,1,
130997,5,3,15,0,2019,12,0,4,2,9,6,2,0,1,0,0,0,0,"363150,2765","5646302,493",7.051658505,50.95207215,1,
130998,5,3,15,0,2019,12,18,4,3,2,6,2,0,1,0,0,0,0,"364103,886","5641366,281",7.067067105,50.90793368,1,
131000,5,3,15,0,2019,12,14,4,3,2,6,0,0,1,0,0,0,0,"354414,9381","5653648,722",6.924434303,51.01594979,1,
131033,5,3,15,0,2019,12,7,3,3,6,4,2,0,1,1,0,0,0,"362349,107","5636957,075",7.043784302,50.86789051,1,
131035,5,3,15,0,2019,12,15,3,3,9,1,0,0,1,0,0,0,0,"351198,743","5645042,487",6.882137583,50.93778772,1,
131093,5,3,15,0,2019,12,1,1,2,0,7,2,0,0,1,0,0,1,"349474,0591","5645115,912",6.857578367,50.93799993,0,
131126,5,3,15,0,2019,12,14,2,3,0,2,0,0,0,0,0,1,1,"360237,886","5647086,047",7.009920155,50.9584152,1,
131128,5,3,15,0,2019,12,15,2,3,5,3,0,1,1,0,0,0,0,"359955,1572","5647764,081",7.00563601,50.96444012,1,
131131,5,3,15,0,2019,12,16,2,3,0,5,2,1,1,0,0,0,0,"354079,6704","5646021,424",6.922720075,50.94732131,1,
131132,5,3,15,0,2019,12,18,2,3,0,7,2,0,1,0,1,0,0,"351718,4831","5643680,128",6.890083811,50.92567876,1,
131167,5,3,15,0,2019,12,14,7,3,5,3,0,0,1,0,0,0,1,"349138,1541","5643085,549",6.85364126,50.91966672,0,
232806,5,3,15,0,2019,1,16,6,2,0,1,0,1,0,0,0,0,0,"359603,64","5645803,974",7.001389388,50.94673891,1,
232807,5,3,15,0,2019,1,8,6,3,5,3,0,0,1,0,1,0,0,"351385,8903","5654551,315",6.880911427,51.02328597,1,
232808,5,3,15,0,2019,1,19,6,2,0,5,2,0,1,0,1,0,0,"351929,1031","5649058,429",6.890891438,50.97406488,1,
232809,5,3,15,0,2019,1,17,6,3,1,5,2,1,1,0,0,0,0,"360184,8389","5636742,308",7.013128648,50.86544094,1,
232810,5,3,15,0,2019,1,13,6,3,1,5,0,1,1,0,0,0,0,"355212,9896","5641958,794",6.940456065,50.91109707,1,
232811,5,3,15,0,2019,1,14,6,3,5,3,0,1,1,0,0,0,0,"356392,9944","5645431,733",6.955861811,50.94260277,1,
232857,5,3,15,0,2019,1,17,5,3,9,7,2,0,1,0,0,0,0,"362059,4794","5651317,158",7.034236002,50.99688016,1,
232858,5,3,15,0,2019,1,17,5,2,0,7,1,0,1,0,0,0,0,"352422,3063","5653031,292",6.896297409,51.00989341,1,
232859,5,3,15,0,2019,1,16,5,3,0,1,1,0,0,0,1,0,0,"354024,8023","5639230,845",6.924656792,50.88628241,1,
232860,5,3,15,0,2019,1,14,5,3,5,2,0,0,1,0,0,0,0,"357420,8024","5636007,739",6.974161936,50.85816426,1,
232861,5,3,15,0,2019,1,12,5,3,5,3,0,1,0,0,0,1,0,"354217,53","5642603,259",6.926048388,50.91663815,0,
232889,5,3,15,0,2019,1,21,4,3,4,6,2,1,0,0,0,0,0,"356412,721","5650171,187",6.95427191,50.98520033,0,
232890,5,3,15,0,2019,1,22,4,3,0,6,2,0,1,0,0,0,1,"355190,2079","5644095,225",6.939283969,50.93029104,0,
232919,5,3,15,0,2019,1,0,3,3,0,7,2,1,0,1,0,0,0,"358618,7276","5650263,062",6.985644815,50.986572,0,
232930,5,3,15,0,2019,1,16,7,3,6,4,2,0,1,1,0,0,0,"359617,016","5645984,826",7.001509959,50.9483675,1,
232935,5,3,15,0,2019,1,10,7,3,9,1,0,0,1,0,0,0,0,"356193,8591","5645043,845",6.953182318,50.93906725,1,
233043,5,3,15,0,2019,1,6,4,3,2,6,2,0,1,0,0,0,0,"364024,2323","5645076,959",7.064551069,50.94126458,1,
233065,5,3,15,0,2019,1,11,3,1,0,4,0,0,0,1,0,0,1,"358367,5282","5651414,45",6.981619238,50.99685769,1,
233073,5,3,15,0,2019,1,8,2,3,5,2,0,1,0,0,0,0,1,"353690,8709","5643955,532",6.9180187,50.92865731,1,
233076,5,3,15,0,2019,1,18,3,3,5,3,2,1,0,0,0,0,0,"354096,4794","5642725,206",6.924278714,50.91770346,1,
233091,5,3,15,0,2019,1,14,4,3,6,7,0,0,1,1,0,0,0,"357281,9304","5641626,853",6.96999594,50.90862919,0,
233095,5,3,15,0,2019,1,21,5,3,5,2,2,0,1,0,0,0,0,"352936,776","5647404,625",6.905902955,50.9594611,1,
233096,5,3,15,0,2019,1,16,1,3,0,7,2,0,0,0,0,0,1,"363679,8404","5643738,399",7.060152805,50.92915303,0,
233113,5,3,15,0,2019,1,7,3,3,0,3,2,1,1,0,0,0,0,"352345,3589","5644681,122",6.898591812,50.93483503,1,
233123,5,3,15,0,2019,1,10,3,3,6,6,0,0,1,1,0,0,0,"355913,0484","5645167,627",6.949139272,50.94010955,0,
233154,5,3,15,0,2019,1,9,1,3,9,1,0,0,1,0,0,0,0,"362130,228","5646669,396",7.037006108,50.95512652,1,
233163,5,3,15,0,2019,1,12,3,3,0,3,0,0,1,0,1,0,0,"364534,6544","5640023,18",7.073688815,50.89596373,1,
233171,5,3,15,0,2019,1,10,2,3,5,3,0,1,1,0,0,0,0,"350293,4021","5644451,363",6.869504355,50.93224133,1,
233174,5,3,15,0,2019,1,12,3,3,1,3,0,1,1,0,0,0,0,"357172,93","5642013,54",6.968295231,50.91207738,1,
233191,5,3,15,0,2019,1,13,4,3,2,2,0,0,1,0,1,0,0,"352991,7054","5645431,859",6.907481083,50.94174671,1,
233194,5,3,15,0,2019,1,18,5,3,5,2,2,0,1,0,0,0,0,"356603,1353","5648938,285",6.957469328,50.97416793,1,
233213,5,3,15,0,2019,1,14,3,3,0,7,0,1,0,0,0,0,0,"354302,8885","5645958,21",6.925920807,50.94680968,1,
233222,5,3,15,0,2019,1,11,2,3,5,2,0,1,0,0,0,1,0,"355289,789","5641931,039",6.941558763,50.9108669,0,
233225,5,3,15,0,2019,1,16,3,3,1,5,1,0,1,0,1,0,0,"356563,3261","5647014,842",6.957661067,50.95687236,1,
233241,5,3,15,0,2019,1,9,4,3,1,5,0,1,1,0,0,0,0,"356758,6405","5643670,097",6.961755411,50.92686208,1,
233245,5,3,15,0,2019,1,10,5,2,6,7,0,0,0,1,0,1,0,"357530,1498","5637157,032",6.975267079,50.86852001,0,
233246,5,3,15,0,2019,1,14,1,3,3,2,0,0,1,0,0,0,1,"354469,0103","5651285,66",6.926152135,50.9947276,1,
233276,5,3,15,0,2019,1,9,3,3,5,3,0,1,1,0,0,0,0,"356543,0231","5643300,533",6.958834778,50.92348726,0,
233280,5,3,15,0,2019,1,17,3,3,5,3,2,1,1,0,0,0,0,"359577,3148","5636697,753",7.004517988,50.86489327,1,
233344,5,3,15,0,2019,1,10,2,3,4,6,0,0,1,0,0,0,0,"365228,5512","5635614,356",7.085175157,50.85650106,1,
233345,5,3,15,0,2019,1,7,2,3,5,2,2,0,1,0,0,0,0,"363822,8307","5639462,612",7.063781855,50.8907582,1,
233346,5,3,15,0,2019,1,8,2,2,4,2,1,0,1,0,1,0,0,"357609,339","5645310,261",6.973211415,50.94181279,1,
233347,5,3,15,0,2019,1,11,2,3,2,4,0,0,1,1,0,0,1,"357388,1271","5648321,595",6.968884976,50.96882072,1,
233348,5,3,15,0,2019,1,17,2,2,5,3,2,0,1,0,0,0,0,"351881,385","5654229,654",6.88810293,51.02052328,1,
233349,5,3,15,0,2019,1,17,2,3,0,3,2,0,1,0,1,0,0,"349694,1908","5644275,655",6.86105569,50.93050652,1,
233350,5,3,15,0,2019,1,12,2,3,9,1,0,0,1,0,0,0,0,"352209,1705","5650906,098",6.894126464,50.9907408,1,
233351,5,3,15,0,2019,1,10,2,3,6,4,0,0,0,1,0,0,1,"351879,2487","5650199,447",6.889716893,50.98430574,1,
233352,5,3,15,0,2019,1,15,2,3,6,6,0,0,1,1,0,0,0,"352189,6648","5647133,513",6.89538228,50.95683359,0,
233353,5,3,15,0,2019,1,12,2,3,0,1,0,0,0,0,1,0,0,"356364,5737","5645427,679",6.955459137,50.94255926,1,
233402,5,3,15,0,2019,1,11,1,3,5,3,0,1,1,0,0,0,0,"352345,1147","5644743,436",6.898563091,50.93539495,1,
233429,5,3,15,0,2019,1,17,7,3,5,2,2,0,1,0,0,0,0,"363537,176","5641442,171",7.058983003,50.90848205,1,
233430,5,3,15,0,2019,1,20,7,3,0,1,2,1,0,0,0,0,0,"352494,504","5644627,224",6.900734724,50.93438883,1,
233431,5,3,15,0,2019,1,21,7,3,6,2,2,0,1,1,0,0,0,"355289,789","5641931,039",6.941558763,50.9108669,1,
233432,5,3,15,0,2019,1,22,7,3,5,2,2,0,1,0,0,0,0,"358004,8679","5640424,24",6.980739818,50.89799952,1,
233433,5,3,15,0,2019,1,15,7,3,1,5,0,0,1,0,0,0,0,"353930,0394","5635739,213",6.924704888,50.85487988,1,
233434,5,3,15,0,2019,1,17,7,3,6,2,2,0,1,1,0,0,0,"355810,793","5645032,2",6.947738416,50.93886694,1,
233484,5,3,15,0,2019,1,21,6,3,0,7,2,0,0,0,1,0,0,"362462,5964","5644368,101",7.042604462,50.93452344,1,
233485,5,3,15,0,2019,1,14,6,2,4,2,0,0,1,0,1,0,0,"355321,1789","5654720,533",6.936917724,51.02581048,1,
233486,5,3,15,0,2019,1,12,6,3,6,7,0,0,0,1,0,0,1,"352127,6405","5655213,032",6.891210449,51.02942366,1,
233487,5,3,15,0,2019,1,21,6,3,6,2,2,0,1,1,0,0,0,"352930,0216","5647388,982",6.905813167,50.9593188,1,
233561,5,3,15,0,2019,1,10,1,2,1,5,0,0,1,0,1,0,0,"353038,9538","5646377,79",6.907771433,50.95025945,1,
233562,5,3,15,0,2019,1,18,1,3,1,7,2,0,1,0,0,0,0,"356391,28","5642971,753",6.956806648,50.9204948,0,
233589,5,3,15,0,2019,1,20,7,3,2,6,2,0,1,0,0,0,0,"355368,134","5648327,13",6.94013326,50.96836682,2,
233590,5,3,15,0,2019,1,8,7,3,5,2,0,1,1,0,0,0,0,"354098,1","5651350,348",6.920844314,50.99521501,2,
233622,5,3,15,0,2019,1,11,6,3,0,7,0,0,1,0,0,0,0,"360739,2654","5644221,569",7.018150059,50.93279296,0,
233623,5,3,15,0,2019,1,9,6,3,0,1,0,1,0,0,0,0,0,"362013,6742","5648477,382",7.034661956,50.97134747,2,
233624,5,3,15,0,2019,1,18,6,3,6,5,2,0,1,1,0,0,0,"356357,325","5648639,299",6.954088521,50.97141974,0,
233625,5,3,15,0,2019,1,8,6,3,0,1,0,1,0,0,0,0,0,"349355,4221","5652141,403",6.852981192,51.00110167,2,
233626,5,3,15,0,2019,1,12,6,3,0,7,0,0,0,1,0,0,1,"354096,8458","5646262,555",6.922867793,50.94949262,0,
233627,5,3,15,0,2019,1,8,6,2,0,1,0,1,0,0,0,0,0,"352860,1054","5649356,984",6.904022207,50.97698646,2,
233628,5,3,15,0,2019,1,16,6,3,0,7,1,1,1,0,0,0,0,"358674,083","5639091,866",6.990765656,50.88618947,0,
233629,5,3,15,0,2019,1,9,6,3,0,1,0,1,0,0,0,0,0,"353943,6736","5641314,026",6.922671145,50.90498293,2,
233631,5,3,15,0,2019,1,20,6,3,1,5,2,1,1,0,0,0,0,"352743,7606","5643007,99",6.904933558,50.91990113,1,
233694,5,3,15,0,2019,1,12,5,3,9,1,0,0,1,0,0,0,0,"356005,044","5642222,638",6.951610922,50.91366634,1,
233751,5,3,15,0,2019,1,18,4,3,0,1,2,1,0,0,0,0,0,"354084,7147","5644857,538",6.923258045,50.93686311,1,
233752,5,3,15,0,2019,1,15,4,3,0,7,0,1,0,0,0,0,0,"352428,3036","5646659,085",6.898970059,50.9526313,0,
233791,5,3,15,0,2019,1,12,3,3,1,6,0,0,1,0,0,0,0,"366286,9384","5635804,808",7.10013422,50.85845848,0,
233792,5,3,15,0,2019,1,9,3,3,5,2,0,1,0,0,0,0,1,"359555,057","5644364,316",7.001253239,50.9337887,0,
233793,5,3,15,0,2019,1,17,3,2,5,2,0,1,0,0,0,0,1,"355270,276","5647194,726",6.939190977,50.95816563,0,
233794,5,3,15,0,2019,1,6,3,3,1,2,2,0,1,0,1,0,1,"353706,4043","5642108,474",6.918980448,50.91206232,1,
233804,5,3,15,0,2019,1,7,6,3,6,4,2,0,1,1,0,0,0,"359361,633","5647177,345",6.997415987,50.95902251,1,
233805,5,3,15,0,2019,1,10,6,3,5,2,0,0,1,0,0,0,0,"353612,219","5651483,41",6.913871597,50.99628738,1,
233806,5,3,15,0,2019,1,18,6,3,0,3,2,0,1,0,0,0,1,"353328,4928","5648155,41",6.911174157,50.96630793,1,
233851,5,3,15,0,2019,1,23,6,3,5,3,2,0,1,0,0,0,1,"365144,381","5636353,174",7.083707747,50.8631217,1,
233867,5,3,15,0,2019,1,7,5,3,0,7,1,0,1,0,0,1,0,"361443,809","5640351,81",7.029639917,50.89818395,2,
233868,5,3,15,0,2019,1,15,5,3,0,7,0,0,0,1,0,0,1,"362912,7905","5645402,866",7.048618168,50.94393044,1,
233869,5,3,15,0,2019,1,7,5,3,0,1,1,1,0,0,0,0,0,"349862,7646","5642643,394",6.864124826,50.91588234,2,
233870,5,3,15,0,2019,1,22,5,3,5,2,2,1,0,0,0,0,1,"356697,4777","5642297,191",6.961425122,50.91450869,0,
233871,5,3,15,0,2019,1,18,5,2,1,5,2,1,1,0,0,0,0,"354593,8121","5643648,462",6.930981053,50.92612606,1,
233872,5,3,15,0,2019,1,16,5,2,0,1,0,1,0,0,0,0,0,"356410,7654","5645335,748",6.956152431,50.9417446,2,
233920,5,3,15,0,2019,1,14,4,3,6,6,0,1,1,1,0,0,0,"361159,2849","5645452,482",7.023654579,50.94395674,1,
233921,5,3,15,0,2019,1,17,4,3,5,2,2,1,1,0,0,0,0,"353032,2926","5645936,939",6.907854593,50.946296,0,
233960,5,3,15,0,2019,1,7,3,3,6,4,0,0,1,1,0,0,0,"357764,0983","5648314,353",6.974238902,50.9688486,1,
233961,5,3,15,0,2019,1,20,3,3,9,1,2,0,0,0,0,0,1,"356302,91","5650777,53",6.952468656,50.990622,2,
233962,5,3,15,0,2019,1,17,3,3,2,6,2,0,1,0,0,1,0,"357310,3372","5647585,495",6.968066542,50.96218621,1,
233963,5,3,15,0,2019,1,14,3,2,0,7,0,1,1,0,0,0,0,"353725,4749","5646747,078",6.917389881,50.95375273,0,
233964,5,3,15,0,2019,1,15,3,2,0,7,0,0,1,0,0,0,1,"353182,352","5647233,726",6.909466271,50.95798793,1,
233965,5,3,15,0,2019,1,21,3,3,2,6,2,0,1,0,0,0,0,"356514,4251","5641870,991",6.958990436,50.91063298,2,
233966,5,3,15,0,2019,1,7,3,3,5,3,2,1,1,0,0,0,0,"352223,517","5643506,36",6.897335243,50.92424677,2,
234013,5,3,15,0,2019,1,12,2,3,3,5,0,1,1,0,0,0,0,"359918,5615","5646081,782",7.005762674,50.94931222,0,
234014,5,3,15,0,2019,1,18,2,3,0,1,2,0,0,0,1,0,0,"356580,1903","5647179,931",6.957835971,50.95836018,0,
234016,5,3,15,0,2019,1,16,2,3,0,3,0,1,1,0,0,0,0,"348207,194","5647848,025",6.838421882,50.9622191,0,
234017,5,3,15,0,2019,1,13,2,3,2,6,0,0,1,0,0,0,0,"352319,2855","5645929,125",6.897715102,50.94604358,0,
234018,5,3,15,0,2019,1,12,2,2,5,3,0,0,1,0,0,1,0,"351477,131","5644622,09",6.886268289,50.9340816,0,
234019,5,3,15,0,2019,1,9,2,3,6,2,0,0,1,1,0,0,0,"356987,968","5640390,834",6.966301644,50.89744836,0,
234075,5,3,15,0,2019,1,17,4,3,1,5,1,0,1,0,0,1,0,"351947,4775","5653729,9",6.889248602,51.01604933,2,
234076,5,3,15,0,2019,1,16,4,3,2,6,0,0,1,0,0,0,0,"357353,0917","5646882,465",6.968950536,50.95587873,1,
234077,5,3,15,0,2019,1,21,4,3,2,6,2,0,1,0,0,0,0,"355567,2054","5645182,034",6.94421439,50.94015251,1,
234141,5,3,15,0,2019,1,19,3,3,5,3,2,0,1,0,0,0,0,"360832,1816","5644956,675",7.019190775,50.93942196,0,
234143,5,3,15,0,2019,1,0,3,3,6,2,2,0,1,1,0,0,0,"360101,5136","5644386,451",7.009016628,50.93412045,1,
234144,5,3,15,0,2019,1,18,3,3,8,7,2,0,1,0,0,0,0,"354878,0285","5656427,742",6.929919234,51.04104074,0,
234145,5,3,15,0,2019,1,7,3,3,3,6,2,0,1,0,1,0,0,"353301,1297","5646356,705",6.911509773,50.95013675,1,
234147,5,3,15,0,2019,1,13,3,3,1,5,0,1,1,0,0,0,0,"355151,6502","5640889,723",6.940008371,50.90147412,0,
234206,5,3,15,0,2019,1,14,2,3,2,6,0,0,1,0,0,0,0,"361592,444","5646823,884",7.029295212,50.95638603,1,
234207,5,3,15,0,2019,1,13,2,2,6,4,0,0,1,1,0,0,0,"362545,2321","5650970,265",7.041285333,50.99387878,1,
234208,5,3,15,0,2019,1,7,2,3,1,7,2,1,1,0,0,0,0,"349210,1391","5645571,339",6.853636337,50.94202357,1,
234209,5,3,15,0,2019,1,8,2,3,4,7,0,0,1,0,1,0,0,"355701,3138","5643949,33",6.946610012,50.92910799,1,
234249,5,3,15,0,2019,1,13,1,3,5,3,0,0,1,0,0,0,0,"364266,0191","5641070,14",7.069481949,50.90531024,1,
234250,5,3,15,0,2019,1,4,1,3,5,3,2,0,1,0,0,0,0,"363436,041","5643826,301",7.056652721,50.92988538,1,
234251,5,3,15,0,2019,1,21,1,3,6,4,2,1,0,1,0,0,0,"359245,6027","5647207,181",6.995753345,50.95926232,1,
234252,5,3,15,0,2019,1,0,1,3,0,1,2,1,0,0,0,0,0,"356250,1804","5647681,565",6.952941977,50.96278605,1,
234253,5,3,15,0,2019,1,12,1,2,4,2,0,0,1,0,0,0,0,"354926,9702","5642887,621",6.936021018,50.91937242,1,
234254,5,3,15,0,2019,1,18,1,3,5,3,2,0,1,0,0,0,0,"355514,4773","5643406,883",6.944168099,50.92418635,1,
234255,5,3,15,0,2019,1,18,1,3,0,5,2,1,1,0,0,0,0,"356391,633","5644416,518",6.956242584,50.93347883,1,
234276,5,3,15,0,2019,1,14,7,3,9,1,0,0,1,0,0,0,0,"358007,1257","5643588,358",6.979540632,50.92643614,1,
234277,5,3,15,0,2019,1,7,7,3,5,3,1,1,1,0,0,0,0,"358386,9219","5648327,144",6.983098448,50.96911701,0,
234278,5,3,15,0,2019,1,19,7,3,5,3,2,0,1,0,0,0,0,"354499,4065","5642127,524",6.930245383,50.91243397,1,
234346,5,3,15,0,2019,2,10,2,3,0,1,0,0,0,0,0,0,1,"357119,9911","5648932,051",6.964828844,50.97424036,0,
234347,5,3,15,0,2019,2,8,2,3,0,2,0,1,0,0,0,0,0,"356011,964","5647166,278",6.94975589,50.95809578,2,
234348,5,3,15,0,2019,2,7,2,3,6,4,0,0,1,1,0,0,0,"356403,606","5646387,945",6.955635713,50.95119876,0,
234386,5,3,15,0,2019,2,11,1,3,0,7,0,1,0,0,0,0,0,"360370,3471","5640212,009",7.014437794,50.89666896,1,
234388,5,3,15,0,2019,2,10,1,3,1,5,0,1,1,0,0,0,0,"361314,3114","5649456,204",7.024333879,50.97997635,0,
234389,5,3,15,0,2019,2,12,1,2,0,1,0,1,0,0,0,0,0,"352486,6525","5652854,163",6.897285999,51.00831816,0,
234416,5,3,15,0,2019,2,17,7,3,5,7,1,0,1,0,0,0,0,"353495,143","5651819,692",6.912068689,50.9992796,1,
234417,5,3,15,0,2019,2,17,7,3,0,7,1,1,0,0,0,0,0,"353864,2702","5646567,473",6.919436706,50.95217389,1,
234418,5,3,15,0,2019,2,9,7,3,0,1,0,1,0,0,0,0,0,"353752,1962","5643141,736",6.919217147,50.92135954,1,
234419,5,3,15,0,2019,2,11,7,3,5,2,0,0,1,0,0,0,0,"356869,075","5644432,313",6.963026481,50.93373946,1,
234466,5,3,15,0,2019,2,14,6,3,6,4,0,0,1,1,0,0,0,"365508,7834","5636321,753",7.088894356,50.86292418,1,
234467,5,3,15,0,2019,2,10,6,3,5,3,0,0,1,0,0,0,0,"361838,2534","5648434,877",7.032181162,50.97092342,1,
234468,5,3,15,0,2019,2,1,6,3,1,7,2,0,1,0,0,0,0,"360349,9386","5647722,143",7.011270522,50.96415905,2,
234469,5,3,15,0,2019,2,13,6,2,6,2,0,0,1,1,0,0,0,"352469,875","5654123,955",6.896530643,51.01972473,1,
234470,5,3,15,0,2019,2,12,6,3,4,7,0,0,1,0,0,0,0,"353817,9258","5646811,409",6.918679405,50.9543543,1,
234471,5,3,15,0,2019,2,11,6,3,6,4,0,0,1,1,0,0,0,"352900,7293","5645850,955",6.9060178,50.94548975,1,
234472,5,3,15,0,2019,2,10,6,3,3,2,0,0,1,0,0,0,0,"356768,413","5641852,082",6.962608263,50.91052612,1,
234473,5,3,15,0,2019,2,18,6,3,0,7,2,1,0,0,0,0,1,"353246,244","5644613,747",6.911431127,50.9344595,1,
234474,5,3,15,0,2019,2,6,6,3,4,6,2,1,1,0,0,0,0,"352081,215","5643148,924",6.895456912,50.92099818,2,
234475,5,3,15,0,2019,2,18,6,3,1,5,2,1,1,0,0,0,0,"356011,2019","5645725,887",6.950314709,50.94515106,1,
234476,5,3,15,0,2019,2,12,6,3,0,1,0,1,1,0,0,0,0,"356491,6557","5646162,875",6.956977123,50.94919801,1,
234477,5,3,15,0,2019,2,13,6,3,2,6,0,0,1,0,0,0,1,"355955,9075","5642968,679",6.950617828,50.92035865,1,
234535,5,3,15,0,2019,1,8,5,3,6,2,1,0,1,1,0,0,0,"359520,6803","5644687,784",7.000639629,50.93668738,1,
234536,5,3,15,0,2019,1,15,5,3,5,7,0,0,1,0,1,0,0,"355827,0929","5647983,488",6.946801518,50.96539365,1,
234537,5,3,15,0,2019,1,12,5,3,6,7,0,0,1,1,0,0,0,"351940,3752","5649371,031",6.890924583,50.97687695,1,
234538,5,3,15,0,2019,1,10,5,3,2,2,0,0,1,0,0,0,0,"358622,8884","5640337,877",6.989556097,50.897375,2,
234563,5,3,15,0,2019,2,8,2,3,1,5,0,1,1,0,0,0,0,"360320,982","5646916,333",7.011167736,50.95691011,1,