OBJECTID,ULAND,UREGBEZ,UKREIS,UGEMEINDE,UJAHR,UMONAT,USTUNDE,UWOCHENTAG,UKATEGORIE,UART,UTYP1,ULICHTVERH,IstRad,IstPKW,IstFuss,IstKrad,IstGkfz,IstSonstige,LINREFX,LINREFY,XGCSWGS84,YGCSWGS84,USTRZUSTAND,UIDENTSTLAE
234564,5,3,15,0,2019,2,17,2,3,5,2,1,1,1,0,0,0,0,"356816,5742","5641539,527",6.963415492,50.90772916,1,
234565,5,3,15,0,2019,2,9,2,3,2,6,0,0,1,0,0,1,0,"356196,6137","5644408,124",6.953472376,50.9333548,1,
234566,5,3,15,0,2019,2,18,2,3,0,7,2,1,1,0,0,0,0,"355207,9049","5645865,105",6.938832292,50.94620099,1,
234599,5,3,15,0,2019,2,16,1,3,3,6,0,0,1,0,0,0,0,"359534,5829","5644907,913",7.000752506,50.93866909,1,
234620,5,3,15,0,2019,2,5,7,2,1,7,2,0,1,0,0,0,0,"353965,5501","5649622,329",6.919651303,50.9796524,1,
234621,5,3,15,0,2019,2,3,7,3,5,3,2,1,0,0,0,0,0,"353260,2004","5646928,278",6.910697109,50.95526282,1,
234623,5,3,15,0,2019,2,1,7,3,6,4,2,0,1,1,0,0,0,"356528,034","5644601,954",6.958109448,50.93517927,1,
234650,5,3,15,0,2019,2,2,7,3,9,1,2,0,1,0,0,0,0,"362229,4931","5646458,699",7.038498304,50.95325666,1,
234662,5,3,15,0,2019,2,14,6,3,6,4,0,0,1,1,0,0,0,"363456,6497","5643817,563",7.056949082,50.92981172,0,
234663,5,3,15,0,2019,2,13,6,3,2,6,0,0,1,0,0,0,0,"362707,8883","5650854,821",7.043645357,50.99288009,0,
234665,5,3,15,0,2019,2,7,6,3,5,2,1,1,1,0,0,0,0,"352337,443","5645926,659",6.897974394,50.94602606,0,
234666,5,3,15,0,2019,2,10,6,3,0,7,0,1,1,0,0,0,0,"353542,72","5642410,396",6.916532501,50.91473409,0,
234717,5,3,15,0,2019,2,16,5,3,5,3,0,0,1,0,0,0,0,"363614,4057","5640497,276",7.060433844,50.90000806,0,
234718,5,3,15,0,2019,2,13,5,3,6,6,0,0,1,1,0,0,0,"364948,5311","5645622,027",7.077497283,50.94638064,0,
234719,5,3,15,0,2019,2,15,5,3,0,4,0,1,0,1,0,0,0,"362987,9047","5645175,786",7.049772143,50.94190745,0,
234720,5,3,15,0,2019,2,7,5,3,0,3,0,0,1,0,1,0,0,"356907,516","5650357,483",6.961243246,50.98699773,1,
234721,5,3,15,0,2019,2,18,5,3,6,7,2,0,0,1,0,0,1,"355921,8551","5649164,821",6.947682115,50.97603372,1,
234722,5,3,15,0,2019,2,6,5,3,3,6,2,0,1,0,0,0,1,"353568,5529","5648272,651",6.914543359,50.9674226,0,
234723,5,3,15,0,2019,2,13,5,3,8,7,0,0,1,0,0,0,0,"352237,9429","5644644,738",6.897078929,50.93448055,1,
234765,5,3,15,0,2019,2,6,4,3,0,1,1,1,0,0,0,0,0,"363165,8874","5641670,972",7.053619342,50.91045049,2,
234766,5,3,15,0,2019,2,12,4,3,1,7,0,0,1,0,1,0,0,"359617,3203","5645152,379",7.001835143,50.94088629,0,
234767,5,3,15,0,2019,2,22,4,3,0,1,2,0,0,0,1,0,0,"351418,0347","5646122,169",6.884816051,50.94754678,0,
234808,5,3,15,0,2019,2,16,3,3,5,3,0,1,1,0,0,0,0,"359182,59","5644764,225",6.995801389,50.9372919,0,
234809,5,3,15,0,2019,2,7,3,3,6,2,2,0,1,1,0,0,0,"347796,6079","5646102,516",6.833309287,50.94642541,1,
234810,5,3,15,0,2019,2,16,3,3,0,7,0,1,0,0,0,0,0,"351928,8875","5648660,516",6.891050393,50.97048899,0,
234811,5,3,15,0,2019,2,18,3,3,0,7,2,0,0,0,1,0,1,"353270,3552","5647177,542",6.910741107,50.95750544,0,
234812,5,3,15,0,2019,2,20,3,3,5,2,2,0,1,0,1,0,0,"355119,8035","5644036,591",6.938306076,50.92974643,0,
234839,5,3,15,0,2019,2,13,6,3,5,3,0,0,1,0,0,0,0,"359520,8328","5644687,011",7.000642096,50.93668047,0,
234840,5,3,15,0,2019,2,7,6,3,5,2,0,0,1,0,0,0,0,"360622,1857","5646328,589",7.01567874,50.95170088,0,
234841,5,3,15,0,2019,2,22,6,2,6,4,2,0,1,1,0,0,0,"355346,436","5648397,256",6.939796558,50.96899158,0,
234842,5,3,15,0,2019,2,7,6,3,6,2,0,0,1,1,0,0,0,"353385,8135","5648039,015",6.912036822,50.96527652,0,
234843,5,3,15,0,2019,2,9,6,3,0,5,0,1,1,0,0,0,0,"355735,5354","5645557,227",6.946460083,50.94356643,0,
234916,5,3,15,0,2019,2,20,5,2,4,2,2,0,1,0,1,0,0,"359291,8397","5643924,408",6.997679523,50.92977104,0,
234917,5,3,15,0,2019,2,14,5,3,6,4,0,0,1,1,0,0,0,"365176,094","5636498,768",7.08410447,50.86443764,0,
234918,5,3,15,0,2019,2,10,5,2,5,2,0,1,1,0,0,0,0,"363476,2805","5647978,656",7.055668153,50.96721378,0,
234919,5,3,15,0,2019,2,8,5,3,1,5,0,0,1,0,0,0,0,"351463,7803","5651703,477",6.883187018,50.99771447,0,
234920,5,3,15,0,2019,2,16,5,3,5,3,0,0,1,0,0,0,0,"356410,6317","5648360,709",6.954957246,50.9689294,0,
234922,5,3,15,0,2019,2,9,5,3,5,2,0,1,1,0,0,0,0,"352493,0231","5644787,785",6.900648673,50.93583135,0,
234923,5,3,15,0,2019,2,6,5,2,1,5,2,1,1,0,0,0,0,"352909,9127","5648643,303",6.905019892,50.97058567,0,
234924,5,3,15,0,2019,2,19,5,3,6,6,2,0,1,1,0,0,0,"353844,4849","5645887,977",6.919427957,50.94606248,0,
234925,5,3,15,0,2019,2,7,5,3,5,2,0,1,1,0,0,0,0,"355100,9955","5641289,038",6.939129986,50.90504998,0,
234926,5,3,15,0,2019,2,18,5,3,2,6,2,0,1,0,0,0,0,"355967,874","5644649,983",6.950123722,50.93547127,0,
234990,5,3,15,0,2019,2,10,4,3,2,6,0,0,1,0,0,0,0,"365870,374","5636004,206",7.094145869,50.86015415,0,
234991,5,3,15,0,2019,2,13,4,3,1,5,0,1,1,0,0,0,0,"360071,9259","5647861,002",7.007260545,50.96533954,0,
234992,5,3,15,0,2019,2,15,4,3,0,7,0,0,1,0,0,0,0,"366108,4919","5647863,006",7.093175503,50.9667922,0,
234993,5,3,15,0,2019,2,15,4,3,6,4,0,0,1,1,0,0,0,"354906,4657","5647921,329",6.933724543,50.96460391,0,
234994,5,3,15,0,2019,2,8,4,3,5,3,0,1,1,0,0,0,0,"347760,144","5646099,732",6.832791766,50.94639076,0,
234995,5,3,15,0,2019,2,15,4,3,0,1,0,1,0,0,0,0,0,"354282,7866","5641757,174",6.927313987,50.90905108,0,
234996,5,3,15,0,2019,2,18,4,3,1,2,2,1,1,0,0,0,0,"355774,6787","5644455,913",6.94745284,50.93367891,0,
235050,5,3,15,0,2019,2,21,3,3,6,4,2,0,1,1,0,0,0,"355839,5226","5649144,305",6.946518272,50.97582874,0,
235051,5,3,15,0,2019,2,7,3,3,0,1,0,1,0,0,0,0,0,"351660,894","5656153,324",6.884174177,51.03775315,2,
235052,5,3,15,0,2019,2,8,3,2,0,3,0,1,1,0,0,0,0,"351951,1556","5655032,403",6.888769222,51.02775504,1,
235053,5,3,15,0,2019,2,20,3,3,5,2,2,0,1,0,1,0,0,"352928,0303","5645844,613",6.906408718,50.94543972,0,
235054,5,3,15,0,2019,2,9,3,3,1,6,0,0,1,0,0,0,0,"357046,859","5639886,403",6.967335966,50.89292962,2,
235055,5,3,15,0,2019,2,19,3,3,4,6,2,1,1,0,0,0,0,"355794,0619","5643661,192",6.948042898,50.92654174,0,
235109,5,3,15,0,2019,2,15,3,3,3,2,0,1,1,0,0,1,0,"351682,4116","5646055,729",6.888603994,50.94701779,0,
235110,5,3,15,0,2019,2,14,3,3,1,7,0,0,1,0,1,0,0,"352493,0306","5644847,099",6.900624769,50.93636438,0,
235111,5,3,15,0,2019,2,12,3,3,1,5,0,1,0,0,0,0,0,"358834,6595","5640063,749",6.992671552,50.89496318,0,
235178,5,3,15,0,2019,2,20,2,3,0,5,2,1,1,0,0,0,0,"359531,7718","5644898,14",7.000716289,50.93858058,0,
235179,5,3,15,0,2019,2,19,2,2,6,4,2,0,1,1,0,0,0,"359560,6928","5644984,526",7.001094356,50.93936398,0,
235180,5,3,15,0,2019,2,9,2,3,3,6,0,1,0,0,0,1,0,"357663,2956","5645602,093",6.973864882,50.9444488,0,
235181,5,3,15,0,2019,2,17,2,3,6,7,0,0,0,1,0,0,1,"362039,5641","5649636,86",7.034590474,50.98177418,0,
235182,5,3,15,0,2019,2,18,2,2,5,2,0,1,1,0,0,0,0,"356097,3775","5647671,174",6.950771597,50.96265452,0,
235183,5,3,15,0,2019,2,13,2,3,0,7,0,1,0,0,0,0,0,"357246,5653","5642744,537",6.969055953,50.91866505,0,
235184,5,3,15,0,2019,2,16,2,3,6,2,0,0,1,1,0,0,0,"355799,932","5644902,787",6.947635154,50.93770121,0,
235241,5,3,15,0,2019,2,15,1,3,5,2,0,0,1,0,0,0,0,"359355,3221","5643119,71",6.998892719,50.9225546,0,
235242,5,3,15,0,2019,2,18,1,3,3,2,2,1,1,0,0,0,0,"356528,265","5646354,067",6.957422612,50.95092534,0,
235279,5,3,15,0,2019,2,13,7,3,6,4,0,1,0,1,0,0,0,"360108,6177","5648362,169",7.007589997,50.96985249,0,
235280,5,3,15,0,2019,2,14,7,3,2,2,0,0,1,0,0,0,0,"353269,624","5653255,203",6.908276639,51.01212235,0,
235281,5,3,15,0,2019,2,19,7,3,6,4,1,1,0,1,0,0,0,"355549,618","5644998,429",6.944037029,50.93849807,0,
235356,5,3,15,0,2019,2,16,1,3,4,3,0,1,0,0,0,0,0,"366408,887","5636410,617",7.101644761,50.86393154,0,
235357,5,3,15,0,2019,2,4,1,3,0,5,2,0,1,0,0,0,0,"359377,5476","5650060,602",6.996527501,50.98493835,0,
235358,5,3,15,0,2019,2,15,1,3,1,5,0,0,1,0,0,0,0,"354044,6895","5649863,065",6.920681228,50.98183587,0,
235359,5,3,15,0,2019,2,2,1,3,1,7,2,1,1,0,0,0,0,"355885,6764","5647735,826",6.947733352,50.96318262,0,
235360,5,3,15,0,2019,2,17,1,3,5,2,0,0,1,1,0,0,0,"356685,0193","5644719,715",6.960295832,50.93627661,0,
235394,5,3,15,0,2019,2,17,7,2,8,1,1,0,0,0,1,0,0,"366535,9377","5635317,713",7.103847659,50.8541381,0,
235395,5,3,15,0,2019,2,12,7,3,0,7,0,1,0,0,0,0,0,"358397,9941","5645741,719",6.984261946,50.94588454,0,
235396,5,3,15,0,2019,2,13,7,3,0,1,0,1,0,0,0,0,0,"354733,1804","5644292,195",6.932706257,50.93194624,0,
235397,5,3,15,0,2019,2,21,7,2,0,7,2,0,1,0,0,0,0,"355946,3511","5644891,294",6.949722218,50.93763452,0,
235456,5,3,15,0,2019,2,10,6,3,0,7,0,0,0,1,0,0,1,"360957,659","5643742,928",7.021438662,50.928544,0,
235457,5,3,15,0,2019,2,19,6,3,3,5,2,0,1,0,1,0,0,"352444,2044","5645071,7",6.899839401,50.93837028,0,
235503,5,3,15,0,2019,2,17,5,3,4,2,0,0,1,0,0,0,0,"363670,634","5642095,184",7.06063615,50.91438252,0,
235504,5,3,15,0,2019,2,15,5,3,6,4,0,0,1,1,0,0,0,"360192,6377","5646191,425",7.009619877,50.95036414,0,
235505,5,3,15,0,2019,2,10,5,3,1,1,0,1,1,0,0,0,0,"360568,0137","5646631,63",7.014791919,50.95441126,0,
235507,5,3,15,0,2019,2,13,5,2,6,4,0,0,1,1,0,0,0,"356766,0179","5648939,677",6.959787289,50.97422097,0,
235508,5,3,15,0,2019,2,16,5,3,5,3,0,0,1,0,0,0,0,"356930,441","5636597,673",6.966968681,50.86334492,0,
235509,5,3,15,0,2019,2,5,5,2,5,2,2,0,1,0,0,0,1,"356946,1447","5640676,008",6.965595584,50.90000085,0,
235510,5,3,15,0,2019,2,18,5,2,0,1,2,1,0,0,0,0,0,"356948,6364","5644179,303",6.964257302,50.93148542,1,
235570,5,3,15,0,2019,2,13,4,3,5,2,0,1,1,0,0,0,0,"364021,8176","5640158,38",7.06635039,50.89705831,0,
235571,5,3,15,0,2019,2,8,4,3,5,3,0,0,1,0,0,0,1,"361378,5317","5644542,695",7.027119669,50.93583301,0,
235572,5,3,15,0,2019,2,16,4,3,5,3,0,1,1,0,0,0,0,"362648,1701","5649677,472",7.043240018,50.98228468,0,
235573,5,3,15,0,2019,2,20,4,3,4,6,2,1,1,0,0,0,0,"354835,9149","5644908,18",6.933921889,50.9375078,1,
235596,5,3,15,0,2019,2,8,5,3,5,3,0,1,1,0,0,0,0,"359704,7671","5638905,611",7.0054809,50.88476677,0,
235597,5,3,15,0,2019,2,22,5,3,6,7,2,0,1,1,0,0,0,"356548,2361","5643024,213",6.959017592,50.92100529,1,
235598,5,3,15,0,2019,2,21,5,2,6,6,2,1,0,1,0,0,0,"355321,3806","5644816,464",6.940863017,50.93680558,1,
235653,5,3,15,0,2019,2,13,4,3,5,3,0,0,1,0,0,0,0,"364634,1646","5639699,025",7.075223125,50.89307369,0,
235654,5,3,15,0,2019,2,16,4,3,3,6,0,1,1,0,0,0,0,"355713,9369","5649719,016",6.944502497,50.98096207,0,
235655,5,3,15,0,2019,2,14,4,3,1,2,0,0,1,0,0,0,0,"355172,6469","5654719,505",6.934801579,51.02576383,0,
235656,5,3,15,0,2019,2,12,4,3,6,2,0,0,1,1,0,0,0,"356889,8797","5650677,183",6.960866206,50.98986644,0,
235657,5,3,15,0,2019,2,8,4,3,0,5,0,1,1,0,0,0,0,"351197,214","5647028,599",6.881304321,50.95563538,0,
235658,5,3,15,0,2019,2,17,4,3,0,1,0,0,0,0,1,0,0,"356775,1551","5638450,446",6.964037988,50.87995738,0,
235659,5,3,15,0,2019,2,8,4,3,2,6,0,0,1,0,0,0,0,"355360,5055","5643168,111",6.942073505,50.92200197,0,
235686,5,3,15,0,2019,2,23,5,3,3,7,2,0,1,0,0,0,1,"359814,6936","5646252,393",7.004219252,50.95082027,1,
235737,5,3,15,0,2019,2,19,3,3,5,2,1,1,1,0,0,0,0,"357664,714","5645137,409",6.974066632,50.94027305,0,
235738,5,3,15,0,2019,2,13,3,3,1,6,0,0,1,0,0,0,0,"357352,9065","5646882,354",6.968947944,50.95587768,0,
235739,5,3,15,0,2019,2,13,3,3,0,3,0,1,1,0,0,0,0,"348050,3021","5647755,979",6.836227831,50.96135061,0,
235740,5,3,15,0,2019,2,10,3,2,6,4,0,0,1,1,0,0,0,"347861,7274","5645640,304",6.834428651,50.94228909,0,
235741,5,3,15,0,2019,2,10,3,3,3,7,0,0,1,0,1,0,0,"354740,2096","5646178,571",6.932054073,50.94890036,0,
235742,5,3,15,0,2019,2,14,3,2,0,7,0,1,0,1,0,0,0,"359766,6686","5639713,351",7.006050353,50.89204114,0,
235743,5,3,15,0,2019,2,16,3,3,5,2,0,0,1,1,0,0,0,"353016,0554","5642819,042",6.90888097,50.91827255,0,
235744,5,3,15,0,2019,2,15,3,2,5,2,0,1,1,0,0,0,0,"353012,551","5641346,03",6.909424487,50.90503422,0,
235794,5,3,15,0,2019,2,19,3,3,2,6,2,0,1,0,0,0,0,"361975,103","5646634,178",7.034812176,50.95477287,0,
235798,5,3,15,0,2019,2,15,5,3,6,7,0,0,1,1,0,0,0,"363030,0186","5637829,897",7.053128162,50.87589674,0,
235812,5,3,15,0,2019,2,16,2,3,6,6,0,0,1,1,0,0,0,"364820,1989","5638378,271",7.078355371,50.88124683,0,
235813,5,3,15,0,2019,2,15,2,3,6,2,0,0,1,1,0,0,0,"364316,9199","5638580,583",7.071130246,50.88294717,0,
235814,5,3,15,0,2019,2,17,2,2,3,2,0,1,0,0,0,0,1,"357649,723","5647353,809",6.972986872,50.96018801,0,
235815,5,3,15,0,2019,2,5,2,3,5,3,2,0,1,0,0,0,0,"349116,15","5648640,226",6.851027366,50.96957674,0,
235816,5,3,15,0,2019,2,7,2,3,5,2,0,0,1,0,1,0,0,"354015,6191","5646687,462",6.921541858,50.95329054,0,
235817,5,3,15,0,2019,2,14,2,3,5,2,0,0,1,0,1,0,1,"352750,883","5649419,319",6.902442224,50.97751871,0,
235818,5,3,15,0,2019,2,6,2,3,5,2,1,0,1,0,0,0,0,"358005,2558","5640424,638",6.980745176,50.8980032,0,
235819,5,3,15,0,2019,2,15,2,3,5,2,0,1,1,0,0,0,0,"356946,644","5640713,422",6.965588022,50.90033722,0,
235820,5,3,15,0,2019,2,15,2,3,3,2,0,1,1,0,0,0,0,"353689,7525","5643955,132",6.918002958,50.92865343,0,
235821,5,3,15,0,2019,2,16,2,3,1,5,0,1,1,0,0,0,0,"353570,6739","5643286,33",6.916578254,50.92261291,0,
235853,5,3,15,0,2019,2,11,5,3,5,2,0,1,1,0,0,0,0,"357772,9171","5647625,531",6.974633727,50.96266039,0,
235892,5,3,15,0,2019,3,5,4,3,0,1,2,0,0,0,1,0,0,"356708,7985","5650206,371",6.958473467,50.98559029,1,
235893,5,3,15,0,2019,3,14,4,3,0,5,0,1,1,0,0,0,0,"353051,0584","5645643,733",6.90823984,50.94366587,1,
235894,5,3,15,0,2019,3,16,4,3,5,2,0,1,1,0,0,0,0,"354254,5589","5636687,16",6.928934809,50.8634808,0,
235895,5,3,15,0,2019,3,15,4,3,6,4,0,0,1,1,0,0,0,"353340,415","5643122,976",6.913370102,50.92108643,0,
235896,5,3,15,0,2019,3,8,4,3,3,6,0,0,1,0,0,0,0,"356199,2084","5645037,509",6.953260906,50.93901164,0,
235943,5,3,15,0,2019,3,18,3,3,5,2,2,0,1,0,1,0,0,"356392,5789","5644340,052",6.956286165,50.93279188,0,
235944,5,3,15,0,2019,3,15,3,3,0,7,0,1,0,0,0,0,0,"354978,0811","5643906,671",6.936342401,50.92854325,0,
235945,5,3,15,0,2019,3,8,3,3,5,2,0,1,1,0,0,0,0,"356438,7007","5644030,088",6.957064174,50.93001775,1,
235974,5,3,15,0,2019,3,12,2,3,0,1,0,1,0,0,0,0,0,"352940,9432","5648258,071",6.905617296,50.96713169,1,
235999,5,3,15,0,2019,3,16,1,3,3,6,0,0,1,0,0,0,0,"358189,4701","5648449,208",6.980240546,50.97016541,0,
236000,5,3,15,0,2019,3,14,1,3,3,6,0,0,1,0,0,0,0,"357309,167","5649846,957",6.967162509,50.98250941,0,
236026,5,3,15,0,2019,3,14,7,2,0,1,0,1,0,0,0,0,0,"349915,4509","5644447,372",6.864131313,50.93210724,0,
236027,5,3,15,0,2019,3,14,7,3,5,3,0,0,1,0,0,0,0,"352207,1643","5650911,409",6.894095737,50.99078801,1,
236064,5,3,15,0,2019,3,11,6,3,5,3,0,0,1,0,0,0,1,"366425,674","5636183,604",7.101966037,50.86189508,1,
236065,5,3,15,0,2019,3,8,6,3,6,7,0,0,1,1,0,0,0,"366419,5651","5637764,412",7.101301993,50.8761016,1,
236066,5,3,15,0,2019,3,22,6,3,3,2,2,0,1,0,0,0,0,"360260,5507","5647995,931",7.009893218,50.96659795,0,
236067,5,3,15,0,2019,3,10,6,3,2,7,0,1,1,0,0,0,0,"356048,5291","5637749,403",6.953991918,50.87347658,1,
236068,5,3,15,0,2019,3,13,6,2,5,3,0,1,1,0,0,0,0,"354609,8657","5642024,163",6.93185676,50.91153292,1,
236122,5,3,15,0,2019,3,8,5,3,5,7,0,1,1,0,0,0,0,"355469,325","5644629,053",6.943041516,50.93515845,0,
236128,5,3,15,0,2019,3,18,5,3,5,3,0,0,1,0,0,0,0,"352756,3528","5653922,176",6.900694196,51.01798489,0,
236152,5,3,15,0,2019,3,15,3,3,0,7,0,0,0,0,1,0,1,"357869,3542","5648104,045",6.975819162,50.96698456,0,
236153,5,3,15,0,2019,3,10,3,3,0,7,0,1,0,0,0,0,1,"356559,2856","5646749,664",6.957708076,50.95448823,0,
236154,5,3,15,0,2019,3,16,3,3,1,5,0,0,1,0,0,0,0,"348561,2689","5643218,69",6.845384646,50.92071205,0,
236155,5,3,15,0,2019,3,13,3,2,5,3,0,1,0,0,0,0,0,"354409,321","5647057,474",6.926995284,50.95671531,0,
236156,5,3,15,0,2019,3,9,3,3,0,1,0,1,0,0,0,0,0,"354854,7034","5643809,945",6.934626469,50.92764297,0,
236157,5,3,15,0,2019,3,15,3,3,1,5,0,0,1,0,0,0,0,"355463,5222","5642300,859",6.943881852,50.91423394,0,
236215,5,3,15,0,2019,3,15,2,2,5,3,0,1,1,0,0,0,0,"364573,6482","5639576,752",7.074408488,50.89196056,0,
236216,5,3,15,0,2019,3,12,2,2,5,3,0,0,1,0,1,0,0,"362743,932","5645205,972",7.046290222,50.94212071,1,
236217,5,3,15,0,2019,3,13,2,3,6,4,0,0,1,1,0,0,0,"361891,0872","5649281,228",7.032611708,50.97854244,1,
236218,5,3,15,0,2019,3,16,2,3,6,7,0,0,1,1,0,0,0,"351834,49","5652775,671",6.888028604,51.00744518,1,
236219,5,3,15,0,2019,3,14,5,3,2,2,0,0,1,0,0,0,0,"348819,9136","5646213,63",6.847819398,50.94769317,0,
236220,5,3,15,0,2019,3,16,2,3,1,5,0,0,1,0,0,0,0,"356719,8388","5641774,622",6.961948201,50.90981794,0,
236261,5,3,15,0,2019,3,9,1,3,5,3,0,0,1,0,0,0,1,"360061,9003","5648009,233",7.00706084,50.96666927,1,
236280,5,3,15,0,2019,3,10,7,3,5,2,0,1,1,0,0,0,0,"357976,0174","5644232,885",6.978847169,50.93222086,1,
236281,5,3,15,0,2019,3,23,7,3,9,1,2,0,1,0,0,0,0,"359069,2968","5639740,878",6.996130409,50.8921188,0,
236283,5,3,15,0,2019,3,10,7,3,5,3,0,1,1,0,0,0,0,"357977,1521","5644232,161",6.978863588,50.93221463,1,
236329,5,3,15,0,2019,3,15,6,3,6,6,0,1,0,1,0,0,0,"354775,301","5642357,694",6.934075657,50.91457194,0,
236363,5,3,15,0,2019,3,15,5,3,5,3,0,1,1,0,0,0,0,"356636,188","5642748,8",6.960376348,50.91855204,0,
236399,5,3,15,0,2019,3,5,1,3,6,6,2,0,1,1,0,0,0,"351147,8563","5646211,274",6.880936232,50.94827781,0,
236421,5,3,15,0,2019,3,13,7,3,0,7,0,0,1,0,1,0,0,"353260,827","5646928,824",6.910705805,50.95526789,0,
236466,5,3,15,0,2019,3,13,6,2,6,4,0,0,1,1,0,0,0,"361494,586","5644571,6",7.028759338,50.93612067,0,
236467,5,3,15,0,2019,3,9,6,3,5,3,0,1,1,0,0,0,0,"350190,73","5644064,93",6.86820311,50.92874204,1,
236468,5,3,15,0,2019,3,13,6,3,5,2,0,1,1,0,0,0,0,"354709,8604","5642252,542",6.933187237,50.9136105,1,
236469,5,3,15,0,2019,3,11,6,3,5,3,0,1,1,0,0,0,0,"355888,644","5644648,418",6.948997506,50.93543741,1,
236530,5,3,15,0,2019,3,9,5,3,5,2,0,0,1,0,0,0,0,"355019,2155","5654763,579",6.932597587,51.02612124,1,
236581,5,3,15,0,2019,3,10,4,3,6,7,0,0,1,1,0,0,0,"363124,7578","5644528,111",7.051962227,50.93611904,0,
236582,5,3,15,0,2019,3,11,4,3,0,1,0,0,0,0,1,0,0,"362739,2968","5648237,17",7.0450812,50.96936199,1,
236583,5,3,15,0,2019,3,15,4,3,5,3,0,0,1,0,0,0,0,"355368,134","5648327,13",6.94013326,50.96836682,1,
236584,5,3,15,0,2019,3,19,4,3,0,7,2,1,0,0,0,0,0,"354324,4432","5646458,81",6.926027162,50.95131386,1,
236585,5,3,15,0,2019,3,11,4,3,6,4,0,0,1,1,0,0,0,"352187,3097","5649446,792",6.894408762,50.97762121,1,
236586,5,3,15,0,2019,3,19,4,2,6,4,2,0,1,1,0,0,0,"352365,7471","5647174,991",6.897870821,50.95725147,1,
236587,5,3,15,0,2019,3,16,4,3,2,6,0,0,1,0,0,0,0,"355947,9284","5640480,596",6.951486452,50.89799655,1,
236588,5,3,15,0,2019,3,19,4,3,6,4,2,0,0,1,1,0,0,"355317,5144","5641274,79",6.942213014,50.90497624,1,
236677,5,3,15,0,2019,3,11,5,3,6,7,0,0,1,1,0,0,0,"363462,0564","5638686,382",7.058945418,50.88369665,0,
236678,5,3,15,0,2019,3,16,5,3,9,1,0,0,1,0,0,0,1,"364474,9504","5648296,413",7.069763858,50.97030543,0,
236679,5,3,15,0,2019,3,12,5,3,6,4,0,0,1,1,0,0,0,"357491,8992","5647067,056",6.970853317,50.95757198,0,
236680,5,3,15,0,2019,3,13,5,3,1,5,0,0,1,0,0,0,0,"354191,8991","5656125,454",6.920260555,51.03815051,0,
236681,5,3,15,0,2019,3,13,5,3,7,7,0,0,1,0,0,0,1,"352268,9597","5644745,979",6.897478996,50.9353983,0,
236682,5,3,15,0,2019,3,11,5,3,0,1,0,1,0,0,0,0,0,"355260,4861","5642033,846",6.941101451,50.91178346,0,
236683,5,3,15,0,2019,3,8,5,3,2,7,0,0,1,0,1,0,0,"356564,4811","5644410,863",6.958703021,50.93347102,0,
236751,5,3,15,0,2019,3,13,4,3,9,7,0,0,1,0,0,0,0,"359024,5241","5644981,857",6.993468967,50.93920916,0,
236752,5,3,15,0,2019,3,8,4,3,6,4,0,0,1,1,0,0,0,"359377,7483","5645122,021",6.99843909,50.94055507,0,
236753,5,3,15,0,2019,3,17,4,3,5,3,0,1,1,0,0,0,0,"351223,6062","5650488,789",6.880264282,50.98673681,0,
236754,5,3,15,0,2019,3,7,4,3,4,3,0,1,0,0,0,0,0,"352405,726","5645211,174",6.899235631,50.93961382,0,
236755,5,3,15,0,2019,3,13,4,3,2,6,0,0,1,0,0,0,0,"356731,5574","5642041,855",6.962009859,50.91222246,0,
236756,5,3,15,0,2019,3,12,4,3,5,2,0,0,0,0,0,1,1,"355266,1535","5641780,306",6.94128257,50.90950636,0,
236757,5,3,15,0,2019,3,21,4,3,6,7,2,1,0,1,0,0,0,"354901,6319","5645222,033",6.934731578,50.94034486,0,
236758,5,3,15,0,2019,3,16,4,3,5,2,0,1,1,0,0,0,0,"356497,52","5643639,009",6.95805457,50.9265178,0,
236806,5,3,15,0,2019,3,18,3,3,6,4,1,0,1,1,0,0,0,"364475,9909","5639253,654",7.073140617,50.88903378,0,
236807,5,3,15,0,2019,3,14,3,3,5,2,0,1,1,0,0,0,0,"363665,4005","5638900,049",7.061754727,50.88566501,0,
236808,5,3,15,0,2019,3,9,3,2,6,2,0,0,1,1,0,0,0,"364892,5483","5648470,123",7.075643431,50.97196475,0,
236809,5,3,15,0,2019,3,8,3,3,5,3,0,1,1,0,0,0,0,"362977,7784","5648619,082",7.048331739,50.97285114,0,
236810,5,3,15,0,2019,3,20,3,3,0,3,2,1,0,0,0,0,0,"356836,872","5647474,339",6.96137258,50.96106981,0,
236811,5,3,15,0,2019,3,13,3,3,6,4,0,0,0,1,0,0,1,"352465,707","5654785,729",6.896201999,51.02567062,0,
236812,5,3,15,0,2019,3,7,3,3,5,2,0,1,1,0,0,0,0,"351728,7033","5644783,037",6.889780508,50.93559268,0,