OBJECTID,ULAND,UREGBEZ,UKREIS,UGEMEINDE,UJAHR,UMONAT,USTUNDE,UWOCHENTAG,UKATEGORIE,UART,UTYP1,ULICHTVERH,IstRad,IstPKW,IstFuss,IstKrad,IstGkfz,IstSonstige,LINREFX,LINREFY,XGCSWGS84,YGCSWGS84,USTRZUSTAND,UIDENTSTLAE
238584,5,3,15,0,2019,4,21,7,3,0,1,2,1,0,0,0,0,0,"352993,6993","5647353,12",6.906733737,50.95901277,0,
238585,5,3,15,0,2019,4,14,7,3,2,7,0,0,1,0,1,0,0,"353535,0984","5643673,497",6.915916925,50.92608322,0,
238638,5,3,15,0,2019,4,14,6,3,0,1,0,1,0,0,0,0,0,"352662,509","5651298,941",6.900422093,50.99438729,0,
238639,5,3,15,0,2019,4,9,6,3,0,3,0,1,1,0,0,0,0,"349036,092","5646250,888",6.850879124,50.94808463,0,
238640,5,3,15,0,2019,4,19,6,3,0,4,0,1,0,1,0,0,0,"357183,3733","5641974,917",6.968458804,50.91173286,0,
238665,5,3,15,0,2019,4,15,3,2,0,3,0,0,1,0,1,0,0,"358207,4791","5642147,2",6.982949894,50.91353367,0,
238669,5,3,15,0,2019,4,3,3,3,8,1,2,0,1,0,0,0,0,"351742,675","5655292,616",6.885691947,51.03003966,0,
238671,5,3,15,0,2019,4,16,3,3,5,2,0,1,1,0,0,0,0,"348967,3782","5659168,718",6.844526209,51.06414802,0,
238674,5,3,15,0,2019,4,13,3,3,3,6,0,0,1,0,0,0,0,"356874,6008","5650027,502",6.960904568,50.98402407,0,
238691,5,3,15,0,2019,4,15,3,3,1,6,0,0,1,0,0,0,1,"361060,8498","5647853,212",7.02133794,50.96550888,0,
238696,5,3,15,0,2019,4,17,3,3,1,7,0,0,1,0,0,0,0,"359764,8343","5648867,527",7.00250194,50.97431058,0,
238704,5,3,15,0,2019,4,17,7,3,5,2,0,1,1,0,0,0,0,"358755,5292","5644024,803",6.99001377,50.93054222,1,
238705,5,3,15,0,2019,4,16,7,3,2,6,0,0,1,0,0,0,0,"359541,6436","5644534,84",7.000996747,50.93531796,1,
238706,5,3,15,0,2019,4,14,7,3,1,5,0,0,1,0,0,0,0,"352439,8204","5648131,766",6.898536776,50.9658685,1,
238707,5,3,15,0,2019,4,12,7,3,5,5,0,0,0,0,1,0,1,"353845,2101","5647172,663",6.918922544,50.95760768,1,
238708,5,3,15,0,2019,4,17,7,3,0,1,0,1,0,0,0,0,0,"353744,7421","5642171,962",6.91949997,50.91264258,0,
238709,5,3,15,0,2019,4,13,7,3,3,2,0,1,0,0,0,0,0,"356520,4488","5643486,2",6.958440742,50.92515022,1,
238710,5,3,15,0,2019,4,23,7,3,0,1,2,1,0,0,0,0,0,"355632,279","5644442,942",6.945432806,50.93352672,0,
238711,5,3,15,0,2019,4,15,7,3,2,6,0,0,1,0,0,0,0,"356225,7456","5644233,035",6.953955751,50.93178856,1,
238764,5,3,15,0,2019,4,18,6,2,0,1,0,1,0,0,0,0,0,"362923,7623","5640781,643",7.050511372,50.90240026,0,
238765,5,3,15,0,2019,4,12,6,3,4,2,0,0,1,0,1,0,0,"352173,9583","5653660,704",6.892503348,51.01548577,0,
238766,5,3,15,0,2019,4,12,6,3,2,2,0,1,1,0,0,0,0,"352494,504","5644627,224",6.900734724,50.93438883,0,
238767,5,3,15,0,2019,4,9,6,3,5,3,0,1,1,0,0,0,0,"351838,2983","5644665,384",6.891386984,50.93456355,1,
238817,5,3,15,0,2019,4,15,5,3,2,2,0,0,1,0,0,0,0,"352208,5872","5650905,362",6.894118458,50.99073403,0,
238818,5,3,15,0,2019,4,17,5,2,0,1,0,1,0,0,0,0,0,"354854,9826","5643810,082",6.934630385,50.92764427,0,
238819,5,3,15,0,2019,4,17,5,3,0,1,0,1,0,0,0,0,0,"354171,6188","5642650,132",6.925376959,50.91704778,0,
238820,5,3,15,0,2019,4,15,5,3,5,3,0,1,1,0,0,0,0,"355719,3862","5643878,897",6.946894884,50.92847954,0,
238821,5,3,15,0,2019,4,21,5,3,3,6,2,0,1,0,1,0,0,"356698,1044","5642326,785",6.961422407,50.9147748,0,
238876,5,3,15,0,2019,4,16,4,3,0,7,0,1,0,0,0,0,0,"358695,15","5642986,88",6.989557355,50.92119955,0,
238877,5,3,15,0,2019,4,4,4,3,8,6,2,0,0,0,1,0,0,"361693,3719","5649516,974",7.029707294,50.98061368,0,
238878,5,3,15,0,2019,4,12,4,3,0,7,0,1,0,0,0,0,0,"353821,5965","5649982,124",6.917457341,50.9828492,0,
238879,5,3,15,0,2019,4,23,4,2,8,1,2,0,1,0,0,0,0,"351624,0278","5653191,086",6.884860977,51.011124,1,
238880,5,3,15,0,2019,4,17,4,2,5,2,0,1,1,0,0,0,0,"349394,282","5651982,497",6.853600531,50.99968389,0,
238881,5,3,15,0,2019,4,18,4,3,5,3,0,1,1,0,0,0,0,"352051,892","5655093,573",6.890179752,51.02833067,0,
238882,5,3,15,0,2019,4,13,4,2,0,7,0,0,0,0,1,0,1,"353064,7677","5650542,99",6.906456007,50.98769678,0,
238883,5,3,15,0,2019,4,9,4,3,2,6,0,0,1,0,1,0,0,"352584,9061","5646605,387",6.901219806,50.95218881,0,
238884,5,3,15,0,2019,4,18,4,3,1,5,0,1,1,0,0,0,0,"350660,9623","5647305,744",6.873560919,50.9579872,0,
238885,5,3,15,0,2019,4,18,4,3,9,7,0,0,0,0,1,0,0,"359014,4744","5637980,502",6.99603049,50.87628461,0,
238886,5,3,15,0,2019,4,8,4,3,4,6,0,1,0,0,0,0,0,"354708,4212","5643446,871",6.932691045,50.92434329,0,
238887,5,3,15,0,2019,4,14,4,3,3,6,0,1,1,0,0,0,0,"355416,5873","5645180,703",6.942072572,50.9401028,0,
238889,5,3,15,0,2019,4,10,4,3,9,1,0,0,1,0,0,0,0,"356257,1738","5643665,37",6.954626537,50.92669487,0,
238890,5,3,15,0,2019,4,8,4,3,5,3,0,1,1,0,0,0,0,"355855,0611","5644467,3",6.948591518,50.93380135,0,
238979,5,3,15,0,2019,5,19,4,3,0,7,0,1,0,0,0,0,0,"365025,694","5637790,248",7.081491927,50.87600993,0,
238980,5,3,15,0,2019,5,14,4,3,5,3,0,1,0,0,0,0,0,"357546,654","5643596,618",6.97298959,50.92639685,0,
238981,5,3,15,0,2019,5,14,4,3,6,7,0,1,0,1,0,0,0,"349765,6129","5647513,957",6.860735559,50.95962553,0,
239036,5,3,15,0,2019,4,13,3,3,6,4,0,0,1,1,0,0,0,"359037,2228","5642421,272",6.994639655,50.91620004,0,
239037,5,3,15,0,2019,4,13,3,3,6,6,0,0,1,1,0,0,0,"361795,1659","5650408,424",7.030817476,50.98864977,0,
239038,5,3,15,0,2019,4,19,3,3,5,3,0,1,1,0,0,0,0,"353881,435","5650627,382",6.918049761,50.98866305,0,
239039,5,3,15,0,2019,4,14,3,2,5,3,0,0,1,0,0,0,0,"357583,4178","5647014,028",6.972176311,50.95711805,0,
239040,5,3,15,0,2019,4,12,3,3,4,6,0,1,1,0,0,0,0,"347675,0629","5647776,457",6.830879922,50.96143554,0,
239041,5,3,15,0,2019,4,15,3,3,6,6,0,1,0,1,0,0,0,"357395,9862","5642300,973",6.971353724,50.91471569,0,
239042,5,3,15,0,2019,4,7,3,2,5,3,0,1,1,0,0,0,0,"356723,824","5645535,177",6.96052704,50.94361472,0,
239043,5,3,15,0,2019,4,18,3,2,7,1,0,1,0,0,0,0,0,"357151,211","5643048,454",6.967581235,50.92137275,0,
239123,5,3,15,0,2019,4,17,2,3,1,2,0,0,1,0,0,0,0,"359356,0367","5643120,275",6.998902662,50.92255986,0,
239124,5,3,15,0,2019,4,14,2,3,6,7,0,0,1,1,0,0,0,"363857,8528","5644403,389",7.062435993,50.93517165,0,
239125,5,3,15,0,2019,4,6,2,3,5,3,1,1,1,0,0,0,0,"359829,291","5652566,203",7.001992238,51.00756645,0,
239126,5,3,15,0,2019,4,17,2,3,6,4,0,1,0,1,0,0,0,"362854,5675","5651376,937",7.045537,50.99760745,0,
239127,5,3,15,0,2019,4,10,2,3,3,6,0,0,1,0,1,0,0,"356287,7085","5647438,555",6.953572008,50.96061152,0,
239190,5,3,15,0,2019,4,16,1,3,8,1,0,0,1,0,0,0,0,"360161,1466","5648247,101",7.008381901,50.96883112,1,
239191,5,3,15,0,2019,4,11,1,3,1,1,0,0,1,0,0,0,0,"361846,455","5649819,163",7.031771842,50.98336627,0,
239192,5,3,15,0,2019,4,14,1,3,0,7,0,1,0,0,0,0,0,"356987,6015","5648687,358",6.963040607,50.97200849,0,
239193,5,3,15,0,2019,4,22,1,3,5,3,2,0,1,0,0,0,0,"357127,3498","5643125,19",6.96721191,50.92205645,0,
239241,5,3,15,0,2019,5,13,2,3,6,4,0,0,1,1,0,0,0,"363334,4944","5638641,65",7.057149807,50.88326446,0,
239243,5,3,15,0,2019,5,23,2,2,0,7,2,0,1,0,0,0,0,"359435,8153","5647296,931",6.998425406,50.96011534,0,
239244,5,3,15,0,2019,5,8,2,3,0,5,0,1,1,0,0,0,0,"351784,429","5646033,49",6.890064275,50.94684419,0,
239245,5,3,15,0,2019,5,17,2,3,0,1,1,1,0,0,0,0,0,"353436,2205","5643028,842",6.914770058,50.92026482,1,
239246,5,3,15,0,2019,5,7,2,3,3,6,0,1,0,0,0,0,0,"353389,227","5641695,05",6.914637895,50.90826654,0,
239247,5,3,15,0,2019,5,0,2,3,6,2,2,0,1,1,0,0,0,"356462,3451","5645980,177",6.956632148,50.94754883,0,
239288,5,3,15,0,2019,5,20,1,3,1,7,1,0,1,0,0,0,1,"359728,8286","5647307,976",7.00259082,50.960286,0,
239289,5,3,15,0,2019,5,17,1,3,6,7,0,0,1,1,0,0,0,"360829,4429","5646954,207",7.018388381,50.95737351,0,
239311,5,3,15,0,2019,5,22,7,3,0,2,2,0,1,0,1,0,0,"353640,5659","5647638,034",6.915823539,50.96173784,1,
239312,5,3,15,0,2019,5,20,7,3,0,1,0,1,0,0,0,0,0,"355085,3778","5644006,002",6.937828686,50.92946289,1,
239365,5,3,15,0,2019,5,18,6,3,2,6,0,0,1,0,0,0,0,"353160,9207","5647720,105",6.908965068,50.96235334,0,
239366,5,3,15,0,2019,5,11,6,3,2,6,0,0,1,0,0,0,0,"359354,2705","5638655,323",7.000597589,50.88243216,0,
239367,5,3,15,0,2019,5,8,6,2,5,2,0,1,1,0,0,0,0,"356640,1098","5641640,167",6.960867699,50.9085898,0,
239368,5,3,15,0,2019,5,2,6,3,6,7,2,0,1,1,0,0,0,"356772,4182","5642909,541",6.962250052,50.92003044,1,
239445,5,3,15,0,2019,5,17,5,3,6,7,0,0,1,1,0,0,0,"361731,6939","5649506,71",7.030256782,50.98053065,0,
239446,5,3,15,0,2019,5,7,5,3,3,3,0,1,1,0,0,0,0,"356259,6383","5648490,473",6.952756936,50.9700579,0,
239448,5,3,15,0,2019,5,19,5,3,5,2,0,0,1,0,0,0,0,"356764,539","5648939,706",6.959766227,50.97422086,1,
239449,5,3,15,0,2019,5,17,5,3,5,3,0,1,1,0,0,0,0,"356512,796","5648873,64",6.95620893,50.97356447,0,
239450,5,3,15,0,2019,5,13,5,3,0,7,0,0,0,0,0,0,1,"361366,4308","5637882,832",7.029476945,50.87597581,0,
239451,5,3,15,0,2019,5,21,5,3,5,3,2,1,1,0,0,0,0,"355851,317","5644464,516",6.948539371,50.93377539,1,
239490,5,3,15,0,2019,5,14,6,2,0,1,0,1,0,0,0,0,0,"366280,442","5635652,26",7.100097701,50.85708591,0,
239491,5,3,15,0,2019,5,12,6,3,5,3,0,1,1,0,0,0,0,"360468,9025","5648785,61",7.012555594,50.9737454,1,
239492,5,3,15,0,2019,5,22,6,3,0,1,2,1,0,0,0,0,0,"356548,8488","5648927,114",6.956701009,50.97405402,1,
239493,5,3,15,0,2019,5,12,6,2,0,1,0,1,0,0,0,0,0,"352494,0084","5644670,588",6.900710124,50.9347784,1,
239494,5,3,15,0,2019,5,8,6,2,5,7,0,1,1,0,0,0,0,"352422,1595","5646653,173",6.898885043,50.95257659,1,
239496,5,3,15,0,2019,5,11,6,3,5,2,0,1,1,0,0,0,0,"352924,9992","5645845,316",6.906365317,50.94544526,0,
239497,5,3,15,0,2019,5,10,6,3,1,1,0,1,1,0,0,0,0,"355261,1235","5642032,368",6.941111098,50.91177034,1,
239498,5,3,15,0,2019,5,12,6,3,0,1,0,1,0,0,0,0,0,"354957,5112","5643894,669",6.936054671,50.92843022,1,
239499,5,3,15,0,2019,5,12,6,3,5,3,0,1,1,0,0,0,0,"353690,2111","5643955,296",6.918009412,50.92865502,0,
239500,5,3,15,0,2019,5,7,6,3,6,4,0,0,1,1,0,0,0,"355688,161","5643921,509",6.946433988,50.92885468,1,
239573,5,3,15,0,2019,5,15,5,3,6,4,0,1,0,1,0,0,0,"364289,7331","5639194,585",7.070515977,50.88845917,0,
239574,5,3,15,0,2019,5,14,5,3,0,7,0,1,0,0,0,0,0,"359040,9774","5642429,219",6.994689962,50.91627238,0,
239575,5,3,15,0,2019,5,9,5,3,6,7,0,0,1,1,0,0,0,"356589,7291","5641907,326",6.960046592,50.91097823,0,
239576,5,3,15,0,2019,5,8,5,3,6,5,0,0,0,1,0,0,1,"354994,3868","5645360,329",6.935995848,50.94161103,0,
239645,5,3,15,0,2019,5,21,4,3,6,7,2,0,1,1,0,0,0,"363794,344","5640095,496",7.063141076,50.89643953,1,
239646,5,3,15,0,2019,5,12,4,3,1,5,0,1,1,0,0,0,0,"354082,7508","5645730,413",6.922880493,50.94470687,1,
239647,5,3,15,0,2019,5,5,4,3,2,6,1,0,0,0,1,0,0,"352369,8268","5645512,066",6.898603098,50.9423086,0,
239648,5,3,15,0,2019,5,8,4,3,5,3,0,0,1,0,0,0,0,"354498,4377","5642124,496",6.930232818,50.91240651,1,
239649,5,3,15,0,2019,5,16,4,3,0,5,0,1,1,0,0,0,0,"353801,5075","5643022,534",6.919966025,50.9203008,1,
239650,5,3,15,0,2019,5,18,4,3,6,2,0,0,1,1,0,0,0,"356394,8336","5645431,523",6.955888054,50.94260135,1,
239707,5,3,15,0,2019,5,11,3,3,5,3,0,1,1,0,0,0,0,"353503,1186","5650124,417",6.912865977,50.98404697,0,
239708,5,3,15,0,2019,5,15,3,3,6,7,0,0,1,1,0,0,0,"353612,6126","5653509,478",6.913060059,51.01449479,0,
239709,5,3,15,0,2019,5,8,3,3,5,3,0,1,1,0,0,0,0,"352217,8484","5644826,299",6.896719526,50.936107,0,
239710,5,3,15,0,2019,5,9,3,3,6,7,0,1,0,1,0,0,0,"353825,4744","5642003,496",6.920715074,50.91114908,0,
239711,5,3,15,0,2019,5,20,3,3,0,7,0,1,0,0,0,0,0,"354882,6063","5644856,562",6.934606531,50.93705568,0,
239784,5,3,15,0,2019,5,16,3,3,0,7,0,1,0,0,0,0,0,"361187,8548","5644381,619",7.024469008,50.93433952,0,
239785,5,3,15,0,2019,5,14,3,3,1,5,0,0,1,0,0,0,1,"358496,8632","5651786,515",6.983316149,51.00023323,0,
239786,5,3,15,0,2019,5,15,3,3,5,2,0,0,1,0,0,0,0,"352166,1837","5653659,609",6.892393034,51.01547393,0,
239787,5,3,15,0,2019,5,13,3,3,6,7,0,0,1,1,0,0,0,"353205,9743","5646248,028",6.910199862,50.94913588,0,
239788,5,3,15,0,2019,5,19,3,3,6,4,0,0,1,1,0,0,0,"354064,5791","5636565,225",6.926285684,50.86233707,0,
239789,5,3,15,0,2019,5,15,3,3,1,5,0,1,1,0,0,0,0,"359189,5439","5639135,425",6.998072405,50.88670681,0,
239791,5,3,15,0,2019,5,8,3,3,0,1,0,0,0,0,1,0,0,"353040,0562","5642794,63",6.909232017,50.91805928,0,
239792,5,3,15,0,2019,5,7,3,3,0,7,0,1,0,0,0,0,0,"355160,2477","5645898,394",6.938141105,50.94648818,0,
239793,5,3,15,0,2019,5,20,3,3,0,1,0,1,0,0,0,0,0,"355415,6756","5644289,74",6.942413117,50.93209567,0,
239794,5,3,15,0,2019,5,14,3,3,1,5,0,0,1,0,0,1,0,"356328,251","5645689,612",6.954839145,50.94490416,0,
239874,5,3,15,0,2019,5,16,2,2,3,2,0,1,1,0,0,0,0,"361074,4381","5648839,915",7.021154422,50.97437983,0,
239875,5,3,15,0,2019,5,10,2,3,1,5,0,1,1,0,0,0,0,"356539,7212","5647492,124",6.957137047,50.96115573,0,
239876,5,3,15,0,2019,5,14,2,3,0,5,0,1,1,0,0,0,0,"353028,2926","5646380,884",6.907618513,50.95028453,0,
239877,5,3,15,0,2019,5,13,2,3,4,2,0,1,1,0,0,0,0,"356840,5697","5641376,301",6.963820583,50.9062682,0,
239878,5,3,15,0,2019,5,8,2,3,4,6,0,1,0,0,0,0,0,"356191,0989","5645038,204",6.953145287,50.93901587,0,
239939,5,3,15,0,2019,5,20,1,2,0,3,0,1,1,0,0,0,0,"365620,9799","5635645,651",7.09073596,50.85687365,0,
239941,5,3,15,0,2019,5,14,1,3,0,1,0,0,0,0,1,0,0,"352718,642","5651380,967",6.901188157,50.99513878,0,
239942,5,3,15,0,2019,5,21,1,2,9,1,2,1,0,0,0,0,0,"356391,7748","5644648,317",6.956153257,50.93556201,0,
240053,5,3,15,0,2019,5,12,6,2,5,3,0,0,1,0,1,0,0,"366201,1583","5636379,441",7.098706031,50.86360331,1,
240054,5,3,15,0,2019,5,13,6,3,0,5,0,1,1,1,0,0,0,"359515,9727","5644127,971",7.000788472,50.93165513,0,
240055,5,3,15,0,2019,5,14,6,3,6,7,0,0,0,1,1,0,0,"359518,3339","5649412,222",6.998782619,50.97914571,0,
240056,5,3,15,0,2019,5,7,6,3,0,1,0,1,0,0,0,0,0,"355743,3607","5650400,234",6.944650962,50.98709137,1,
240057,5,3,15,0,2019,5,16,6,3,5,3,0,1,1,0,0,0,0,"353680,2938","5648396,795",6.916083693,50.96856662,0,
240058,5,3,15,0,2019,5,16,6,2,5,3,0,0,1,0,0,0,0,"352440,5267","5645089,172",6.899780019,50.93852635,1,
240060,5,3,15,0,2019,5,17,6,3,3,6,0,0,1,0,0,1,0,"357902,3071","5641256,676",6.978958332,50.90545544,0,
240061,5,3,15,0,2019,5,12,6,3,4,2,0,0,1,0,0,0,0,"355254,2497","5642276,763",6.940916437,50.91396495,1,
240083,5,3,15,0,2019,5,17,7,3,0,7,0,1,0,0,1,0,0,"364507,0274","5648496,324",7.07014596,50.97210967,0,
240092,5,3,15,0,2019,5,18,7,2,0,7,0,0,1,0,0,0,0,"349390,7397","5650272,298",6.854259176,50.98431477,1,
240112,5,3,15,0,2019,5,16,7,3,3,2,0,1,1,0,0,0,0,"355515,6414","5643407,058",6.944184581,50.92418822,0,
240116,5,3,15,0,2019,5,12,7,3,1,6,0,0,1,0,1,0,0,"357129,5095",5643119,6.967245043,50.92200136,0,
240123,5,3,15,0,2019,5,16,5,3,1,5,0,1,1,0,0,0,0,"366176,1184","5637747,27",7.097849977,50.8758912,0,
240124,5,3,15,0,2019,5,7,5,3,5,3,0,1,1,0,0,0,0,"361538,191","5645213,118",7.029135738,50.94189664,0,
240125,5,3,15,0,2019,5,15,5,2,0,4,0,0,0,1,0,0,1,"361894,789","5649422,35",7.03261079,50.97981162,0,
240126,5,3,15,0,2019,5,10,5,3,5,3,0,1,1,0,0,0,0,"362150,1939","5651683,437",7.035388885,51.00019373,0,
240127,5,3,15,0,2019,5,11,5,2,0,3,0,0,0,0,0,0,1,"355366,9096","5648334,036",6.940113088,50.96842857,0,
240128,5,3,15,0,2019,5,10,5,3,1,5,0,1,1,0,0,0,0,"358689,161","5639082,089",6.990983661,50.88610529,0,
240129,5,3,15,0,2019,5,19,5,2,0,1,0,1,0,0,0,0,0,"355239,7576","5642097,981",6.940781352,50.91235463,0,
240130,5,3,15,0,2019,5,15,5,3,0,7,0,1,0,0,0,0,0,"354445,6792","5643578,508",6.928902632,50.92546005,0,
240131,5,3,15,0,2019,5,15,5,3,3,2,0,1,1,0,0,0,0,"356008,5736","5645051,775",6.950543787,50.93909227,0,
240135,5,3,15,0,2019,5,23,7,2,6,7,2,0,1,1,0,0,0,"355352,929","5645207,259",6.941156573,50.94032548,1,
240227,5,3,15,0,2019,5,17,4,2,6,7,0,0,1,1,0,0,0,"364233,6207","5638747,956",7.06988461,50.88443187,0,
240228,5,3,15,0,2019,5,18,4,3,3,7,0,0,1,0,1,0,0,"358825,0987","5644943,136",6.990647377,50.93881238,0,
240229,5,3,15,0,2019,5,9,4,2,1,3,0,0,1,0,1,0,0,"359507,0421","5646916,487",6.999585851,50.95671363,0,
240230,5,3,15,0,2019,5,19,4,3,0,5,0,1,1,0,0,0,0,"358035,1669","5651874,864",6.97670595,51.00091348,0,
240231,5,3,15,0,2019,5,16,4,2,6,4,0,0,1,1,0,0,0,"352584,9061","5646605,387",6.901219806,50.95218881,0,
240232,5,3,15,0,2019,5,8,4,3,1,5,0,1,1,0,0,0,0,"352257,5047","5643500,21",6.897820986,50.9242002,0,
240233,5,3,15,0,2019,5,14,4,2,0,1,0,1,0,0,0,0,0,"354854,3776","5643809,786",6.934621899,50.92764145,0,
240234,5,3,15,0,2019,5,20,4,3,0,7,0,1,0,0,0,0,0,"355351,3675","5645208,107",6.941134027,50.94033271,0,
240313,5,3,15,0,2019,5,8,3,3,2,6,0,0,1,0,0,0,0,"356105,1504","5651053,767",6.94954329,50.99305505,1,
240314,5,3,15,0,2019,5,15,3,3,2,6,0,0,1,0,0,0,1,"353499,6375","5647024,828",6.914064972,50.95619139,1,
240315,5,3,15,0,2019,5,17,3,3,0,1,0,0,0,0,1,0,0,"354732,82","5644530,644",6.932606092,50.93408903,1,
240316,5,3,15,0,2019,5,16,3,3,0,5,0,1,1,0,0,0,0,"356167,8899","5646385,787",6.952282995,50.95112059,1,
240318,5,3,15,0,2019,5,8,3,3,5,3,0,1,1,0,0,0,0,"356402,9419","5645424,073",6.956006328,50.94253641,1,
240393,5,3,15,0,2019,5,16,4,3,5,3,0,1,1,0,0,0,0,"366208,7118","5636168,338",7.09889049,50.86170771,0,
240401,5,3,15,0,2019,5,16,2,3,6,7,0,0,1,1,0,0,0,"361808,7047","5640734,16",7.034681004,50.9017077,0,
240402,5,3,15,0,2019,5,16,4,3,3,6,0,0,1,0,0,1,0,"356557,2501","5648939,571",6.956815681,50.97416806,0,
240403,5,3,15,0,2019,5,8,2,3,3,5,0,0,1,0,0,0,0,"359345,1581","5647050,591",6.997230539,50.95787935,0,
240404,5,3,15,0,2019,5,18,2,3,1,2,0,0,1,0,1,0,0,"353486,0299","5642715,656",6.915604016,50.91746298,0,
240405,5,3,15,0,2019,5,16,2,3,5,3,0,1,1,0,0,0,0,"356716,6964","5642292,045",6.961700356,50.91446721,0,
240407,5,3,15,0,2019,5,14,4,2,8,1,0,0,0,0,1,0,0,"348825,6199","5643169,018",6.849163489,50.920335,0,
240427,5,3,15,0,2019,5,18,4,3,5,2,0,1,1,0,0,0,0,"353386,2336","5648039,604",6.912042563,50.96528192,0,
240435,5,3,15,0,2019,5,8,4,3,5,3,0,1,1,0,0,0,0,"352566,545","5642868,449",6.902470456,50.91860188,0,
240439,5,3,15,0,2019,5,19,4,3,0,1,0,1,0,0,0,0,0,"354196,7609","5643373,069",6.925445392,50.92355097,0,
240447,5,3,15,0,2019,5,13,4,3,6,4,0,0,1,1,0,0,0,"353302,9332","5641600,524",6.913449332,50.90739514,0,
240460,5,3,15,0,2019,5,22,4,2,8,1,2,1,0,0,0,0,0,"356394,9839","5646013,887",6.95566057,50.947835,0,
240465,5,3,15,0,2019,5,10,1,3,0,7,0,1,0,1,0,0,0,"362849,9938","5644008,574",7.048249668,50.93138449,0,
240473,5,3,15,0,2019,5,17,4,3,4,6,0,1,0,0,0,0,0,"355853,5285","5642707,31",6.949265523,50.9179842,0,
240513,5,3,15,0,2019,5,18,7,2,6,4,0,0,1,1,0,0,0,"359494,9472","5645404,255",6.999997304,50.94312011,0,
240514,5,3,15,0,2019,5,19,7,3,6,7,0,0,1,1,0,0,0,"359055,4898","5644838,374",6.993964925,50.93792724,0,
240515,5,3,15,0,2019,5,13,7,3,5,3,0,0,1,0,1,0,0,"358040,4714","5643602,705",6.980009217,50.92657329,0,
240516,5,3,15,0,2019,5,12,7,2,0,7,0,0,0,0,1,0,0,"361502,4456","5652426,469",7.025879643,51.00671591,0,
240517,5,3,15,0,2019,5,20,7,3,6,7,1,0,0,1,0,0,1,"352962,5403","5654498,817",6.903397975,51.0232196,0,
240518,5,3,15,0,2019,5,16,7,3,5,3,0,1,1,0,0,0,0,"354433,5319","5649878,816",6.926210585,50.98207585,0,
240519,5,3,15,0,2019,5,0,7,2,8,7,2,1,1,0,0,0,0,"353497,077","5647026,552",6.914027847,50.95620624,0,
240520,5,3,15,0,2019,5,22,7,3,1,7,2,0,1,1,0,0,0,"354703,719","5642908,64",6.93283862,50.91950515,0,
240521,5,3,15,0,2019,5,14,7,3,0,4,0,1,0,1,0,0,0,"356538,1766","5643340,027",6.958750328,50.92384098,0,
240522,5,3,15,0,2019,5,14,7,3,6,4,0,0,1,1,0,0,0,"356566,0031","5643176,209",6.959210424,50.92237568,0,
240591,5,3,15,0,2019,5,9,6,3,4,3,0,1,1,0,0,0,0,"360093,42","5644730,301",7.008769501,50.93720872,0,
240592,5,3,15,0,2019,5,21,6,3,5,2,1,1,1,0,0,0,0,"359341,3147","5644562,404",6.998136886,50.93551685,0,
240593,5,3,15,0,2019,5,17,6,3,3,2,0,1,0,0,0,0,0,"358684,833","5641970,922",6.989804222,50.91206652,0,
240594,5,3,15,0,2019,5,18,6,3,6,4,0,0,1,1,0,0,0,"359397,0949","5644889,67",6.998803952,50.93847163,0,
240595,5,3,15,0,2019,5,16,6,2,3,5,0,0,1,0,1,0,0,"360107,6923","5645122,797",7.008821795,50.94073961,0,
240597,5,3,15,0,2019,5,13,6,3,0,3,0,1,1,0,0,0,0,"361424,7712","5652429,637",7.024771979,51.00672568,0,
240598,5,3,15,0,2019,5,21,6,3,5,3,1,1,1,0,0,0,0,"356861,4577","5649906,512",6.9607651,50.98293348,0,
240600,5,3,15,0,2019,5,19,6,3,3,6,0,0,1,0,0,0,0,"356604,7114","5648938,292",6.95749176,50.97416839,0,
240601,5,3,15,0,2019,5,9,6,2,5,3,0,1,1,0,1,0,0,"355368,134","5648327,13",6.94013326,50.96836682,0,
240602,5,3,15,0,2019,5,17,6,3,5,2,0,0,1,0,0,0,0,"349036,092","5646250,888",6.850879124,50.94808463,0,
240604,5,3,15,0,2019,5,16,6,3,0,7,0,1,1,0,0,0,0,"354147,153","5646611,942",6.923443518,50.95264517,0,
240605,5,3,15,0,2019,5,17,6,3,5,2,0,1,0,0,0,0,1,"352373,6394","5645468,157",6.898675122,50.94191499,0,
240606,5,3,15,0,2019,5,21,6,2,2,7,2,0,1,0,1,0,0,"354370,8663","5642461,588",6.92828483,50.9154037,0,
240705,5,3,15,0,2019,5,11,5,3,2,2,0,1,1,0,0,0,0,"354375,113","5643285,902",6.928016099,50.92281267,0,
240706,5,3,15,0,2019,5,9,5,3,3,5,0,1,1,0,0,0,1,"354365,2771","5642465,274",6.928203903,50.91543541,0,
240707,5,3,15,0,2019,5,20,5,3,1,5,0,1,1,0,0,0,0,"356129,5829","5643091,235",6.953038757,50.92150338,0,