OBJECTID,ULAND,UREGBEZ,UKREIS,UGEMEINDE,UJAHR,UMONAT,USTUNDE,UWOCHENTAG,UKATEGORIE,UART,UTYP1,ULICHTVERH,IstRad,IstPKW,IstFuss,IstKrad,IstGkfz,IstSonstige,LINREFX,LINREFY,XGCSWGS84,YGCSWGS84,USTRZUSTAND,UIDENTSTLAE
244941,5,3,15,0,2019,7,9,2,2,0,1,0,1,0,0,0,0,0,"354263,6975","5643937,477",6.92617153,50.92864006,0,
244942,5,3,15,0,2019,7,13,2,3,0,3,0,1,1,0,0,0,0,"355501,9536","5645662,511",6.943095672,50.9444541,0,
244943,5,3,15,0,2019,7,13,2,3,0,5,0,1,0,0,0,1,0,"356409,2216","5645720,742",6.9559787,50.9452041,0,
245051,5,3,15,0,2019,7,17,7,3,6,6,0,0,0,1,0,0,1,"358619,3733","5646604,961",6.987076062,50.95369685,0,
245052,5,3,15,0,2019,7,11,7,3,5,3,0,1,1,0,0,0,0,"352475,1997","5654133,85",6.896602481,51.01981501,0,
245053,5,3,15,0,2019,7,11,7,2,5,3,0,1,1,0,0,0,0,"354472,434","5651349,414",6.926175342,50.9953014,0,
245054,5,3,15,0,2019,7,13,7,3,1,5,0,0,1,0,1,0,0,"355291,618","5641908,544",6.941593682,50.9106652,0,
245055,5,3,15,0,2019,7,12,7,3,2,6,0,1,1,0,0,0,0,"354616,5787","5642309,571",6.931838467,50.91409951,0,
245056,5,3,15,0,2019,7,12,7,3,5,3,0,0,1,0,0,0,0,"354845,6205","5641503,793",6.935414957,50.9069158,0,
245057,5,3,15,0,2019,7,19,7,3,2,7,0,0,1,0,0,0,0,"357135,4294","5643101,582",6.967336036,50.9218463,1,
245058,5,3,15,0,2019,7,21,7,3,2,2,1,0,1,0,0,0,0,"355034,0972","5645983,787",6.936312548,50.94722388,1,
245059,5,3,15,0,2019,7,18,7,3,3,6,0,1,0,0,0,0,1,"356619,1716","5645342,287",6.959114295,50.94185522,0,
245125,5,3,15,0,2019,7,23,6,3,4,2,2,0,1,0,0,0,0,"363536,2453","5641441,633",7.058969974,50.90847699,0,
245126,5,3,15,0,2019,7,3,6,3,8,1,2,1,0,0,0,0,0,"363378,5613","5641674,908",7.056641161,50.91053625,1,
245128,5,3,15,0,2019,7,17,6,3,6,2,0,0,1,1,0,0,0,"359446,4525","5643841,606",6.999910203,50.92906459,0,
245129,5,3,15,0,2019,7,7,6,3,5,2,0,0,1,0,0,0,0,"356520,129","5652105,954",6.955036815,51.00261443,1,
245130,5,3,15,0,2019,7,20,6,3,8,1,0,0,0,0,1,0,0,"356886,7926","5652106,918",6.960258802,51.00271441,0,
245132,5,3,15,0,2019,7,17,6,3,5,2,0,0,1,0,1,0,0,"353602,2291","5651460,061",6.913738747,50.99607502,0,
245133,5,3,15,0,2019,7,8,6,2,4,5,0,0,1,0,1,0,0,"353249,7603","5642579,577",6.912299827,50.91618004,1,
245153,5,3,15,0,2019,7,11,7,3,2,2,0,1,1,0,0,0,0,"356676,7261","5642504,275",6.961048762,50.91636458,0,
245167,5,3,15,0,2019,7,13,6,3,5,3,0,1,0,0,0,0,1,"358172,207","5644798,77",6.981417069,50.93735475,0,
245168,5,3,15,0,2019,7,17,6,3,4,6,0,1,0,0,0,0,0,"360002,0517","5647266,588",7.006494816,50.9599805,0,
245169,5,3,15,0,2019,7,15,6,3,0,1,0,1,0,0,0,0,0,"355623,196","5649533,087",6.943284545,50.97926844,0,
245171,5,3,15,0,2019,7,12,6,3,5,3,0,1,0,0,0,0,1,"350400,1731","5649297,359",6.869031219,50.97581686,0,
245172,5,3,15,0,2019,7,1,6,2,1,7,2,0,1,0,0,0,0,"353777,0979","5645509,473",6.918621311,50.94264392,0,
245173,5,3,15,0,2019,7,16,6,3,0,1,0,1,1,0,0,0,0,"353044,824","5646560,595",6.90778116,50.95190374,0,
245174,5,3,15,0,2019,7,0,6,3,0,5,2,0,1,0,1,0,0,"354226,8478","5642862,688",6.926077179,50.91897192,0,
245175,5,3,15,0,2019,7,13,6,2,5,3,0,1,1,0,0,0,0,"359179,3346","5639258,115",6.997880069,50.88780696,0,
245176,5,3,15,0,2019,7,10,6,3,5,2,0,1,1,0,0,0,0,"355403,4545","5645886,95",6.941605416,50.94644639,0,
245177,5,3,15,0,2019,7,19,7,2,9,1,0,1,0,0,0,0,0,"347796,46","5646102,5",6.833307189,50.94642523,1,
245246,5,3,15,0,2019,7,22,7,3,5,3,2,1,1,0,0,0,0,"354608,667","5643331,083",6.931318828,50.9232776,1,
245251,5,3,15,0,2019,7,12,5,3,5,3,0,1,1,0,0,0,0,"359479,3671","5645254,761",6.999833346,50.94177279,0,
245252,5,3,15,0,2019,7,8,5,3,0,7,0,0,1,1,0,0,0,"357729,9646","5645132,932",6.974996506,50.94024892,0,
245253,5,3,15,0,2019,7,1,5,3,8,1,2,0,1,0,0,0,0,"353046,6754","5650863,584",6.906068731,50.99057318,0,
245254,5,3,15,0,2019,7,21,5,3,8,1,1,0,1,0,0,0,0,"354989,1383","5646014,833",6.93566061,50.94749157,0,
245256,5,3,15,0,2019,7,8,5,3,0,1,0,1,0,0,0,0,0,"353797,9544","5643165,587",6.919858165,50.92158547,0,
245257,5,3,15,0,2019,7,22,5,3,3,2,2,0,1,0,0,0,0,"355622,181","5637695,734",6.94795749,50.87288791,0,
245259,5,3,15,0,2019,7,15,5,3,0,7,0,1,1,0,0,0,0,"353824,225","5642298,513",6.92057913,50.9138,0,
245260,5,3,15,0,2019,7,10,5,2,6,4,0,0,1,1,0,0,0,"356617,3357","5642852,251",6.960067654,50.91947706,0,
245261,5,3,15,0,2019,7,3,5,3,0,7,2,0,0,0,0,0,1,"355034,9768","5644267,377",6.937008018,50.93179913,0,
245262,5,3,15,0,2019,7,21,5,3,1,7,2,0,1,0,0,0,1,"356705,8225","5642824,121",6.961336771,50.91924624,0,
245264,5,3,15,0,2019,7,15,5,3,0,1,0,0,0,0,0,0,1,"356528,0676","5645875,951",6.957608185,50.94662853,0,
245265,5,3,15,0,2019,7,9,5,3,0,1,0,0,0,0,0,0,1,"355950,2471","5644228,295",6.950039699,50.93167723,0,
245266,5,3,15,0,2019,7,22,5,3,0,6,2,0,1,0,0,0,1,"356176,0662","5645432,169",6.952775933,50.94255262,0,
245292,5,3,15,0,2019,7,10,7,2,2,6,0,0,1,0,1,0,0,"356239,0093","5648467,889",6.952472252,50.9698498,0,
245302,5,3,15,0,2019,7,15,7,3,1,5,0,1,1,0,0,0,0,"356099,5108","5646003,523",6.951461227,50.94766818,0,
245333,5,3,15,0,2019,7,18,4,3,0,1,0,1,0,0,0,0,0,"363405,4282","5638901,129",7.058060609,50.8856133,0,
245334,5,3,15,0,2019,7,16,4,3,0,7,0,1,0,0,0,0,0,"357535,589","5644758,033",6.972378299,50.93683172,0,
245336,5,3,15,0,2019,7,13,4,2,0,1,0,1,0,0,0,0,0,"358255,773","5642947,637",6.983325417,50.9207391,0,
245337,5,3,15,0,2019,7,8,4,3,5,3,0,0,1,0,0,0,0,"359456,4235","5650124,784",6.997625701,50.98553442,0,
245338,5,3,15,0,2019,7,12,4,3,3,5,0,1,1,0,0,0,0,"357647,425","5647771,215",6.972790868,50.96393864,0,
245339,5,3,15,0,2019,7,8,4,3,5,3,0,1,1,0,0,0,0,"352584,9061","5646605,387",6.901219806,50.95218881,0,
245340,5,3,15,0,2019,7,8,4,3,0,7,0,1,0,0,0,0,1,"352493,0428","5644855,733",6.900621447,50.93644197,0,
245341,5,3,15,0,2019,7,18,4,3,0,7,0,1,0,1,0,0,0,"360634,9034","5639561,144",7.01844576,50.89088336,0,
245343,5,3,15,0,2019,7,9,4,2,0,1,0,1,0,0,0,0,0,"356382,4257","5641552,229",6.957239526,50.90773546,0,
245344,5,3,15,0,2019,7,13,4,3,5,5,0,0,1,0,0,0,0,"356638,6906","5642715,141",6.960425156,50.91825017,0,
245345,5,3,15,0,2019,7,11,4,3,0,1,0,1,0,0,0,0,0,"354971,3982","5643914,218",6.936244367,50.9286094,0,
245346,5,3,15,0,2019,7,10,4,3,5,2,0,1,1,0,0,0,0,"355832,248","5646065,812",6.947634474,50.94816118,0,
245348,5,3,15,0,2019,7,10,7,2,1,5,0,0,1,0,1,0,0,"355522,6055","5641035,89",6.945222519,50.90288065,1,
245385,5,3,15,0,2019,7,15,4,2,9,1,0,0,0,0,1,0,0,"361778,892","5646248,439",7.03216676,50.95125911,0,
245404,5,3,15,0,2019,7,8,3,3,4,6,0,1,0,0,0,0,0,"357600,5413","5645418,881",6.97304381,50.94278678,0,
245405,5,3,15,0,2019,7,16,3,3,0,7,0,1,1,0,0,0,0,"363227,9125","5648009,416",7.052121585,50.96743132,0,
245406,5,3,15,0,2019,7,19,3,3,5,3,0,1,1,0,0,0,0,"359074,5918","5651558,255",6.991633033,50.99832366,0,
245407,5,3,15,0,2019,7,16,7,3,1,3,0,1,1,0,0,0,0,"364652,181","5647663,831",7.07252195,50.9646618,1,
245408,5,3,15,0,2019,7,17,3,3,5,3,0,0,1,0,0,0,1,"360063,548","5648008,125",7.007084717,50.96665971,0,
245409,5,3,15,0,2019,7,13,3,3,5,3,0,0,0,0,1,0,1,"356736,2999","5651149,773",6.958492984,50.9940753,0,
245410,5,3,15,0,2019,7,20,3,2,6,6,0,1,0,1,0,0,0,"354791,7858","5653942,366",6.9296856,51.01868393,0,
245411,5,3,15,0,2019,7,1,3,2,8,1,2,1,0,0,0,0,0,"349106,027","5645909,122",6.852015574,50.94503174,0,
245412,5,3,15,0,2019,7,13,3,3,6,7,0,0,0,1,0,0,1,"351306,5664","5645748,698",6.883382846,50.94416186,0,
245413,5,3,15,0,2019,7,10,3,3,3,6,0,1,1,0,0,0,1,"354202,235","5646738,618",6.924176456,50.95379751,0,
245414,5,3,15,0,2019,7,12,3,3,0,1,0,1,0,0,0,0,0,"355270,2762","5643057,805",6.940834385,50.92098805,0,
245415,5,3,15,0,2019,7,18,3,3,4,7,0,0,1,0,0,0,0,"355559,8764","5641329,415",6.945636092,50.90552784,0,
245416,5,3,15,0,2019,7,10,3,3,5,3,0,0,1,0,0,0,0,"357974,7497","5640961,208",6.980102942,50.90281788,0,
245417,5,3,15,0,2019,7,1,3,3,0,7,2,0,0,0,0,0,1,"355666,646","5644691,273",6.945823211,50.93576703,0,
245418,5,3,15,0,2019,7,16,7,3,6,4,0,1,0,1,0,0,0,"355430,8943","5645711,892",6.942065253,50.94488007,1,
245450,5,3,15,0,2019,7,12,4,3,0,1,0,1,0,0,0,0,0,"363724,3409","5639349,176",7.062424658,50.88971545,0,
245451,5,3,15,0,2019,7,7,4,3,2,2,0,0,1,0,0,0,0,"365861,7262","5635838,935",7.094083638,50.85866673,0,
245452,5,3,15,0,2019,7,18,4,3,5,2,0,1,1,0,0,0,0,"359139,1202","5645449,614",6.994918097,50.94344094,0,
245453,5,3,15,0,2019,7,6,4,3,5,5,0,0,1,0,1,0,0,"358953,6893","5651733,264",6.989843166,50.99986683,0,
245454,5,3,15,0,2019,7,16,4,3,2,6,0,0,1,0,0,0,0,"356303,0141","5650777,386",6.952470195,50.99062072,0,
245455,5,3,15,0,2019,7,17,4,3,5,2,0,1,1,0,0,0,0,"355313,146","5642606,119",6.941623071,50.91693958,0,
245456,5,3,15,0,2019,7,15,4,3,0,1,0,1,0,0,0,0,0,"352852,8291","5641479,746",6.907100509,50.90619519,0,
245457,5,3,15,0,2019,7,8,4,3,5,2,0,1,1,0,0,0,0,"356196,2973","5644410,133",6.953467085,50.93337278,0,
245521,5,3,15,0,2019,7,15,3,2,5,2,0,0,1,0,1,0,0,"360183,6708","5649694,22",7.008145992,50.98184199,0,
245522,5,3,15,0,2019,7,15,3,3,6,4,0,0,1,1,0,0,0,"354687,1969","5649105,631",6.930130934,50.97519158,0,
245523,5,3,15,0,2019,7,13,3,3,8,1,0,0,1,0,0,0,0,"352109,3426","5653450,188",6.891668634,51.01357738,0,
245524,5,3,15,0,2019,7,16,3,3,2,6,0,0,1,0,0,0,0,"353473,1677","5654900,816",6.910511333,51.02696252,0,
245525,5,3,15,0,2019,7,8,3,3,5,3,0,1,0,0,0,0,1,"355037,905","5645973,796",6.936370695,50.94713505,0,
245526,5,3,15,0,2019,7,16,3,2,0,5,0,1,1,0,0,0,0,"355269,0409","5642800,628",6.940918872,50.91867653,0,
245527,5,3,15,0,2019,7,23,3,2,0,1,2,1,0,0,0,0,0,"351456,32","5641970,496",6.887052358,50.9102477,0,
245576,5,3,15,0,2019,7,21,2,2,5,3,1,0,1,0,0,0,0,"366869,6672","5638199,46",7.107537539,50.88011557,0,
245577,5,3,15,0,2019,7,17,2,2,0,1,0,1,0,0,0,0,0,"358761,8286","5651860,568",6.987061097,51.00096384,0,
245578,5,3,15,0,2019,7,15,2,2,0,1,0,1,0,0,0,0,0,"355126,8467","5645963,835",6.937639923,50.94706789,0,
245579,5,3,15,0,2019,7,20,2,3,0,1,0,1,1,0,0,0,0,"355416,6125","5645180,694",6.942072934,50.94010272,0,
245580,5,3,15,0,2019,7,11,2,3,6,6,0,1,0,1,0,0,0,"355958,3542","5644761,959",6.949944065,50.93647521,0,
245634,5,3,15,0,2019,7,21,1,3,5,2,0,0,1,0,0,0,0,"355818,6649","5648890,155",6.946322151,50.97353954,1,
245636,5,3,15,0,2019,7,17,1,3,0,7,0,1,0,0,0,0,0,"357635,0843","5649499,91",6.971938492,50.97947122,1,
245637,5,3,15,0,2019,7,14,1,3,0,7,0,1,0,0,0,0,0,"354774,7366","5643771,294",6.933504753,50.9272755,1,
245638,5,3,15,0,2019,7,21,1,3,6,4,2,0,1,1,0,0,0,"356686,2498","5644849,737",6.960262194,50.93744541,1,
245640,5,3,15,0,2019,7,14,1,3,5,3,0,1,1,0,0,0,0,"355855,8921","5644471,3",6.948601755,50.9338375,1,
245713,5,3,15,0,2019,8,14,1,3,5,3,0,1,1,0,0,0,0,"354117,1721","5653622,469",6.920202683,51.01563841,0,
245714,5,3,15,0,2019,8,1,1,3,7,7,2,1,0,0,0,0,0,"354466,2704","5646727,196",6.927937646,50.95376159,0,
245749,5,3,15,0,2019,8,17,7,3,4,5,0,1,1,0,0,0,0,"366577,6378","5636194,181",7.104120258,50.86202523,0,
245750,5,3,15,0,2019,8,17,7,2,0,1,0,0,0,0,0,0,1,"357678,4031","5645136,529",6.97426169,50.94026852,0,
245751,5,3,15,0,2019,8,12,7,3,5,3,0,1,1,0,0,0,0,"360621,178","5646327,791",7.015664707,50.95169347,0,
245752,5,3,15,0,2019,8,4,7,2,0,1,2,0,0,0,0,0,1,"360150,545","5647132,706",7.008659375,50.95881334,1,
245753,5,3,15,0,2019,8,10,7,2,7,7,0,1,0,0,0,0,0,"353850,614","5657804,743",6.91471833,51.05315469,0,
245754,5,3,15,0,2019,8,6,7,3,5,3,0,1,1,0,0,0,0,"349708,4378","5659210,277",6.855077078,51.06471596,1,
245755,5,3,15,0,2019,8,3,7,3,4,7,2,1,1,0,0,0,0,"355031,0182","5645957,977",6.936279022,50.94699115,1,
245756,5,3,15,0,2019,8,1,7,3,5,3,2,1,1,0,0,0,0,"352879,2526","5647324,622",6.905116783,50.95872746,1,
245757,5,3,15,0,2019,8,15,7,3,0,7,0,1,0,0,0,0,0,"353386,2035","5641691,599",6.914596306,50.90823475,0,
245758,5,3,15,0,2019,8,22,7,3,0,7,2,0,0,0,0,0,1,"356083,6351","5645179,725",6.951560878,50.94026088,0,
245810,5,3,15,0,2019,8,18,6,3,5,3,0,0,1,0,0,0,0,"357156,0591","5649267,158",6.965210587,50.97726087,0,
245811,5,3,15,0,2019,8,13,6,3,5,3,0,1,1,0,0,0,0,"352673,7651","5645885,894",6.902775107,50.94574577,0,
245812,5,3,15,0,2019,8,19,6,3,1,1,0,1,1,0,0,0,0,"355251,2621","5642053,105",6.940962692,50.91195423,1,
245813,5,3,15,0,2019,8,13,6,3,4,6,0,1,1,0,0,0,1,"354705,9764","5642500,837",6.933033144,50.91584089,0,
245814,5,3,15,0,2019,8,17,6,3,2,6,0,0,1,0,0,0,1,"353794,5273","5644202,974",6.919393449,50.93090727,0,
245815,5,3,15,0,2019,8,14,6,3,6,4,0,1,0,1,0,0,0,"356734,808","5642994,45",6.961681967,50.92078417,0,
245891,5,3,15,0,2019,8,15,5,3,5,3,0,0,1,0,0,0,0,"364633,718","5639700,169",7.075216355,50.89308386,0,
245893,5,3,15,0,2019,8,12,5,3,0,7,0,1,1,0,0,0,0,"361281,5147","5649689,516",7.023777921,50.98206527,0,
245894,5,3,15,0,2019,8,17,5,2,0,1,0,1,0,0,0,0,0,"356805,192","5654709,494",6.958069267,51.02608285,0,
245895,5,3,15,0,2019,8,16,5,3,5,2,0,0,1,0,0,0,0,"355313,759","5642609,377",6.941630493,50.91696901,0,
245897,5,3,15,0,2019,8,13,5,3,5,2,0,1,1,0,0,0,0,"354791,788","5643151,564",6.93399401,50.92171042,0,
245898,5,3,15,0,2019,8,0,5,3,0,1,2,1,0,0,0,0,0,"354976,7687","5643912,049",6.9363216,50.92859125,0,
245900,5,3,15,0,2019,8,8,5,3,5,3,0,1,1,0,0,0,0,"355525,4881","5643357,982",6.944344034,50.92374964,0,
245968,5,3,15,0,2019,8,11,5,3,0,7,0,0,0,0,1,0,0,"363654,878","5641127,564",7.060773668,50.90568233,0,
245969,5,3,15,0,2019,8,6,5,3,5,2,0,1,1,0,0,0,0,"363518,7993","5648183,25",7.056196551,50.96906262,0,
245970,5,3,15,0,2019,8,13,5,3,1,5,0,0,1,0,0,1,0,"358221,587","5649633,439",6.980235877,50.98081594,0,
245971,5,3,15,0,2019,8,16,5,3,2,6,0,0,1,0,0,0,1,"357353,2875","5646882,582",6.968953275,50.95587983,0,
245972,5,3,15,0,2019,8,13,5,3,0,4,0,0,0,1,0,0,1,"357333,223","5647610,664",6.968382353,50.96241806,0,
245973,5,3,15,0,2019,8,17,5,3,0,5,0,1,1,0,0,0,0,"357101,6692","5649687,481",6.964271099,50.98102476,0,
245974,5,3,15,0,2019,8,8,5,3,0,1,0,1,0,0,0,0,0,"354383,805","5655761,017",6.923142355,51.03492416,0,
245975,5,3,15,0,2019,8,16,5,3,5,2,0,1,1,0,0,0,0,"350090,0274","5659749,093",6.86029563,51.0696576,0,
245976,5,3,15,0,2019,8,17,5,3,0,5,0,1,1,0,0,0,0,"353681,1885","5646679,733",6.916786858,50.95313628,0,
245977,5,3,15,0,2019,8,18,5,3,2,2,0,0,1,0,0,0,0,"350397,8117","5648522,345",6.86931644,50.96885173,0,
245978,5,3,15,0,2019,8,8,5,3,5,2,0,1,1,0,0,0,0,"356382,4657","5641193,56",6.957381212,50.90451214,0,
245979,5,3,15,0,2019,8,14,5,3,0,1,0,0,0,0,1,0,0,"354443,4717","5642416,46",6.929334995,50.91501647,0,
245980,5,3,15,0,2019,8,18,5,3,0,1,0,1,0,0,0,0,0,"352920,1369","5643193,674",6.907366254,50.92161479,0,
245981,5,3,15,0,2019,8,12,5,2,0,7,0,0,0,0,0,0,1,"353520,7357","5643642,89",6.915724996,50.92580453,0,
246041,5,3,15,0,2019,8,12,4,3,2,6,0,0,1,0,0,0,0,"359376,4341","5643502,73",6.999045195,50.92600201,0,
246042,5,3,15,0,2019,8,12,4,3,2,6,0,0,1,0,0,0,0,"352350,8334","5654221,081",6.894795043,51.02056698,0,
246043,5,3,15,0,2019,8,18,4,3,5,5,0,1,1,0,0,0,0,"351784,5004","5655716,486",6.886114637,51.03385949,0,
246044,5,3,15,0,2019,8,19,4,3,0,2,0,0,0,0,1,0,0,"357395,4547","5648180,573",6.969044556,50.96755519,1,
246045,5,3,15,0,2019,8,15,4,3,0,5,0,1,1,0,0,0,0,"352653,1713","5647510,377",6.901824659,50.96033899,0,
246046,5,3,15,0,2019,8,10,4,3,5,3,0,1,1,0,0,0,0,"352691,8894","5643482,066",6.904004604,50.92414823,0,
246047,5,3,15,0,2019,8,16,4,3,2,6,0,0,1,0,1,0,0,"356802,3263","5641660,286",6.963165592,50.90881088,0,
246048,5,3,15,0,2019,8,20,4,3,1,2,0,1,1,0,0,0,1,"355891,5016","5642817,176",6.949761981,50.91898103,1,
246049,5,3,15,0,2019,8,12,4,3,6,2,0,0,1,1,0,0,0,"356344,108","5647571,346",6.954322151,50.96181895,0,
246050,5,3,15,0,2019,8,18,4,3,5,3,0,1,1,0,0,0,0,"356716,8221","5644122,678",6.960982879,50.93091899,1,
246051,5,3,15,0,2019,8,16,4,3,0,1,0,1,0,0,0,0,0,"355551,2026","5644720,153",6.944169883,50.93599766,0,
246052,5,3,15,0,2019,8,11,4,3,1,6,0,0,1,0,0,0,0,"356197,523","5643570,776",6.953815629,50.92582989,0,
246103,5,3,15,0,2019,8,8,3,3,5,3,0,0,1,0,0,0,0,"361625,909","5643068,715",7.031197661,50.92264533,0,
246104,5,3,15,0,2019,8,3,3,3,0,7,2,0,0,0,0,0,1,"353740,675",5646000,6.917906242,50.94704287,0,
246105,5,3,15,0,2019,8,17,3,3,0,7,0,1,0,0,0,0,0,"354777,7718","5646272,858",6.932550838,50.94975716,0,
246106,5,3,15,0,2019,8,21,3,3,0,1,1,1,0,0,0,0,0,"355701,8233","5642369,5",6.947242353,50.91491043,1,
246107,5,3,15,0,2019,8,18,3,2,0,1,0,1,0,0,0,0,0,"355261,4816","5642348,055",6.940990963,50.91460745,1,
246108,5,3,15,0,2019,8,9,3,3,0,1,0,1,0,0,0,0,0,"355390,0528","5643207,739",6.942477899,50.92236551,0,
246152,5,3,15,0,2019,8,12,2,3,5,2,0,1,1,0,0,0,0,"363267,296","5639540,779",7.055858649,50.89132948,0,
246153,5,3,15,0,2019,8,1,2,2,0,1,2,1,0,0,0,0,0,"352555,291","5649647,502",6.899565473,50.97951923,0,
246154,5,3,15,0,2019,8,6,2,2,3,2,0,0,0,0,1,1,0,"349158,1955","5645593,91",6.852888173,50.94221282,0,
246155,5,3,15,0,2019,8,8,2,2,0,1,0,0,0,0,0,0,1,"356716,6964","5642292,045",6.961700356,50.91446721,1,
246156,5,3,15,0,2019,8,6,2,3,5,3,1,1,1,0,0,0,0,"352350,7797","5643258,967",6.899244887,50.92205613,0,
246157,5,3,15,0,2019,8,15,2,3,4,2,0,1,1,0,0,0,0,"356309,7616","5643073,875",6.9556074,50.92139226,0,
246195,5,3,15,0,2019,8,16,3,2,0,7,0,1,0,0,0,0,0,"349066,5786","5656729,886",6.84695781,51.04225862,1,
246196,5,3,15,0,2019,8,9,3,3,0,7,0,1,0,0,0,0,0,"351482,8508","5646066,139",6.885760939,50.94705997,0,
246197,5,3,15,0,2019,8,18,3,3,5,2,0,1,1,0,0,0,0,"357175,8335","5638785,036",6.96959913,50.88306352,0,
246198,5,3,15,0,2019,8,12,3,3,1,5,0,1,1,0,0,0,0,"353634,333","5643327,751",6.917466742,50.9230013,0,
246199,5,3,15,0,2019,8,13,3,3,1,5,0,1,1,0,0,0,0,"356465,9907","5646015,17",6.956670219,50.94786422,0,
246200,5,3,15,0,2019,8,10,3,3,1,5,0,0,0,0,0,1,1,"356532,4995","5643651,313",6.958547126,50.92663707,0,
246201,5,3,15,0,2019,8,9,3,3,0,1,0,0,0,0,0,0,1,"356644,7947","5642731,578",6.960505479,50.91839941,0,
246202,5,3,15,0,2019,8,18,3,2,0,1,0,1,0,0,0,0,0,"356830,9741","5643300,92",6.962928941,50.92356227,1,
246258,5,3,15,0,2019,8,12,2,3,9,7,0,0,1,0,0,0,1,"366385,9565","5638147,067",7.100684718,50.87953303,0,
246259,5,3,15,0,2019,8,23,2,3,1,5,2,0,1,0,0,0,0,"365773,1797","5638421,124",7.09187865,50.88185415,1,
246260,5,3,15,0,2019,8,15,2,3,0,1,0,1,0,0,0,0,0,"355330,9885","5648425,549",6.939565448,50.96924196,0,
246261,5,3,15,0,2019,8,19,2,3,5,3,0,0,1,0,0,0,0,"348320,1711","5646128,904",6.840745809,50.94680053,1,
246262,5,3,15,0,2019,8,14,2,3,5,7,0,0,1,0,1,0,0,"357405,5023","5637337,972",6.97342628,50.8701154,0,
246263,5,3,15,0,2019,8,14,2,3,0,2,0,1,1,0,1,0,0,"355709,994","5640052,265",6.948274406,50.89408778,1,
246264,5,3,15,0,2019,8,15,2,3,0,1,0,0,0,0,1,0,0,"356743,306","5644726,984",6.961121967,50.93635642,1,
246265,5,3,15,0,2019,8,14,2,3,0,1,0,1,0,0,0,0,0,"356115,0374","5643656,786",6.952608789,50.92658229,1,
246266,5,3,15,0,2019,8,10,2,3,1,5,0,0,1,0,0,0,0,"357271,7712","5646698,029",6.967865767,50.95420108,0,
246267,5,3,15,0,2019,8,16,2,3,1,5,0,1,1,0,0,0,0,"356111,6552","5644968,578",6.952042821,50.93837033,1,
246312,5,3,15,0,2019,8,16,1,3,2,6,0,0,1,0,0,0,0,"358451,286","5645584,551",6.985081151,50.94448515,0,
246313,5,3,15,0,2019,8,15,1,2,0,3,0,0,1,0,1,0,0,"361068,4512","5648842,725",7.021068126,50.97440365,0,
246314,5,3,15,0,2019,8,13,1,3,0,1,0,1,0,0,0,0,0,"358004,6074","5648362,907",6.977643056,50.96934429,0,
246315,5,3,15,0,2019,8,14,1,3,0,1,0,1,0,0,0,0,0,"353929,9501","5655280,275",6.916867573,51.03048878,0,
246316,5,3,15,0,2019,8,16,1,2,8,7,0,0,0,0,0,0,1,"356981,1325","5642004,547",6.965572288,50.91194907,0,
246317,5,3,15,0,2019,8,0,1,3,2,7,2,1,1,0,0,0,0,"356002,631","5643883,899",6.950920707,50.92859527,0,
246356,5,3,15,0,2019,8,13,7,3,5,3,0,0,1,0,0,0,0,"364266,8307","5641069,615",7.06949368,50.90530572,0,
246357,5,3,15,0,2019,8,12,7,3,5,3,0,1,1,0,0,0,0,"359556,945","5644985,654",7.001040612,50.9393732,0,
246358,5,3,15,0,2019,8,21,7,2,0,1,2,0,0,0,0,0,1,"357520,0662","5645667,692",6.971801742,50.94500295,0,
246359,5,3,15,0,2019,8,14,7,3,6,7,0,0,1,1,0,0,0,"362535,6214","5651479,407",7.040955737,50.99845227,0,
246360,5,3,15,0,2019,8,21,7,3,2,2,1,0,1,0,0,0,0,"357431,612","5648938,565",6.969262007,50.97437613,0,
246423,5,3,15,0,2019,8,15,6,3,8,1,0,0,1,0,0,0,1,"351168,931","5652945,212",6.878479048,51.00879692,1,
246425,5,3,15,0,2019,8,13,6,2,0,1,0,1,0,0,0,0,0,"354847,1307","5648423,804",6.932679636,50.96910455,0,
246426,5,3,15,0,2019,8,9,6,2,5,3,0,0,1,0,1,0,0,"350097,6805","5644448,984",6.866722054,50.93216912,0,
246427,5,3,15,0,2019,8,5,6,3,5,3,2,1,1,0,0,0,0,"352878,9493","5647324,198",6.905112638,50.95872357,0,
246428,5,3,15,0,2019,8,15,6,2,0,1,0,1,0,0,0,0,0,"354746,0696","5645189,151",6.932532021,50.94001019,1,
246429,5,3,15,0,2019,8,16,6,2,3,1,0,1,0,0,1,0,0,"356012,7381","5643109,745",6.951370139,50.92164058,1,
246438,5,3,15,0,2019,8,14,1,3,6,4,0,0,1,1,0,0,0,"360232,3534","5648469,613",7.009309879,50.97084814,1,
246439,5,3,15,0,2019,8,10,1,3,4,6,0,0,1,0,0,0,1,"349290,723","5649272,668",6.853249758,50.97530571,1,