OBJECTID,ULAND,UREGBEZ,UKREIS,UGEMEINDE,UJAHR,UMONAT,USTUNDE,UWOCHENTAG,UKATEGORIE,UART,UTYP1,ULICHTVERH,IstRad,IstPKW,IstFuss,IstKrad,IstGkfz,IstSonstige,LINREFX,LINREFY,XGCSWGS84,YGCSWGS84,USTRZUSTAND,UIDENTSTLAE
246440,5,3,15,0,2019,8,16,1,3,2,6,0,0,1,0,0,0,0,"355967,9581","5640480,903",6.951770972,50.8980043,1,
246441,5,3,15,0,2019,8,0,1,3,2,7,2,0,1,0,0,0,0,"357046,859","5639886,403",6.967335966,50.89292962,1,
246442,5,3,15,0,2019,8,15,1,3,0,1,0,1,1,0,0,0,0,"355544,7068","5643416,829",6.944593987,50.9242833,1,
246443,5,3,15,0,2019,8,20,1,3,2,6,1,1,1,0,0,0,0,"356601,4668","5644375,247",6.959243037,50.93316015,0,
246444,5,3,15,0,2019,8,2,1,3,0,7,2,0,0,0,0,0,1,"356687,648","5644913,994",6.960256807,50.93802323,1,
246469,5,3,15,0,2019,8,15,7,3,3,2,0,1,0,0,1,0,0,"366918,472","5634918,556",7.109424326,50.85063869,0,
246471,5,3,15,0,2019,8,0,7,2,4,1,2,0,1,0,0,0,1,"357388,5527","5645637,148",6.969942867,50.94469593,1,
246472,5,3,15,0,2019,8,11,7,3,1,5,0,1,1,0,0,0,0,"358710,2489","5646286,134",6.988492797,50.95085383,0,
246473,5,3,15,0,2019,8,18,7,3,0,1,0,1,0,0,0,0,0,"351916,3931","5648668,282",6.890869404,50.97055557,1,
246474,5,3,15,0,2019,8,11,7,3,1,5,0,1,1,0,0,0,0,"356315,0953","5642954,522",6.955730255,50.92032098,0,
246475,5,3,15,0,2019,8,13,7,3,0,1,0,1,0,0,0,0,0,"355439,379","5644303,015",6.942744943,50.9322209,0,
246476,5,3,15,0,2019,8,4,7,2,0,7,2,0,0,0,0,0,1,"356209,3374","5646204,697",6.952944189,50.94950351,0,
246527,5,3,15,0,2019,8,12,6,3,5,2,0,1,1,0,0,0,0,"353580,5918","5643320,96",6.916705363,50.92292664,0,
246586,5,3,15,0,2019,8,13,5,3,2,6,0,0,1,0,0,0,0,"364516,8769","5639659,028",7.073571245,50.8926867,0,
246587,5,3,15,0,2019,8,7,5,3,3,2,0,1,1,0,0,0,0,"364490,008","5633776,662",7.075368273,50.83981192,1,
246588,5,3,15,0,2019,8,22,5,3,5,3,2,0,1,0,0,0,0,"364009,5543","5639497,512",7.066422153,50.89111585,1,
246589,5,3,15,0,2019,8,19,5,3,2,6,0,0,1,0,0,0,0,"360949,0262","5645299,455",7.020721952,50.94253078,1,
246590,5,3,15,0,2019,8,15,5,3,3,6,0,0,1,0,0,1,0,"355996,8117","5652737,013",6.947332917,51.00815483,0,
246591,5,3,15,0,2019,8,19,5,3,6,6,0,1,0,1,0,0,0,"357043,0988","5646814,521",6.964566424,50.95519131,1,
246592,5,3,15,0,2019,8,8,5,3,2,6,0,0,0,0,0,0,1,"351928,337","5648968,984",6.890916958,50.97326089,0,
246593,5,3,15,0,2019,8,8,5,2,0,5,0,0,1,0,1,0,0,"354042,572","5646301,995",6.922079864,50.94983331,1,
246594,5,3,15,0,2019,8,19,5,3,2,2,0,0,1,0,1,0,0,"357146,4096","5635000,083",6.970659008,50.84904066,1,
246595,5,3,15,0,2019,8,6,5,2,5,5,1,1,1,0,0,0,0,"353301,6472","5641599,14",6.913431609,50.90738237,1,
246596,5,3,15,0,2019,8,9,5,3,0,6,0,0,1,0,1,0,0,"355513,0182","5644021,258",6.943903874,50.92970726,1,
246658,5,3,15,0,2019,8,19,4,3,0,1,0,1,0,0,0,0,0,"359451,812","5653003,979",6.996445568,51.01140862,0,
246659,5,3,15,0,2019,8,17,4,2,3,2,0,1,0,0,0,0,0,"363398,2593","5647643,806",7.054683422,50.96418587,0,
246660,5,3,15,0,2019,8,18,4,3,4,6,0,1,0,0,0,0,1,"351109,2832","5645231,836",6.880787871,50.9394662,0,
246661,5,3,15,0,2019,8,12,4,3,0,5,0,1,1,0,0,0,0,"349797,752","5644502,299",6.862434937,50.9325702,0,
246662,5,3,15,0,2019,8,11,4,3,0,5,0,1,1,0,0,0,0,"358870,6174","5639746,6",6.993305059,50.89212171,0,
246663,5,3,15,0,2019,8,16,4,3,3,6,0,1,0,0,0,1,0,"356204,5866","5641963,251",6.954549784,50.91138501,0,
246664,5,3,15,0,2019,8,9,4,3,5,3,0,1,1,0,0,0,0,"356716,6964","5642292,045",6.961700356,50.91446721,0,
246665,5,3,15,0,2019,8,9,4,3,5,3,0,1,1,0,0,0,0,"356812,244","5642691,028",6.962902065,50.91807656,0,
246738,5,3,15,0,2019,8,18,5,3,6,6,0,1,0,1,0,0,0,"359843,5784","5634518,372",7.009133684,50.84537116,0,
246739,5,3,15,0,2019,8,21,5,3,0,6,2,0,1,0,0,0,1,"359435,2578","5643737,505",6.999791145,50.92812629,0,
246740,5,3,15,0,2019,8,19,5,3,5,3,0,1,1,0,0,0,0,"360252,859","5644757,812",7.011026714,50.93749463,0,
246741,5,3,15,0,2019,8,23,5,3,0,1,2,0,0,0,0,0,1,"358788,0093","5646375,91",6.989564303,50.9516797,0,
246742,5,3,15,0,2019,8,22,5,3,8,7,2,0,1,0,0,1,0,"363756,7645","5648823,855",7.059343628,50.97487632,0,
246743,5,3,15,0,2019,8,18,5,3,1,5,0,0,1,0,0,0,0,"359941,9782","5645990,485",7.006130941,50.94849741,0,
246744,5,3,15,0,2019,8,18,5,3,3,5,0,1,1,0,0,0,0,"359666,796","5647248,086",7.001731169,50.95973267,0,
246745,5,3,15,0,2019,8,12,5,3,5,3,0,1,1,0,0,0,0,"355602,5091","5648334,593",6.943465998,50.96849269,0,
246746,5,3,15,0,2019,8,12,5,3,0,7,0,0,0,0,1,0,1,"354738,1091","5646179,984",6.932023627,50.94891253,0,
246747,5,3,15,0,2019,8,13,5,3,1,5,0,0,1,0,0,0,0,"352510,2161","5643699,65",6.90133348,50.92605715,0,
246748,5,3,15,0,2019,8,2,5,2,5,2,2,1,1,0,0,0,0,"355659,5022","5644543,932",6.945779968,50.93444112,0,
246749,5,3,15,0,2019,8,22,5,3,6,4,2,0,0,1,1,0,0,"356572,865","5646079,298",6.958165375,50.94846713,0,
246750,5,3,15,0,2019,8,21,5,3,0,1,2,0,0,0,1,0,0,"356237,878","5645654,776",6.953567318,50.94456857,0,
246751,5,3,15,0,2019,8,0,5,3,5,7,2,0,0,0,0,0,1,"355372,876","5644251,439",6.941819651,50.93174073,0,
246817,5,3,15,0,2019,8,0,4,3,0,7,2,0,1,0,0,0,0,"363397,9507","5642124,285",7.05674856,50.91457959,0,
246818,5,3,15,0,2019,8,16,4,3,6,7,0,1,0,1,0,0,0,"359075,3305","5644746,639",6.994282609,50.93710765,0,
246819,5,3,15,0,2019,8,17,4,3,0,7,0,1,0,0,0,0,0,"359890,1311","5648840,465",7.004295927,50.97409787,0,
246820,5,3,15,0,2019,8,20,4,3,0,7,0,1,0,0,0,0,0,"358851,36","5650505,672",6.988862848,50.98880941,0,
246821,5,3,15,0,2019,8,14,4,3,3,6,0,0,1,0,0,0,0,"357436,2019","5649104,514",6.969262272,50.97586864,0,
246822,5,3,15,0,2019,8,18,4,3,1,5,0,1,1,0,0,0,0,"354243,3833","5642882,369",6.926304402,50.91915297,0,
246823,5,3,15,0,2019,8,11,4,3,0,1,0,1,0,0,0,0,0,"355104,7618","5644022,771",6.93809767,50.92961845,0,
246824,5,3,15,0,2019,8,23,4,2,0,1,2,0,0,0,0,0,1,"355495,0185","5645362,614",6.943115995,50.94175725,0,
246887,5,3,15,0,2019,8,15,3,3,0,7,0,1,0,0,0,0,0,"358968,8492","5640712,064",6.994328069,50.90082247,0,
246888,5,3,15,0,2019,8,16,3,3,0,7,0,0,1,0,0,0,0,"359621,3316","5643966,738",7.002348941,50.93023175,0,
246889,5,3,15,0,2019,8,11,3,3,6,4,0,0,1,1,0,0,0,"359548,9063","5644457,587",7.001129816,50.93462544,0,
246890,5,3,15,0,2019,8,22,3,3,6,4,2,0,1,1,0,0,0,"359482,595","5644024,166",7.000353804,50.93071409,0,
246892,5,3,15,0,2019,8,18,3,3,1,2,0,0,1,0,1,0,0,"360996,7971","5644262,301",7.021797176,50.93322116,0,
246893,5,3,15,0,2019,8,8,3,2,1,5,0,1,1,0,0,0,0,"357579,6178","5644343,179",6.97316665,50.93311431,0,
246894,5,3,15,0,2019,8,16,3,3,3,6,0,0,1,0,0,1,0,"356129,436","5650950,207",6.949930136,50.99213046,0,
246895,5,3,15,0,2019,8,18,3,3,2,2,0,1,0,1,0,0,0,"357034,1326","5642586,43",6.966097688,50.91719156,0,
246896,5,3,15,0,2019,8,22,3,3,6,4,2,1,0,1,0,0,0,"354806,4629","5643786,694",6.933949758,50.92742188,0,
246897,5,3,15,0,2019,8,19,3,3,5,2,0,1,1,0,0,0,0,"355504,2887","5643407,681",6.944022913,50.92419097,0,
246944,5,3,15,0,2019,8,15,2,3,5,2,0,1,0,0,0,0,0,"353614,339","5653983,253",6.912893453,51.01875282,0,
246946,5,3,15,0,2019,8,15,2,3,0,1,0,1,0,0,0,0,0,"348626,4576","5644476,647",6.84578916,50.93203347,0,
246947,5,3,15,0,2019,8,15,2,3,5,3,0,1,1,0,0,0,0,"355975,1259","5640492,475",6.951868269,50.89811009,0,
246948,5,3,15,0,2019,8,7,2,3,7,7,0,1,0,0,0,0,0,"354854,3914","5643809,792",6.934622094,50.92764152,0,
246949,5,3,15,0,2019,8,8,2,2,3,2,0,1,1,0,0,0,0,"356716,6964","5642292,045",6.961700356,50.91446721,0,
246977,5,3,15,0,2019,8,5,2,2,4,6,2,0,1,0,0,0,0,"359338,8546","5642841,647",6.998765815,50.9200516,0,
246978,5,3,15,0,2019,8,0,2,3,6,7,2,0,1,1,0,0,0,"361900,4833","5640123,191",7.036216493,50.89623866,0,
246979,5,3,15,0,2019,8,16,2,3,1,6,0,0,1,0,0,0,0,"359008,4372","5645321,771",6.993108596,50.94226006,0,
246980,5,3,15,0,2019,8,8,2,3,0,1,0,1,0,0,0,0,0,"359400,2685","5646066,146",6.998394958,50.94904551,0,
246981,5,3,15,0,2019,8,16,2,3,0,1,0,1,0,0,0,0,0,"357916,4928","5644272,071",6.977985358,50.93255836,0,
246982,5,3,15,0,2019,8,8,2,3,5,2,0,1,1,0,0,0,0,"356999,6232","5647472,061",6.963689468,50.96108976,0,
246984,5,3,15,0,2019,8,14,2,3,1,5,0,1,1,0,0,0,0,"356063,1483","5649721,329",6.94947303,50.98107027,0,
246985,5,3,15,0,2019,8,14,2,3,4,1,0,1,0,0,0,0,0,"355226,4894","5654307,614",6.935733289,51.02207589,0,
246986,5,3,15,0,2019,8,15,2,3,4,7,0,0,1,0,1,0,0,"352448,4257","5645048,637",6.89990878,50.9381641,0,
246987,5,3,15,0,2019,8,19,2,3,5,3,0,1,1,0,0,0,0,"353527,3944","5643658,977",6.915813214,50.92595078,0,
246988,5,3,15,0,2019,8,14,2,3,0,7,0,0,1,0,0,0,0,"355988,2868","5643048,522",6.951046663,50.92108427,0,
247068,5,3,15,0,2019,8,19,1,3,4,6,0,1,1,0,0,0,0,"347695,3114","5645616,496",6.832071613,50.94203121,0,
247069,5,3,15,0,2019,8,22,1,3,0,1,2,0,0,0,0,0,1,"351417,6941","5646122,275",6.884811163,50.94754764,0,
247070,5,3,15,0,2019,8,16,1,2,6,4,0,0,1,1,0,0,0,"356527,422","5645876,084",6.957598949,50.94662956,0,
247119,5,3,15,0,2019,8,11,7,3,8,7,0,1,0,0,0,0,0,"361264,5005","5640196,068",7.027150811,50.8967412,0,
247120,5,3,15,0,2019,8,20,7,3,6,4,0,0,1,1,0,0,0,"360407,3672","5644932,945",7.013157263,50.939106,0,
247122,5,3,15,0,2019,8,23,7,3,1,5,2,1,1,0,0,0,0,"353509,3359","5647018,298",6.914205593,50.95613517,0,
247123,5,3,15,0,2019,8,17,7,3,0,1,0,1,0,0,0,0,0,"358878,1707","5639799,125",6.993392097,50.8925956,0,
247124,5,3,15,0,2019,8,21,7,3,0,1,2,0,0,0,0,0,1,"355463,3292","5645119,569",6.942761668,50.93956511,0,
247125,5,3,15,0,2019,8,21,7,2,5,3,2,0,1,0,0,0,1,"356231,1207","5645680,866",6.953460895,50.94480135,0,
247126,5,3,15,0,2019,8,14,7,3,2,6,0,0,1,0,0,0,0,"356094,017","5644619,949",6.951929632,50.93523285,0,
247207,5,3,15,0,2019,8,11,6,3,0,7,0,1,0,0,0,0,0,"363046,336","5640900,412",7.052208975,50.90349677,0,
247208,5,3,15,0,2019,8,13,6,3,8,1,0,0,1,0,0,0,0,"360229,1679","5649370,156",7.00891835,50.97894064,0,
247209,5,3,15,0,2019,8,22,6,2,5,2,2,1,0,0,1,0,0,"351700,8279","5644655,802",6.889435846,50.93444212,0,
247210,5,3,15,0,2019,8,7,6,3,4,2,0,1,1,0,0,0,0,"352739,4206","5645878,842",6.903711912,50.94569918,0,
247211,5,3,15,0,2019,8,11,6,3,4,5,0,0,1,0,1,0,0,"358702,2558","5639189,948",6.991128002,50.88707783,0,
247212,5,3,15,0,2019,8,11,6,3,5,3,0,0,1,0,1,0,0,"356164,0613","5640661,042",6.954486832,50.89967207,0,
247214,5,3,15,0,2019,8,15,6,3,5,2,0,1,1,0,0,0,0,"353874,7639","5643391,657",6.920859645,50.92363656,0,
247249,5,3,15,0,2019,8,12,6,3,2,3,0,1,1,0,0,0,1,"354917,206","5647910,709",6.933881623,50.96451117,0,
247252,5,3,15,0,2019,8,10,6,3,5,2,0,0,1,0,1,0,0,"357364,6916","5648011,893",6.968672869,50.96603167,0,
247259,5,3,15,0,2019,8,2,6,3,0,7,2,1,0,0,0,0,0,"349223,518","5645585,573",6.85382074,50.94215498,0,
247262,5,3,15,0,2019,8,16,6,3,5,3,0,0,1,0,1,0,0,"353026,1222","5645788,731",6.907826627,50.94496255,0,
247265,5,3,15,0,2019,8,1,6,3,0,1,2,1,0,0,0,0,0,"357578,6302","5636985,149",6.976022524,50.86698723,0,
247291,5,3,15,0,2019,8,18,6,3,2,6,1,0,1,0,0,0,0,"357073,2481","5634801,481",6.9696979,50.84723773,0,
247294,5,3,15,0,2019,8,15,5,3,5,3,0,1,0,0,1,0,0,"365860,257","5637798,919",7.093344081,50.87628218,0,
247295,5,3,15,0,2019,8,18,5,3,1,5,0,0,1,0,0,0,0,"364600,8755","5639819,414",7.074705445,50.89414789,0,
247296,5,3,15,0,2019,8,15,6,3,0,1,0,1,0,0,0,0,0,"354855,2273","5643810,202",6.934633817,50.92764541,0,
247297,5,3,15,0,2019,8,14,5,3,5,3,0,1,1,0,0,0,0,"359358,5491","5642960,103",6.999000154,50.92112099,0,
247298,5,3,15,0,2019,8,7,5,2,5,3,0,1,1,0,0,0,0,"359229,1771","5642679,252",6.997269091,50.91856539,0,
247299,5,3,15,0,2019,8,15,5,3,2,6,0,0,1,0,0,0,0,"354845,9002","5646967,83",6.93324297,50.95601984,0,
247300,5,3,15,0,2019,8,14,5,3,6,7,0,0,0,1,1,0,0,"354077,9883","5646326,304",6.922573972,50.95006073,0,
247301,5,3,15,0,2019,8,7,5,3,0,2,0,1,1,0,0,0,0,"352361,1827","5645615,543",6.898438204,50.94323629,0,
247302,5,3,15,0,2019,8,17,5,3,0,1,0,1,0,0,0,0,0,"355578,3471","5643461,52",6.945054614,50.92469335,0,
247303,5,3,15,0,2019,8,13,5,3,6,2,0,0,1,1,0,0,0,"355661,8714","5644939,909",6.945656815,50.93800028,0,
247304,5,3,15,0,2019,8,9,5,3,5,3,0,0,1,0,0,0,0,"356133,434","5643432,352",6.952958938,50.92456992,0,
247305,5,3,15,0,2019,8,15,6,3,1,7,0,1,1,0,0,0,0,"353874,4725","5643392,54",6.920855148,50.92364442,0,
247317,5,3,15,0,2019,8,7,6,3,0,7,0,1,0,0,0,0,0,"356596,8466","5644274,713",6.959216887,50.9322555,0,
247326,5,3,15,0,2019,8,18,6,3,2,6,0,0,1,0,1,0,0,"355459,6479","5643301,719",6.943430173,50.92322753,0,
247329,5,3,15,0,2019,8,14,6,3,5,2,0,0,1,0,1,0,0,"355987,3521","5643045,957",6.951034386,50.92106099,0,
247360,5,3,15,0,2019,8,15,6,3,5,3,0,1,0,0,0,0,1,"355747,3451","5647208,816",6.945973711,50.95841188,0,
247381,5,3,15,0,2019,8,18,4,3,2,2,0,0,1,0,1,0,0,"361890,487","5650483,161",7.032146369,50.98934433,0,
247382,5,3,15,0,2019,8,21,4,3,5,3,2,0,1,0,0,0,0,"358038,0938","5648458,931",6.978082184,50.97021551,0,
247383,5,3,15,0,2019,8,8,4,3,5,2,0,1,1,0,0,0,0,"351595,996","5650141,56",6.885707955,50.98371259,0,
247385,5,3,15,0,2019,8,17,4,3,3,2,0,1,0,0,0,0,1,"353653,7297","5646926,308",6.916297062,50.95534518,0,
247386,5,3,15,0,2019,8,20,4,3,5,3,2,1,0,0,0,1,0,"353989,0713","5639353,869",6.924100001,50.88737897,0,
247387,5,3,15,0,2019,8,13,4,3,5,2,0,1,1,0,0,0,0,"356716,6964","5642292,045",6.961700356,50.91446721,0,
247388,5,3,15,0,2019,8,9,4,3,0,1,0,1,0,0,0,0,0,"353783,053","5643157,438",6.919649566,50.92150846,0,
247389,5,3,15,0,2019,8,16,4,3,0,3,0,1,1,0,0,0,0,"355868,4309","5644468,951",6.948781007,50.93381953,0,
247454,5,3,15,0,2019,8,14,6,3,6,4,0,1,0,1,0,0,0,"356564,843","5647029,521",6.957676866,50.95700465,0,
247457,5,3,15,0,2019,8,11,3,3,1,5,0,0,1,0,0,0,0,"362630,4662","5647540,399",7.043795283,50.96307395,0,
247458,5,3,15,0,2019,8,6,3,3,5,3,0,0,1,0,1,0,0,"354120,3751","5655456,141",6.919510554,51.03211757,0,
247459,5,3,15,0,2019,8,0,3,3,6,7,2,1,0,1,0,0,0,"356486,9168","5645445,621",6.957192345,50.94275096,0,
247460,5,3,15,0,2019,8,22,3,3,0,7,2,1,0,0,0,0,0,"355321,4647","5645905,64",6.940431636,50.94659378,1,
247518,5,3,15,0,2019,9,12,2,3,2,6,0,0,1,0,0,0,0,"364510,7852","5640362,999",7.073223527,50.89901227,0,
247519,5,3,15,0,2019,9,8,2,2,5,3,0,1,0,0,0,1,0,"361201,2509","5645601,041",7.024194955,50.94530198,0,
247520,5,3,15,0,2019,9,12,2,3,0,1,0,1,0,0,0,0,0,"362576,2454","5647663,4",7.042977175,50.96416647,0,
247521,5,3,15,0,2019,9,15,2,2,6,7,0,0,0,1,0,0,1,"355932,984","5647240,36",6.948602739,50.9587418,0,
247522,5,3,15,0,2019,9,12,2,3,0,5,0,1,1,0,0,0,0,"355252,7303","5642050,213",6.94098471,50.9119286,0,
247523,5,3,15,0,2019,9,7,2,3,1,5,0,1,1,0,0,0,0,"356164,7974","5644167,082",6.953115019,50.93118066,0,
247524,5,3,15,0,2019,9,18,2,3,5,2,0,1,1,0,0,0,0,"354966,0959","5645434,291",6.935563988,50.94226859,0,
247525,5,3,15,0,2019,9,15,2,3,3,2,0,1,1,0,0,0,0,"356238,4778","5645041,45",6.953817897,50.93905685,0,
247592,5,3,15,0,2019,9,14,1,3,4,5,0,0,1,0,1,0,0,"357144,8529","5649264,939",6.965051937,50.97723815,0,
247594,5,3,15,0,2019,9,1,1,3,0,1,2,1,0,0,0,0,0,"353387,4126","5646329,966",6.912748041,50.94991841,0,
247595,5,3,15,0,2019,9,0,1,3,0,1,2,1,0,0,0,0,0,"349270,7663","5645575,3",6.854497027,50.94207502,0,
247652,5,3,15,0,2019,8,12,7,3,2,6,0,0,1,0,0,0,0,"364725,1534","5640630,709",7.076171013,50.90146859,0,
247653,5,3,15,0,2019,8,13,7,2,6,4,0,0,1,1,0,0,0,"359825,7621","5645292,65",7.004746141,50.94219763,0,
247654,5,3,15,0,2019,8,2,7,3,1,7,2,1,0,0,0,0,1,"358438,8323","5642442,94",6.986124052,50.9162483,0,
247656,5,3,15,0,2019,8,21,7,3,5,2,2,1,1,0,0,0,0,"359815,6186","5645681,529",7.004452181,50.94569007,0,
247657,5,3,15,0,2019,8,16,7,2,0,7,0,0,1,0,0,0,0,"366524,2393","5648330,788",7.098921235,50.97109292,0,
247658,5,3,15,0,2019,8,12,7,2,0,1,0,0,0,0,0,0,1,"357405,2148","5645651,46",6.970174287,50.94482867,0,
247659,5,3,15,0,2019,8,11,7,3,0,1,0,1,0,0,0,0,0,"359077,2003","5647104,55",6.993396723,50.95829881,0,
247660,5,3,15,0,2019,8,15,7,3,5,3,0,1,1,0,0,0,0,"356880,8929","5650085,572",6.960971279,50.98454749,0,
247661,5,3,15,0,2019,8,19,7,3,0,7,0,1,0,0,0,0,0,"359935,4844","5639690,995",7.008457732,50.89188119,0,
247662,5,3,15,0,2019,8,16,7,3,3,6,0,1,1,0,0,0,0,"360042,9824","5637948,946",7.01065234,50.876251,0,
247663,5,3,15,0,2019,8,3,7,2,0,1,2,1,0,0,0,0,0,"352391,1565","5642789,63",6.900008897,50.91784873,0,
247664,5,3,15,0,2019,8,9,7,3,1,5,0,1,1,0,0,0,0,"355536,2405","5644634,564",6.943991016,50.93522474,0,
247758,5,3,15,0,2019,8,15,6,3,5,3,0,0,1,0,0,0,0,"364245,8901","5641832,475",7.068912266,50.91215703,0,
247759,5,3,15,0,2019,8,23,6,2,8,7,2,1,0,0,0,0,0,"357750,9888","5645756,856",6.975051897,50.94586129,0,
247761,5,3,15,0,2019,8,14,6,3,0,1,0,1,0,0,0,0,0,"360796,342","5648306,773",7.017399861,50.96952126,0,
247820,5,3,15,0,2019,9,19,5,3,5,3,1,0,1,0,0,0,0,"367545,6983","5637848,597",7.117268958,50.87711744,0,
247821,5,3,15,0,2019,9,13,5,3,0,3,0,1,1,0,0,0,0,"354733,2","5648097,814",6.931188313,50.96614626,0,
247822,5,3,15,0,2019,9,10,5,3,5,3,0,1,1,0,0,0,0,"352682,3665","5653775,027",6.89969987,51.01664359,0,
247823,5,3,15,0,2019,9,18,5,3,6,4,0,0,1,1,0,0,0,"350221,2022","5643807,351",6.86874223,50.92643525,0,
247824,5,3,15,0,2019,9,16,5,3,0,6,0,1,1,0,0,0,0,"354764,5117","5646619,73",6.932223823,50.95287106,0,
247825,5,3,15,0,2019,9,16,5,3,4,2,0,0,1,0,0,0,0,"350240,702","5643640,025",6.869088221,50.92493666,0,
247826,5,3,15,0,2019,9,18,5,3,5,3,0,0,1,0,0,0,0,"356275,6299","5641013,416",6.955933679,50.90286661,0,
247827,5,3,15,0,2019,9,3,5,3,9,1,2,0,1,0,0,0,1,"356309,4018","5641900,465",6.956064461,50.91084685,0,
247828,5,3,15,0,2019,9,12,5,3,0,1,0,0,0,0,1,0,0,"353599,5383","5643079,874",6.917071528,50.92076489,1,
247887,5,3,15,0,2019,9,14,4,3,3,6,0,1,1,0,0,0,0,"363449,3274","5648276,285",7.055172792,50.9698823,0,
247888,5,3,15,0,2019,9,13,4,3,0,7,0,1,0,0,0,0,1,"354442,8244","5646088,968",6.927859213,50.94802012,0,
247889,5,3,15,0,2019,9,8,4,3,2,6,0,0,1,0,0,0,0,"356498,2475","5641871,059",6.958760447,50.91062956,0,
247890,5,3,15,0,2019,9,8,4,3,1,5,0,1,1,0,0,0,0,"357336,8287","5642179,388",6.97056027,50.91360838,0,
247891,5,3,15,0,2019,9,21,4,3,5,3,2,0,1,0,0,0,0,"359704,2864","5638905,071",7.005474278,50.8847618,1,
247892,5,3,15,0,2019,9,17,4,2,5,3,0,1,0,0,0,0,0,"355189,6662","5644664,49",6.939050084,50.93540677,0,
247983,5,3,15,0,2019,9,6,3,3,2,6,1,0,1,0,1,0,0,"361262,059","5649722,286",7.023488416,50.98235509,0,
247985,5,3,15,0,2019,9,15,3,2,5,3,0,1,1,0,0,0,0,"354537,236","5645319,209",6.929509737,50.94112635,0,
247987,5,3,15,0,2019,9,17,3,3,3,2,0,1,1,0,0,0,0,"351582,1141","5646259,373",6.887094234,50.94882202,0,
247988,5,3,15,0,2019,9,20,3,3,0,1,1,1,0,0,0,0,0,"353956,2876","5647216,138",6.920485601,50.95802653,0,
247990,5,3,15,0,2019,9,13,3,3,4,6,0,1,1,0,0,0,0,"356640,1853","5642706,217",6.960449915,50.91817034,0,
247991,5,3,15,0,2019,9,3,3,3,0,7,2,0,0,0,0,0,1,"355887,2695","5644639,171",6.948981614,50.93535397,0,
247992,5,3,15,0,2019,9,15,3,3,0,1,0,0,0,0,0,0,1,"356487,4745","5643696,881",6.957888946,50.92703539,0,
247993,5,3,15,0,2019,9,11,3,3,0,7,0,1,1,0,0,0,1,"355812,5178","5645467,34",6.947590722,50.94277789,0,
248018,5,3,15,0,2019,9,18,3,3,6,4,0,0,1,1,0,0,0,"365617,6662","5636322,651",7.090440321,50.86295757,0,
248019,5,3,15,0,2019,9,15,3,3,0,7,0,0,0,0,0,0,1,"364803,405","5635954,454",7.079012703,50.85945851,0,
248020,5,3,15,0,2019,9,17,3,3,3,2,0,1,1,0,0,0,0,"359593,327","5645116,579",7.001507651,50.9405587,0,
248021,5,3,15,0,2019,9,15,3,3,3,2,0,1,1,0,0,0,0,"359073,793","5644753,545",6.994258069,50.93716934,0,
248022,5,3,15,0,2019,9,16,3,3,5,3,0,1,1,0,0,0,0,"364865,168","5648767,694",7.075143095,50.97463273,0,
248023,5,3,15,0,2019,9,16,3,3,5,3,0,1,1,0,0,0,0,"357411,9359","5649343,296",6.968823196,50.97800853,0,
248024,5,3,15,0,2019,9,19,3,2,0,1,1,0,0,0,1,0,0,"353050,6653","5650863,028",6.906125766,50.9905692,0,
248025,5,3,15,0,2019,9,18,3,3,6,4,0,0,0,1,0,0,1,"356768,6178","5641850,838",6.962611662,50.910515,0,
248026,5,3,15,0,2019,9,7,3,3,5,3,0,1,0,0,0,0,0,"354160,2212","5644166,603",6.924608428,50.93067299,0,
248027,5,3,15,0,2019,9,19,3,3,2,6,1,0,1,0,0,0,1,"354724,5355","5644474,213",6.932510766,50.93357981,0,
248028,5,3,15,0,2019,9,18,3,3,2,6,0,0,1,0,0,0,0,"356497,173","5643641,137",6.958048798,50.92653683,0,
248091,5,3,15,0,2019,9,9,2,3,5,3,0,0,1,0,1,0,0,"365932,1123","5648314,991",7.090498466,50.97081342,0,
248092,5,3,15,0,2019,9,14,2,3,6,5,0,0,1,1,0,0,0,"352954,2184","5654401,057",6.903319043,51.02233895,0,
248147,5,3,15,0,2019,9,18,1,3,0,4,0,0,1,1,0,0,0,"360431,9861","5649968,519",7.011575922,50.98436739,1,
248148,5,3,15,0,2019,9,17,1,3,0,3,0,1,1,0,0,0,0,"361023,8478","5645383,127",7.021754374,50.9433008,1,
248149,5,3,15,0,2019,9,19,1,3,5,3,0,1,1,0,0,0,0,"356716,6964","5642292,045",6.961700356,50.91446721,1,
248150,5,3,15,0,2019,9,12,1,3,0,1,0,0,0,0,1,0,0,"358856,0833","5639782,113",6.993084816,50.89243732,0,
248185,5,3,15,0,2019,9,13,7,2,1,5,0,0,1,0,0,0,0,"356885,2847","5650422,104",6.960901259,50.98757294,0,