OBJECTID,ULAND,UREGBEZ,UKREIS,UGEMEINDE,UJAHR,UMONAT,USTUNDE,UWOCHENTAG,UKATEGORIE,UART,UTYP1,ULICHTVERH,IstRad,IstPKW,IstFuss,IstKrad,IstGkfz,IstSonstige,LINREFX,LINREFY,XGCSWGS84,YGCSWGS84,USTRZUSTAND,UIDENTSTLAE
248186,5,3,15,0,2019,9,1,7,2,0,7,2,1,0,0,0,0,0,"352062,1678","5654725,483",6.890476395,51.02502553,0,
248187,5,3,15,0,2019,9,13,7,3,5,3,0,1,1,0,0,0,0,"352421,2574","5646653,69",6.898872,50.95258101,0,
248188,5,3,15,0,2019,9,12,7,3,2,2,0,0,1,0,0,0,0,"353426,4627","5647074,058",6.913003992,50.9566152,0,
248189,5,3,15,0,2019,9,14,7,3,5,3,0,0,1,0,1,0,0,"356750,2607","5638475,084",6.963674696,50.88017263,0,
248190,5,3,15,0,2019,9,18,7,3,4,1,0,0,1,0,0,0,0,"356980,9202","5639275,548",6.966638129,50.88742354,1,
248191,5,3,15,0,2019,9,15,7,3,0,7,0,0,0,0,0,0,1,"356730,673","5644766,401",6.960926794,50.93670751,1,
248192,5,3,15,0,2019,9,2,7,3,0,1,2,1,0,0,0,0,0,"356409,1679","5645655,11",6.956003812,50.94461426,0,
248193,5,3,15,0,2019,9,0,7,2,0,4,2,0,1,1,0,0,0,"356197,523","5643570,776",6.953815629,50.92582989,0,
248213,5,3,15,0,2019,9,16,6,3,6,2,0,0,1,1,0,0,0,"363475,46","5640205,144",7.058568301,50.8973497,0,
248219,5,3,15,0,2019,9,22,6,2,1,1,2,0,1,0,0,0,1,"360847,6862","5647828,486",7.018313631,50.96523521,0,
248223,5,3,15,0,2019,9,8,6,3,4,2,0,1,1,0,0,0,0,"359982,7846","5647178,169",7.00625466,50.95918119,0,
248227,5,3,15,0,2019,9,15,6,3,5,2,0,1,1,0,0,0,0,"355289,789","5641931,039",6.941558763,50.9108669,0,
248230,5,3,15,0,2019,9,19,6,3,0,5,0,1,1,0,0,0,0,"356505,7335","5643587,961",6.958191454,50.92606108,0,
248232,5,3,15,0,2019,9,12,6,3,5,3,0,1,1,0,0,0,0,"356800,1414","5645347,956",6.96168625,50.94195115,0,
248271,5,3,15,0,2019,9,14,6,3,0,7,0,0,1,0,0,0,1,"366985,5265","5637792,574",7.109331572,50.87648525,0,
248272,5,3,15,0,2019,9,22,6,3,6,6,2,0,1,1,0,0,0,"361220,6294","5648206,779",7.023477052,50.96872497,0,
248273,5,3,15,0,2019,9,22,6,3,0,1,2,1,0,0,0,0,0,"353662,5965","5651468,374",6.914595061,50.99616508,0,
248274,5,3,15,0,2019,9,8,6,3,5,3,0,0,1,0,0,0,0,"352698,3673","5647549,449",6.902451959,50.96070167,0,
248275,5,3,15,0,2019,9,14,6,3,3,6,0,1,1,0,0,0,0,"356719,4258","5642298,779",6.961736514,50.91452841,0,
248276,5,3,15,0,2019,9,16,6,3,5,5,0,1,1,0,0,0,0,"355963,6899","5642987,485",6.95072105,50.92052961,0,
248277,5,3,15,0,2019,9,12,6,3,5,7,0,0,1,0,0,1,1,"355191,134","5644096,023",6.939296822,50.93029845,0,
248349,5,3,15,0,2019,9,22,5,3,0,3,2,1,1,0,0,0,0,"359617,7834","5645152,381",7.00184173,50.94088642,0,
248350,5,3,15,0,2019,9,7,5,3,0,3,0,0,1,0,1,0,0,"358462,9829","5644849,748",6.985533035,50.93788433,1,
248351,5,3,15,0,2019,9,14,5,3,5,3,0,1,1,0,0,0,0,"352690,58","5643485,596",6.903984561,50.92417961,0,
248352,5,3,15,0,2019,9,7,5,3,5,3,0,1,0,0,0,0,0,"354712,309","5642251,075",6.93322263,50.91359793,1,
248353,5,3,15,0,2019,9,11,5,3,5,7,0,0,0,0,1,0,1,"355845,0456","5642710,995",6.949143465,50.9180152,1,
248447,5,3,15,0,2019,9,13,4,3,3,6,0,1,1,0,0,0,0,"359151,9786","5644551,18",6.995448343,50.93536977,0,
248448,5,3,15,0,2019,9,15,4,3,8,1,0,0,1,0,0,0,0,"359362,6038","5646060,908",6.997861128,50.94898924,1,
248449,5,3,15,0,2019,9,8,4,2,5,3,0,0,1,0,1,0,0,"362708,4594","5650854,417",7.043653642,50.99287659,0,
248450,5,3,15,0,2019,9,17,4,3,4,2,0,1,1,0,0,0,0,"360376,116","5648239,148",7.011444626,50.96881179,0,
248451,5,3,15,0,2019,9,17,4,3,6,4,0,0,0,1,0,0,1,"357414,1668","5648758,297",6.969084374,50.97275177,1,
248452,5,3,15,0,2019,9,17,4,3,5,3,0,0,1,0,0,0,0,"356599,811","5648068,958",6.957764781,50.96635461,1,
248453,5,3,15,0,2019,9,16,4,3,1,5,0,1,1,0,0,0,0,"357424,6594","5649206,336",6.969058035,50.97678084,0,
248454,5,3,15,0,2019,9,16,4,3,1,5,0,0,0,0,1,1,0,"353699,3878","5647534,476",6.916702214,50.96082215,1,
248455,5,3,15,0,2019,9,19,4,3,0,5,1,1,1,0,0,0,0,"356904,5438","5642805,243",6.964169499,50.9191259,1,
248547,5,3,15,0,2019,9,8,3,3,5,3,0,1,1,0,0,0,0,"365043,807","5637744,956",7.081765946,50.8756071,0,
248548,5,3,15,0,2019,9,7,3,3,0,1,0,0,0,0,1,0,0,"352910,745","5650991,138",6.904081601,50.99168472,0,
248549,5,3,15,0,2019,9,11,3,3,5,3,0,1,1,0,0,0,0,"353008,803","5653762,45",6.90435562,51.01661411,0,
248550,5,3,15,0,2019,9,8,3,2,6,4,0,0,1,1,0,0,0,"351175,9959","5645097,342",6.881791658,50.93827479,0,
248551,5,3,15,0,2019,9,8,3,3,1,7,0,0,1,0,1,0,0,"352600,312","5645452,344",6.901905681,50.94183088,0,
248552,5,3,15,0,2019,9,16,3,3,5,7,0,1,0,0,0,0,0,"353825,331","5646806,491",6.918786739,50.95431198,0,
248553,5,3,15,0,2019,9,16,3,3,1,5,0,1,1,0,0,0,0,"356596,6095","5642997,676",6.9597158,50.92077883,0,
248594,5,3,15,0,2019,9,15,2,3,0,1,0,1,0,0,0,0,0,"366281,4816","5635625,344",7.100122295,50.85684424,0,
248595,5,3,15,0,2019,9,16,2,3,0,7,0,0,1,0,1,0,0,"361838,2087","5648434,992",7.032180481,50.97092444,0,
248596,5,3,15,0,2019,9,15,2,3,0,7,0,0,0,0,0,0,1,"352870,9915","5653841,711",6.902360109,51.01729114,0,
248597,5,3,15,0,2019,9,9,2,3,0,1,0,1,0,0,0,0,0,"350007,295","5646722,955",6.864500393,50.9525803,1,
248599,5,3,15,0,2019,9,9,2,3,5,7,0,1,1,0,0,0,0,"358613,4297","5640345,015",6.989418915,50.89743683,0,
248600,5,3,15,0,2019,9,8,2,3,5,6,0,0,1,0,0,0,0,"359639,8019","5637288,157",7.005178858,50.87021456,0,
248601,5,3,15,0,2019,9,19,2,2,0,1,1,1,0,0,0,0,0,"354800,762","5643783,995",6.933869768,50.92739619,1,
248602,5,3,15,0,2019,9,12,2,3,5,3,0,1,1,0,0,0,0,"355270,386","5645234,533",6.939971669,50.94054988,0,
248671,5,3,15,0,2019,9,13,1,3,6,7,0,0,1,1,0,0,0,"358155,8585","5646299,803",6.980599985,50.9508405,0,
248672,5,3,15,0,2019,9,14,1,3,0,1,0,1,0,0,0,0,0,"357332,6089","5648019,508",6.968213287,50.96609215,0,
248673,5,3,15,0,2019,9,16,1,3,0,7,0,0,1,0,1,0,0,"353461,8806","5653399,088",6.910957298,51.01346439,0,
248674,5,3,15,0,2019,9,11,1,3,3,2,0,0,1,0,1,0,0,"355895,5675","5647908,092",6.947805876,50.96473321,0,
248675,5,3,15,0,2019,9,6,1,2,0,3,1,1,1,0,0,0,0,"353981,0351","5639147,869",6.92406814,50.88552566,0,
248676,5,3,15,0,2019,9,1,1,3,5,2,2,0,1,0,0,0,0,"356231,258","5644232,723",6.954034267,50.93178713,0,
248677,5,3,15,0,2019,9,6,1,3,6,4,0,0,1,1,0,0,0,"355337,691","5643971,992",6.941430183,50.92922057,0,
248718,5,3,15,0,2019,9,13,7,3,5,2,0,1,1,0,0,0,0,"365070,2162","5638525,568",7.081852981,50.88262912,0,
248719,5,3,15,0,2019,9,15,7,2,0,1,0,1,0,0,0,0,0,"359612,8286","5646396,062",7.001291825,50.9520623,0,
248720,5,3,15,0,2019,9,19,7,3,5,3,0,1,0,0,0,0,1,"361251,171","5649739,94",7.02332666,50.98251113,0,
248721,5,3,15,0,2019,9,16,7,3,0,7,0,0,1,0,0,0,0,"358403,3532","5645357,457",6.984487568,50.94243249,0,
248722,5,3,15,0,2019,9,20,7,3,5,3,2,1,1,0,0,0,0,"356825,2162","5649235,548",6.96051342,50.97689463,0,
248723,5,3,15,0,2019,9,14,7,2,5,2,0,0,1,0,1,0,0,"352800,066","5647471,249",6.903930725,50.96002491,0,
248724,5,3,15,0,2019,9,2,7,3,0,7,2,0,0,0,0,0,1,"356652,1592","5644525,826",6.959904743,50.93452598,0,
248725,5,3,15,0,2019,9,18,7,3,7,5,0,1,1,0,0,0,0,"355432,5105","5645176,026",6.942300914,50.94006476,0,
248797,5,3,15,0,2019,9,22,6,3,8,2,2,0,1,0,0,0,0,"359356,9077","5643120,965",6.998914781,50.92256627,0,
248798,5,3,15,0,2019,9,16,6,3,0,7,0,0,1,0,1,0,0,"359594,4687","5645121,151",7.001522128,50.94060007,0,
248800,5,3,15,0,2019,9,10,6,2,0,2,0,0,1,0,0,0,1,"362900,8152","5645390,486",7.04845247,50.94381634,0,
248801,5,3,15,0,2019,9,8,6,3,0,7,0,0,0,0,0,0,1,"354629,2613","5646258,666",6.930443716,50.94959218,0,
248802,5,3,15,0,2019,9,15,6,3,0,7,0,1,0,0,0,0,0,"354494,5052","5646351,776",6.928489406,50.95039494,0,
248803,5,3,15,0,2019,9,14,6,2,2,6,2,0,1,0,1,0,0,"354753,403","5646654,467",6.932051915,50.95318043,0,
248804,5,3,15,0,2019,9,18,6,3,2,3,0,1,1,0,0,0,0,"355856,1823","5644472,696",6.948605328,50.93385012,0,
248805,5,3,15,0,2019,9,15,6,3,0,1,0,0,0,0,0,0,1,"354970,3822","5645208,415",6.935714882,50.94023978,0,
248909,5,3,15,0,2019,9,14,5,3,6,2,0,0,1,1,0,0,0,"360996,7971","5644262,301",7.021797176,50.93322116,0,
248910,5,3,15,0,2019,9,15,5,3,5,3,0,0,1,0,0,0,1,"357305,732","5645114,307",6.968969528,50.9399767,0,
248911,5,3,15,0,2019,9,16,5,3,5,2,0,1,1,0,0,0,0,"366093,8359","5647739,49",7.09301237,50.96567869,0,
248912,5,3,15,0,2019,9,15,5,3,0,7,0,0,1,0,0,0,0,"350418,574","5644441,658",6.871288362,50.9321866,0,
248913,5,3,15,0,2019,9,15,5,3,5,3,0,1,0,0,0,0,1,"355313,146","5642606,119",6.941623071,50.91693958,0,
248914,5,3,15,0,2019,9,16,5,3,0,6,0,1,1,0,0,0,0,"353782,812","5643157,306",6.919646192,50.92150722,0,
248915,5,3,15,0,2019,9,23,5,3,6,2,2,0,1,1,0,0,0,"356731,225","5644689,992",6.960964687,50.93602097,0,
248917,5,3,15,0,2019,9,16,5,3,0,7,0,1,1,0,0,0,0,"356748,0644","5643010,419",6.961864175,50.92093098,0,
248918,5,3,15,0,2019,9,14,5,3,6,7,0,0,1,1,0,0,0,"355576,0551","5644918,36",6.944444787,50.93778514,0,
248919,5,3,15,0,2019,9,10,5,3,0,1,0,1,0,0,0,0,0,"355653,0288","5643560,533",6.946077316,50.92560186,0,
249003,5,3,15,0,2019,9,6,4,3,6,7,2,0,1,1,0,0,0,"364181,9021","5641987,445",7.067944911,50.91353476,0,
249004,5,3,15,0,2019,9,15,4,1,0,7,0,1,0,0,0,0,0,"360260,0484","5643541,743",7.011595209,50.92656733,0,
249006,5,3,15,0,2019,9,11,4,2,1,5,0,1,1,0,0,0,0,"356618,8225","5649021,763",6.957659704,50.97492204,0,
249007,5,3,15,0,2019,9,16,4,3,0,7,0,0,1,0,1,0,0,"353672,727","5646067,705",6.916912438,50.94763407,0,
249008,5,3,15,0,2019,9,12,4,3,2,2,0,0,1,0,1,0,0,"354050,7113","5644156,08",6.923055341,50.93055073,0,
249009,5,3,15,0,2019,9,14,4,3,4,2,0,0,1,0,1,0,0,"356125,326","5645716,47",6.951941879,50.94509493,0,
249102,5,3,15,0,2019,9,8,2,3,8,1,0,0,1,0,0,0,0,"364427,953","5649536,534",7.068632461,50.98143986,1,
249103,5,3,15,0,2019,9,11,2,3,1,5,0,0,1,0,1,0,0,"357959,275","5644951,49",6.978328965,50.93867483,1,
249104,5,3,15,0,2019,9,15,2,3,4,1,0,1,0,0,0,0,0,"354013,815","5647050,206",6.921370712,50.95654994,0,
249105,5,3,15,0,2019,9,10,2,3,5,2,0,0,1,0,0,0,0,"353611,327","5641970,695",6.917684204,50.91080004,1,
249106,5,3,15,0,2019,9,18,2,3,3,1,0,1,0,0,0,0,0,"354064,1196","5643952,07",6.923327686,50.92872075,0,
249107,5,3,15,0,2019,9,12,2,3,5,3,0,1,1,0,0,0,0,"354058,9624","5643190,834",6.923559036,50.92187844,0,
249108,5,3,15,0,2019,9,9,2,3,3,2,0,1,0,0,0,0,0,"355903,2227","5642843,382",6.949918271,50.91921947,1,
249109,5,3,15,0,2019,9,7,2,3,5,3,1,1,1,0,0,0,0,"355387,3462","5643571,792",6.94229504,50.92563651,1,
249110,5,3,15,0,2019,9,21,2,3,5,3,2,1,1,0,0,0,0,"355888,644","5644648,418",6.948997506,50.93543741,0,
249112,5,3,15,0,2019,9,18,2,3,5,3,0,1,1,0,0,0,0,"355148,5133","5645632,219",6.938080039,50.94409318,0,
249113,5,3,15,0,2019,9,12,2,3,1,7,0,0,1,0,0,0,0,"355741,4039","5645279,062",6.946653722,50.94106809,1,
249165,5,3,15,0,2019,9,7,3,3,5,2,1,1,1,0,0,0,0,"347761,0159","5645023,595",6.83325389,50.93672067,0,
249170,5,3,15,0,2019,9,15,2,3,2,6,0,0,1,0,0,1,0,"348594,375","5643603,538",6.845695537,50.92417908,0,
249175,5,3,15,0,2019,9,14,3,2,6,4,0,0,1,1,0,0,0,"347717,9732","5645829,407",6.832304928,50.94395045,0,
249185,5,3,15,0,2019,9,19,1,3,0,1,0,1,0,0,0,0,0,"362922,515","5640780,463",7.050494086,50.90238936,0,
249186,5,3,15,0,2019,9,17,1,3,0,5,1,0,1,0,0,0,0,"347760,9305","5645023,166",6.833252855,50.93671678,0,
249187,5,3,15,0,2019,9,19,1,3,5,3,0,0,1,0,0,0,0,"352433,026","5645102,715",6.899667852,50.93864613,0,
249188,5,3,15,0,2019,9,1,1,3,0,6,2,1,1,0,0,0,1,"355381,595","5645355,988",6.941505269,50.94166927,0,
249189,5,3,15,0,2019,9,19,3,3,1,5,2,1,1,0,0,0,0,"354967,7182","5643903,764",6.936196197,50.92851452,1,
249190,5,3,15,0,2019,9,17,1,3,4,6,0,0,1,0,0,0,1,"356652,5977","5644526,554",6.959910694,50.93453263,0,
249191,5,3,15,0,2019,9,12,1,3,0,7,0,0,1,0,0,0,0,"356467,9204","5642962,342",6.957900013,50.9204293,0,
249217,5,3,15,0,2019,9,14,3,2,0,1,0,1,0,0,0,0,0,"355156,1644","5643388,334",6.939080684,50.92392981,0,
249221,5,3,15,0,2019,9,10,3,3,3,2,0,1,1,0,0,0,0,"355112,1278","5643922,754",6.938242169,50.92872147,0,
249252,5,3,15,0,2019,9,13,7,2,1,7,0,1,1,0,0,0,0,"364525,8301","5640378,602",7.07343156,50.89915604,0,
249254,5,3,15,0,2019,9,19,7,3,0,4,2,0,1,1,0,0,0,"361837,604","5648436,548",7.032171284,50.97093827,0,
249255,5,3,15,0,2019,9,16,7,3,6,4,0,0,1,1,0,0,0,"358109,1515","5651897,416",6.977750869,51.00113441,0,
249256,5,3,15,0,2019,9,19,7,3,5,3,1,1,1,0,0,0,0,"353979,9558","5636257,035",6.925207013,50.85954606,0,
249257,5,3,15,0,2019,9,18,7,3,0,7,0,0,1,1,0,0,0,"356685,0768","5644762,392",6.960279864,50.93666016,0,
249308,5,3,15,0,2019,9,7,6,3,2,6,0,0,1,0,0,0,0,"361912,569","5644919,111",7.034572717,50.9393441,1,
249309,5,3,15,0,2019,9,22,6,3,0,7,2,0,1,1,0,0,0,"357464,971","5645674,029",6.971015509,50.94504628,0,
249310,5,3,15,0,2019,9,18,6,3,2,6,1,0,1,0,0,0,0,"358156,5764","5644780,49",6.981201869,50.93718662,1,
249311,5,3,15,0,2019,9,14,6,3,1,5,0,1,1,0,0,0,0,"348129,0168","5646136,996",6.838023307,50.94682292,0,
249312,5,3,15,0,2019,9,13,6,3,0,5,0,1,1,0,0,0,0,"356616,003","5641524,071",6.960570648,50.90754047,0,
249313,5,3,15,0,2019,9,13,6,3,5,7,0,0,1,0,0,0,0,"356686,4288","5641882,209",6.96143104,50.91077653,0,
249314,5,3,15,0,2019,9,1,6,3,0,1,2,0,0,0,0,0,1,"355297,5408","5644188,917",6.940773121,50.93115997,1,
249408,5,3,15,0,2019,9,13,5,3,6,7,0,0,1,1,0,0,0,"361366,526","5640928,463",7.028322651,50.90334797,1,
249409,5,3,15,0,2019,9,11,5,3,2,2,0,0,1,0,0,0,0,"359074,4946","5644750,488",6.99426923,50.93714204,1,
249410,5,3,15,0,2019,9,8,5,3,0,2,0,0,1,0,1,0,0,"359609,269","5646187,866",7.00132146,50.95019036,1,
249411,5,3,15,0,2019,9,16,5,3,0,3,0,1,1,0,0,0,0,"361070,3119","5648842,314",7.021094769,50.9744004,1,
249412,5,3,15,0,2019,9,12,5,3,1,2,0,0,1,0,0,0,0,"352444,5305","5654781,527",6.895901956,51.02562743,1,
249413,5,3,15,0,2019,9,11,5,3,0,2,0,0,1,0,1,0,0,"353845,7484","5647171,054",6.918930848,50.95759336,1,
249414,5,3,15,0,2019,9,8,5,3,0,1,0,1,0,0,0,0,0,"353432,8571","5646758,139",6.913222181,50.95377778,1,
249415,5,3,15,0,2019,9,18,5,3,5,2,1,0,1,0,0,0,0,"356767,699","5641856,265",6.962596473,50.91056353,1,
249416,5,3,15,0,2019,9,18,5,3,4,2,0,1,0,0,0,0,0,"353723,6137","5643883,452",6.918513224,50.92801785,1,
249417,5,3,15,0,2019,9,17,5,3,0,7,0,0,0,0,1,0,0,"358878,7955","5639799,606",6.99340079,50.89260008,1,
249418,5,3,15,0,2019,9,15,5,2,3,1,0,0,1,0,0,0,0,"356449,9308","5643922,689",6.957266167,50.92905536,1,
249419,5,3,15,0,2019,9,19,5,3,5,2,1,0,1,0,1,0,0,"356178,8275","5645314,356",6.952861727,50.94149454,1,
249499,5,3,15,0,2019,9,8,4,3,5,3,0,1,1,0,0,0,0,"363122,9827","5641701,779",7.052997871,50.91071719,1,
249500,5,3,15,0,2019,9,8,4,3,5,3,0,0,1,0,0,0,0,"361625,909","5643068,715",7.031197661,50.92264533,1,
249501,5,3,15,0,2019,9,10,4,3,1,7,0,1,1,0,0,0,0,"356195,9936","5647257,918",6.952338284,50.95896528,0,
249502,5,3,15,0,2019,9,20,4,3,0,1,2,1,0,0,0,0,0,"356203,8899","5647672,558",6.952286792,50.96269355,1,
249503,5,3,15,0,2019,9,16,4,2,0,1,0,1,0,0,0,0,0,"351852,4221","5650478,106",6.889221361,50.98680297,0,
249504,5,3,15,0,2019,9,19,4,3,1,1,2,0,1,0,1,0,0,"353723,5554","5642138,012",6.919212409,50.91233211,1,
249505,5,3,15,0,2019,9,12,4,3,5,3,0,1,1,0,0,0,0,"353535,7921","5643674,673",6.915926317,50.92609397,0,
249506,5,3,15,0,2019,9,20,4,3,3,1,2,0,1,0,0,0,0,"355241,1227","5645923,326",6.93928169,50.94673255,1,
249508,5,3,15,0,2019,9,8,4,3,6,7,0,0,1,1,0,0,0,"355360,0651","5644982,766",6.9413472,50.9383098,0,
249509,5,3,15,0,2019,9,22,4,3,0,1,2,0,0,0,1,0,0,"354858,0612","5644409,791",6.934435373,50.93303449,1,
249510,5,3,15,0,2019,9,17,4,3,6,4,0,0,1,1,0,0,0,"356629,0797","5645599,92",6.959153826,50.94417301,1,
249633,5,3,15,0,2019,10,12,3,3,0,1,0,0,0,0,1,0,0,"364584,3765","5640807,279",7.074104654,50.90302253,1,
249634,5,3,15,0,2019,10,17,3,3,0,1,0,0,0,0,1,0,0,"359268,2325","5646081,203",6.996510676,50.9491486,1,
249635,5,3,15,0,2019,10,13,3,3,5,3,0,1,0,0,0,0,1,"360067,3885","5648005,412",7.007140419,50.96663626,1,
249636,5,3,15,0,2019,10,8,3,3,0,1,0,0,0,0,1,0,0,"356884,8911","5652097,594",6.960235395,51.00263014,1,
249637,5,3,15,0,2019,10,15,3,3,5,3,0,1,1,0,0,0,0,"354445,1919","5646390,355",6.927772417,50.95072919,1,
249638,5,3,15,0,2019,10,9,4,3,5,3,0,0,1,0,0,0,0,"363714,8799","5640192,809",7.061975464,50.89729539,1,
249639,5,3,15,0,2019,10,17,3,3,3,7,0,1,1,0,0,0,0,"352315,2584","5644639,604",6.898180557,50.93445422,1,
249640,5,3,15,0,2019,10,17,3,3,0,1,0,1,0,0,0,0,0,"354133,7042","5643342,375",6.924561099,50.92325919,1,
249641,5,3,15,0,2019,10,17,3,3,9,1,0,0,0,0,0,0,1,"354912,685","5643682,786",6.93550156,50.9265148,1,
249642,5,3,15,0,2019,10,15,3,2,5,5,0,1,1,0,0,0,0,"356207,2291","5642919,547",6.954210429,50.9199798,1,
249643,5,3,15,0,2019,10,17,3,3,5,3,0,0,1,0,0,0,0,"355504,383","5643362,279",6.944042244,50.92378297,0,
249644,5,3,15,0,2019,10,11,4,3,5,2,0,1,1,0,0,0,0,"361320,0112","5649648,458",7.02434167,50.98170554,0,
249647,5,3,15,0,2019,10,18,4,3,5,3,0,1,1,0,0,0,0,"357441,387","5648940,268",6.96940048,50.97439386,0,
249651,5,3,15,0,2019,10,14,4,3,5,3,0,0,1,0,0,0,1,"355310,6463","5648455,108",6.939264168,50.96950248,0,
249670,5,3,15,0,2019,10,11,4,3,6,4,0,1,0,1,0,0,0,"357226,2813","5648059,047",6.966684532,50.96642114,1,
249685,5,3,15,0,2019,10,20,4,3,1,7,2,0,1,0,0,0,0,"347612,8513","5645466,472",6.830961518,50.94066129,0,
249693,5,3,15,0,2019,10,9,4,2,5,1,0,1,1,0,0,0,0,"352895,6783","5647783,759",6.905164894,50.96285771,1,
249703,5,3,15,0,2019,10,6,4,3,5,3,2,1,1,0,0,0,0,"355711,5525","5642357,552",6.947385389,50.91480549,1,
249710,5,3,15,0,2019,10,15,4,3,5,3,0,0,1,0,0,0,0,"354845,3049","5642482,707",6.935021081,50.91571302,0,
249714,5,3,15,0,2019,10,11,4,3,0,3,0,1,1,0,0,0,0,"356076,9149","5644828,607",6.951603989,50.93710376,0,
249718,5,3,15,0,2019,10,18,4,3,6,6,0,0,0,1,0,0,1,"355563,4573","5645202,485",6.94415297,50.94033536,0,
249725,5,3,15,0,2019,10,17,4,3,0,7,0,0,0,0,0,0,1,"356345,5434","5645329,823",6.95522703,50.9416751,0,
249727,5,3,15,0,2019,9,15,2,3,6,4,0,0,1,1,0,0,0,"359492,7144","5650532,855",6.997984604,50.98921062,0,
249728,5,3,15,0,2019,9,5,2,3,4,2,2,0,1,0,0,0,1,"361864,0657","5648992,852",7.032336599,50.97594426,1,
249729,5,3,15,0,2019,9,7,2,3,2,6,1,0,1,0,0,0,0,"361865,5628","5649008,808",7.032351849,50.97608802,1,
249730,5,3,15,0,2019,9,22,2,3,0,2,2,0,1,0,0,0,1,"362908,379","5649010,262",7.047196373,50.97635028,0,
249731,5,3,15,0,2019,9,21,2,2,5,7,2,0,1,0,0,0,0,"357519,4246","5648954,865",6.970505578,50.97454435,0,
249732,5,3,15,0,2019,9,8,2,3,0,2,0,0,1,0,0,0,1,"354469,0097","5651285,632",6.926152137,50.99472734,1,
249733,5,3,15,0,2019,9,18,2,3,5,3,0,1,1,0,0,0,0,"354470,585","5646348,016",6.928150603,50.95035511,0,
249734,5,3,15,0,2019,9,0,2,3,1,5,2,0,1,0,0,0,0,"355148,0604","5647123,05",6.937480478,50.95749079,1,
249735,5,3,15,0,2019,9,20,2,3,5,2,2,0,1,0,0,0,0,"352337,443","5645926,659",6.897974394,50.94602606,0,
249736,5,3,15,0,2019,9,12,2,3,2,7,0,0,1,0,0,0,0,"357142,3662","5636363,509",6.970069552,50.86129287,0,
249737,5,3,15,0,2019,9,14,2,3,3,6,0,0,1,0,1,0,0,"356191,1572","5644403,982",6.953396411,50.93331622,0,
249776,5,3,15,0,2019,9,22,1,2,0,4,2,0,0,1,0,0,1,"353569,252","5651493,996",6.913255452,50.99637159,1,
249777,5,3,15,0,2019,9,5,1,2,6,4,2,1,0,1,0,0,0,"353010,9585","5646214,517",6.907439069,50.94878504,0,
249778,5,3,15,0,2019,9,1,1,2,8,1,2,0,0,0,0,0,1,"354532,7474","5646306,189",6.929051678,50.94999492,0,
249810,5,3,15,0,2019,9,12,7,3,1,6,0,0,1,0,0,0,0,"358944,8026","5642531,714",6.993283028,50.91717001,0,
249812,5,3,15,0,2019,9,6,7,3,0,7,2,0,0,0,1,0,0,"351888,2261","5646828,589",6.891217382,50.95401601,0,
249813,5,3,15,0,2019,9,8,7,3,6,4,0,0,1,1,0,0,0,"355209,6357","5641497,407",6.940591436,50.90694982,0,
249814,5,3,15,0,2019,9,17,7,3,5,3,0,1,1,0,0,0,0,"355179,7598","5645607,646",6.938534286,50.9438802,0,
249886,5,3,15,0,2019,10,19,1,3,6,7,2,0,1,1,0,0,0,"358543,1554","5642265,095",6.98767615,50.91467557,1,
249887,5,3,15,0,2019,10,0,1,2,6,4,2,0,0,1,0,0,1,"362591,221","5647118,331",7.043396147,50.95927134,0,
249888,5,3,15,0,2019,10,13,1,3,0,7,0,0,1,0,1,0,0,"360280,0709","5648028,208",7.01015864,50.96689276,1,
249889,5,3,15,0,2019,10,3,1,3,0,7,2,1,0,0,0,0,0,"355245,2636",5644143,6.940047926,50.9307342,0,
249920,5,3,15,0,2019,10,14,7,2,5,3,0,1,1,0,0,0,0,"361838,0493","5648435,402",7.032178057,50.97092809,0,
249921,5,3,15,0,2019,10,0,7,2,0,1,2,1,0,0,0,0,0,"355968,324","5647825,379",6.94887404,50.96400807,1,
249922,5,3,15,0,2019,10,1,7,2,0,1,2,1,0,0,0,0,0,"351639,805","5655892,496",6.883980398,51.03540383,1,
249923,5,3,15,0,2019,10,20,7,3,3,7,0,0,1,0,0,0,0,"354876,5937","5646090,403",6.934029449,50.94814238,0,
249924,5,3,15,0,2019,10,14,7,3,0,3,0,1,1,0,0,0,0,"354669,7173","5646976,034",6.930732886,50.95604916,0,
249925,5,3,15,0,2019,10,19,7,1,5,3,1,0,1,0,1,0,0,"352867,6868","5646758,239",6.905181159,50.95363468,0,
249926,5,3,15,0,2019,10,19,7,3,0,1,2,1,0,0,0,0,0,"353862,6229","5641972,101",6.921255699,50.91087635,0,
249927,5,3,15,0,2019,10,18,7,3,0,7,1,1,0,0,0,0,0,"356048,1241","5643008,951",6.951913046,50.92074358,0,
249928,5,3,15,0,2019,10,11,7,3,3,5,0,0,1,0,0,0,1,"356454,5145","5643897,56",6.957341244,50.92883067,0,