OBJECTID,ULAND,UREGBEZ,UKREIS,UGEMEINDE,UJAHR,UMONAT,USTUNDE,UWOCHENTAG,UKATEGORIE,UART,UTYP1,ULICHTVERH,IstRad,IstPKW,IstFuss,IstKrad,IstGkfz,IstSonstige,LINREFX,LINREFY,XGCSWGS84,YGCSWGS84,USTRZUSTAND,UIDENTSTLAE
251871,5,3,15,0,2019,11,7,2,3,0,1,1,1,0,0,0,0,0,"353409,2478","5646774,576",6.912879658,50.9539195,1,
251872,5,3,15,0,2019,11,18,2,3,5,2,2,0,1,0,1,0,0,"358840,5482","5637640,477",6.993691178,50.8731863,1,
251873,5,3,15,0,2019,11,15,2,3,6,7,0,0,1,1,0,0,0,"356796,9269","5641913,783",6.962989371,50.9110877,1,
251875,5,3,15,0,2019,11,10,2,2,0,1,0,1,0,0,0,0,0,"355160,2997","5641981,353",6.939698134,50.91128658,0,
251876,5,3,15,0,2019,11,15,2,3,0,1,0,1,0,0,0,0,0,"355000,2983","5643932,403",6.936648098,50.92878009,1,
251893,5,3,15,0,2019,11,17,2,3,3,7,2,0,1,0,0,0,0,"358537,0149","5644869,075",6.986578518,50.93807619,1,
251903,5,3,15,0,2019,11,15,2,3,5,2,1,0,1,0,0,0,0,"356405,8275","5641234,005",6.957697344,50.90488142,0,
251906,5,3,15,0,2019,11,12,2,3,3,6,0,0,1,0,0,0,1,"353002,9004","5644259,587",6.908113218,50.93121483,0,
251911,5,3,15,0,2019,11,18,2,2,6,1,2,0,1,1,0,0,0,"355976,3661","5640494,477",6.951885104,50.89812839,1,
251920,5,3,15,0,2019,11,16,2,3,0,7,2,0,0,0,0,0,1,"355122,5908","5644853,529",6.938020964,50.93708877,1,
251929,5,3,15,0,2019,11,23,2,3,0,1,2,0,0,0,0,0,1,"355237,227","5645061,471",6.939568788,50.93898628,1,
251942,5,3,15,0,2019,11,19,2,2,6,4,2,0,1,1,0,0,0,"356239,084","5644223,399",6.95414924,50.93170529,1,
251943,5,3,15,0,2019,11,16,1,3,6,4,0,0,1,1,0,0,0,"359769,5936","5647443,636",7.00311864,50.96151512,0,
251944,5,3,15,0,2019,11,1,1,3,9,1,2,0,1,0,0,0,0,"357046,18","5639903,267",6.967319718,50.89308101,0,
251945,5,3,15,0,2019,11,3,1,3,0,7,2,0,0,0,0,0,1,"356098,355","5645424,982",6.951673369,50.94246864,0,
251949,5,3,15,0,2019,11,17,2,2,6,4,2,0,1,1,0,0,0,"349840,991","5658702,08",6.857178355,51.06018393,1,
251952,5,3,15,0,2019,11,15,2,3,5,3,0,1,1,0,0,0,0,"355417,6939","5643567,211",6.942728378,50.92560294,0,
251991,5,3,15,0,2019,11,18,7,3,6,4,2,0,1,1,0,0,0,"359313,3315","5634069,517",7.001779002,50.84120848,0,
251992,5,3,15,0,2019,11,11,7,3,5,7,0,0,1,0,0,0,0,"361451,6744","5644620,387",7.028130446,50.93654883,0,
251993,5,3,15,0,2019,11,10,7,2,5,3,0,1,1,0,0,0,0,"359264,0341","5644766,235",6.996959017,50.93732985,1,
251994,5,3,15,0,2019,11,15,7,3,6,4,0,0,1,1,0,0,0,"360897,2895","5644790,116",7.020180472,50.93794076,1,
251995,5,3,15,0,2019,11,12,7,3,5,2,0,0,1,0,0,0,0,"362237,71","5648254,781",7.037935214,50.96940052,0,
252053,5,3,15,0,2019,11,6,6,2,6,4,2,0,1,1,0,0,0,"352757,4242","5653923,508",6.900708919,51.01799713,1,
252054,5,3,15,0,2019,11,15,6,3,6,4,0,0,1,1,0,0,0,"354147,1749","5645681,94",6.923816332,50.94428755,0,
252055,5,3,15,0,2019,11,14,6,2,1,5,0,1,1,0,0,0,0,"347770,1535","5647614,935",6.832300555,50.96000922,0,
252056,5,3,15,0,2019,11,5,6,3,6,7,2,0,0,1,0,0,1,"361260,251","5637829,095",7.02798906,50.87546738,0,
252057,5,3,15,0,2019,11,13,6,3,1,5,0,1,1,0,0,0,0,"356704,115","5642500,656",6.961439561,50.91633886,0,
252062,5,3,15,0,2019,11,8,2,3,6,4,0,0,1,1,0,0,0,"353266,3248","5650607,972",6.909299517,50.98833215,0,
252148,5,3,15,0,2019,11,18,5,3,7,7,2,1,0,0,0,0,0,"364180,1509","5638669,177",7.069154196,50.88371127,0,
252149,5,3,15,0,2019,11,8,5,3,6,4,0,0,1,1,0,0,0,"358404,0602","5641825,868",6.985869175,50.9106941,0,
252150,5,3,15,0,2019,11,23,5,2,0,7,2,1,1,0,0,0,0,"360441,1599","5647162,879",7.012783255,50.95915497,1,
252151,5,3,15,0,2019,11,7,5,3,5,2,0,0,1,0,1,0,0,"352747,0869","5649419,845",6.902387974,50.97752247,0,
252152,5,3,15,0,2019,11,17,5,2,6,2,2,0,1,1,0,0,0,"351497,6032","5646097,909",6.885957842,50.94734926,1,
252154,5,3,15,0,2019,11,17,5,3,1,6,2,0,1,0,0,0,0,"358006,8578","5641086,492",6.980510555,50.90395171,1,
252155,5,3,15,0,2019,11,13,5,3,2,6,0,0,1,0,0,0,0,"358857,4791","5639783,188",6.993104235,50.89244732,1,
252156,5,3,15,0,2019,11,10,5,3,6,6,0,0,0,1,0,0,1,"355984,5712","5644931,519",6.950249924,50.93800556,1,
252157,5,3,15,0,2019,11,20,5,3,0,7,2,1,0,0,0,0,0,"355924,6408","5642893,122",6.950203133,50.91967182,1,
252187,5,3,15,0,2019,11,14,5,3,2,6,0,0,1,0,1,0,0,"363251,7999","5637709,855",7.056323484,50.87487038,0,
252188,5,3,15,0,2019,11,15,5,3,0,1,0,0,0,0,1,0,0,"351552,1628","5646084,97",6.886739247,50.94724704,0,
252189,5,3,15,0,2019,11,11,5,3,6,7,0,0,0,1,0,1,0,"352372,374","5649165,455",6.89715734,50.97514046,0,
252190,5,3,15,0,2019,11,11,5,3,5,2,0,1,1,0,0,0,0,"356892,789","5641052,296",6.964689823,50.90336933,0,
252191,5,3,15,0,2019,11,7,5,3,1,7,0,1,1,0,0,0,0,"355757,0103","5641799,569",6.948252188,50.90980234,1,
252192,5,3,15,0,2019,11,10,5,3,4,3,0,1,0,0,0,0,0,"354028,7192","5642790,218",6.923289372,50.91827057,0,
252193,5,3,15,0,2019,11,12,5,3,5,2,0,1,1,0,0,0,0,"352918,5649","5643191,113",6.907344937,50.92159137,0,
252194,5,3,15,0,2019,11,13,5,2,1,5,0,1,1,0,0,0,0,"356483,6557","5643540,576",6.957896169,50.92562974,0,
252260,5,3,15,0,2019,11,17,4,3,6,4,1,0,1,1,0,0,0,"357483,4388","5647110,538",6.970715905,50.95796065,0,
252261,5,3,15,0,2019,11,18,4,2,8,1,1,0,1,0,0,0,0,"354635,5972","5656944,249",6.926256206,51.04562107,0,
252262,5,3,15,0,2019,11,6,4,3,5,3,2,0,1,0,0,0,0,"352747,0869","5649419,845",6.902387974,50.97752247,1,
252263,5,3,15,0,2019,11,16,4,2,6,4,0,1,0,1,0,0,0,"353313,9608","5645792,8",6.911919458,50.94507243,0,
252264,5,3,15,0,2019,11,17,4,3,5,2,2,0,1,0,0,0,0,"352335,046","5646674,244",6.897637125,50.95274364,0,
252265,5,3,15,0,2019,11,15,4,3,6,1,0,0,0,1,0,0,1,"350806,5519","5646401,023",6.876003233,50.94989474,0,
252267,5,3,15,0,2019,11,9,4,2,0,5,0,1,1,0,0,0,0,"355001,3338","5642825,574",6.937102934,50.91883352,1,
252268,5,3,15,0,2019,11,13,4,3,5,2,0,1,0,0,1,0,0,"354711,29","5642251,686",6.933207901,50.91360316,0,
252343,5,3,15,0,2019,11,11,3,2,0,1,0,0,0,0,1,0,0,"356843,7759","5649733,419",6.960581546,50.98137353,1,
252344,5,3,15,0,2019,11,18,3,2,5,3,2,1,1,0,0,0,0,"354907,8386","5647919,964",6.933744625,50.96459198,1,
252345,5,3,15,0,2019,11,18,3,3,2,2,2,0,1,0,0,0,0,"353615,3243","5651482,46",6.913916201,50.99627964,1,
252346,5,3,15,0,2019,11,3,3,3,7,1,2,0,1,0,0,0,0,"353262,7286","5647865,858",6.910355031,50.9636891,0,
252347,5,3,15,0,2019,11,16,3,3,2,6,0,1,1,0,0,0,0,"355568,3577","5641869,618",6.945542867,50.91038469,1,
252348,5,3,15,0,2019,11,2,3,3,0,7,2,0,0,0,0,0,1,"355524,7299","5645252,894",6.94358213,50.94077866,1,
252425,5,3,15,0,2019,11,22,6,3,0,7,2,1,0,0,0,0,0,"360645,263","5643718,662",7.017005412,50.92825053,0,
252426,5,3,15,0,2019,11,21,6,3,0,6,2,0,1,0,0,0,1,"356393,2805","5644340,293",6.956296049,50.93279421,0,
252443,5,3,15,0,2019,11,20,3,3,5,2,2,1,1,0,0,0,0,"363711,74","5640155,067",7.061944926,50.89695544,1,
252444,5,3,15,0,2019,11,16,3,3,7,1,1,1,0,0,0,0,0,"359854,1727","5643161,686",7.005969683,50.92305324,1,
252445,5,3,15,0,2019,11,14,3,3,6,7,0,0,1,1,0,0,0,"359797,2171","5647554,007",7.003469216,50.96251375,1,
252446,5,3,15,0,2019,11,19,3,3,0,1,2,0,0,0,1,0,0,"353835,1664","5643511,671",6.920248523,50.92470505,1,
252447,5,3,15,0,2019,11,19,3,2,5,7,2,1,1,0,0,0,0,"354886,5818","5642920,742",6.935433628,50.91965992,0,
252448,5,3,15,0,2019,11,15,3,3,0,1,0,1,0,0,0,0,0,"353706,4043","5642108,474",6.918980448,50.91206232,1,
252449,5,3,15,0,2019,11,11,3,2,5,2,0,1,1,0,0,0,0,"355700,793","5645884,543",6.9458362,50.94649926,1,
252512,5,3,15,0,2019,11,6,2,3,5,3,2,1,1,0,0,0,0,"363307,908","5641898,963",7.055552848,50.9125332,1,
252513,5,3,15,0,2019,11,6,2,3,1,5,2,0,1,0,0,0,0,"360958,3617","5643731,785",7.021452906,50.92844402,1,
252514,5,3,15,0,2019,11,21,2,3,6,2,2,0,1,1,0,0,0,"360204,7795","5646208,428",7.009786095,50.95051989,1,
252515,5,3,15,0,2019,11,17,2,2,5,2,1,0,1,0,1,0,0,"353881,435","5650627,382",6.918049761,50.98866305,1,
252516,5,3,15,0,2019,11,16,2,2,5,2,2,0,1,0,1,0,0,"355306,0752","5654614,16",6.936744952,51.02485074,1,
252517,5,3,15,0,2019,11,15,2,3,2,6,1,0,1,0,0,0,0,"356799,0816","5649282,024",6.960123087,50.9773058,1,
252518,5,3,15,0,2019,11,19,2,3,3,2,2,1,1,0,0,0,0,"352371,3376","5645494,198",6.898631829,50.94214842,1,
252519,5,3,15,0,2019,11,17,2,3,6,2,2,0,1,1,0,0,0,"356116,2864","5640735,922",6.953778374,50.90033311,1,
252520,5,3,15,0,2019,11,8,2,3,6,2,1,0,1,1,0,0,0,"355581,6417","5641821,714",6.945750652,50.9099575,1,
252521,5,3,15,0,2019,11,7,2,2,4,2,2,0,1,0,1,0,0,"355009,5916","5642818,418",6.937223182,50.91877128,1,
252522,5,3,15,0,2019,11,17,2,3,5,2,2,0,1,0,0,1,0,"354262,999","5640290,277",6.927618267,50.89586343,1,
252588,5,3,15,0,2019,11,19,1,3,6,7,2,0,1,1,0,0,0,"357469,8311","5645321,686",6.97122252,50.94188099,1,
252589,5,3,15,0,2019,11,20,1,3,0,1,2,0,1,0,0,0,0,"355959,5674","5652151,869",6.947034605,51.00288698,1,
252590,5,3,15,0,2019,11,4,1,3,8,7,2,1,0,0,0,0,0,"353277,2969","5646371,183",6.911164882,50.95026079,0,
252591,5,3,15,0,2019,11,21,1,3,4,2,2,1,1,0,0,0,0,"356760,9892","5641899,233",6.962484227,50.91094802,1,
252592,5,3,15,0,2019,11,16,1,2,5,3,2,1,0,0,0,0,0,"353711,0775","5643340,762",6.918552695,50.9231377,1,
252622,5,3,15,0,2019,11,13,7,3,1,5,0,1,1,0,0,0,0,"351623,2308","5648528,626",6.886753951,50.96922512,0,
252623,5,3,15,0,2019,11,23,7,2,6,7,2,0,0,1,0,0,1,"358967,573","5638835,319",6.995034482,50.88395556,0,
252624,5,3,15,0,2019,11,2,7,2,6,4,2,0,0,1,0,0,1,"353379,4245","5641683,861",6.91450306,50.90816349,0,
252625,5,3,15,0,2019,11,8,7,3,6,7,0,1,0,1,0,0,0,"355939,3113","5642775,307",6.950458243,50.9186167,0,
252626,5,3,15,0,2019,11,14,7,3,1,7,0,0,1,0,1,0,0,"355985,8979","5644937,706",6.950266348,50.9380615,0,
252627,5,3,15,0,2019,11,12,7,3,5,2,0,0,1,0,1,0,0,"356049,3154","5645436,657",6.950971193,50.94256132,0,
252666,5,3,15,0,2019,11,7,6,3,3,6,0,1,0,0,0,0,0,"364360,7901","5639605,061",7.071373235,50.89216504,0,
252667,5,3,15,0,2019,11,10,6,2,2,6,0,0,1,0,0,0,0,"357046,7894","5639888,132",6.967334301,50.89294514,0,
252668,5,3,15,0,2019,11,14,6,3,0,1,0,0,0,0,1,0,0,"355161,5172","5642708,986",6.939426581,50.91782599,0,
252669,5,3,15,0,2019,11,16,6,3,5,2,1,1,1,0,0,0,0,"354966,9874","5645435,301",6.935576267,50.94227789,0,
252671,5,3,15,0,2019,11,11,6,3,5,3,0,0,1,0,0,0,0,"357510,771","5641222,111",6.973406763,50.9050483,0,
252672,5,3,15,0,2019,11,13,6,3,5,3,0,0,1,0,0,0,0,"355551,883","5644713,654",6.944182136,50.93593943,0,
252673,5,3,15,0,2019,11,11,6,3,5,2,0,1,1,0,0,0,0,"351826,4929","5646024,838",6.890666165,50.94677724,0,
252675,5,3,15,0,2019,11,16,6,3,5,2,0,1,1,0,0,0,0,"359456,2712","5637224,513",7.002596638,50.86959798,0,
252680,5,3,15,0,2019,11,13,7,3,5,2,0,1,1,0,0,0,0,"358974,9137","5644712,45",6.99286759,50.93677584,0,
252681,5,3,15,0,2019,11,10,7,2,5,2,0,0,1,0,0,0,0,"352192,8011","5650911,964",6.893890998,50.99078931,0,
252682,5,3,15,0,2019,11,19,7,3,6,4,0,1,1,1,0,0,0,"356195,9255","5644966,017",6.953242429,50.93836834,1,
252683,5,3,15,0,2019,11,20,7,3,6,4,0,0,1,1,0,0,0,"356005,2719","5645092,318",6.950480801,50.93945581,0,
252684,5,3,15,0,2019,11,12,7,3,1,1,0,0,1,0,0,0,1,"356222,0639","5645253,237",6.953500852,50.94095606,0,
252728,5,3,15,0,2019,11,12,6,3,3,2,0,1,1,0,0,0,0,"362415,728","5636749,844",7.044808429,50.86604389,1,
252729,5,3,15,0,2019,11,14,6,3,0,5,0,1,1,0,0,0,0,"357472,0139","5648133,014",6.970152806,50.96714673,0,
252730,5,3,15,0,2019,11,7,6,3,5,3,0,1,1,0,0,0,0,"357408,8318","5649182,824",6.96884195,50.97656562,1,
252731,5,3,15,0,2019,11,17,6,3,0,4,2,0,1,1,0,0,0,"353644,3703","5651536,134",6.914308202,50.99676937,1,
252732,5,3,15,0,2019,11,7,6,2,0,1,0,0,0,0,1,0,0,"352494,504","5644627,224",6.900734724,50.93438883,1,
252733,5,3,15,0,2019,11,11,6,3,5,3,0,0,1,0,0,0,1,"359033,5148","5639790,307",6.995602889,50.89255429,0,
252734,5,3,15,0,2019,11,10,6,2,0,7,0,1,0,0,0,0,0,"360333,4351","5637329,008",7.015014947,50.87074971,1,
252735,5,3,15,0,2019,11,10,6,3,2,6,0,0,1,0,0,0,0,"356081,1361","5643278,027",6.95227622,50.92316997,0,
252801,5,3,15,0,2019,11,20,5,3,3,5,2,0,1,0,1,0,0,"359597,4639","5645358,223",7.001473359,50.94273139,1,
252802,5,3,15,0,2019,11,18,5,3,6,4,2,0,1,1,0,0,0,"360331,432","5648826,779",7.010582949,50.97408207,0,
252803,5,3,15,0,2019,11,8,5,3,5,3,0,0,1,0,0,0,1,"360055,087","5648488,613",7.006779422,50.97097585,0,
252804,5,3,15,0,2019,11,8,5,3,5,2,0,1,1,0,0,0,0,"349160,113","5644846,257",6.853224976,50.9354947,1,
252805,5,3,15,0,2019,11,15,5,3,2,6,0,0,1,0,1,0,0,"357374,686","5637333,647",6.972990292,50.87006893,0,
252806,5,3,15,0,2019,11,18,5,2,0,3,2,1,1,0,0,0,0,"357281,4955","5642153,716",6.969783703,50.91336399,1,
252807,5,3,15,0,2019,11,8,5,3,6,6,0,1,0,1,0,0,0,"354453,4724","5643495,904",6.929046418,50.92471967,0,
252808,5,3,15,0,2019,11,16,5,2,1,5,0,1,1,0,0,0,0,"353820,5234","5643178,043",6.920174054,50.92170313,0,
252809,5,3,15,0,2019,11,15,5,3,2,2,0,1,1,0,0,0,0,"355267,8377","5641783,419",6.941305275,50.90953476,0,
252810,5,3,15,0,2019,11,8,5,3,0,1,1,1,0,0,0,0,0,"355939,7191","5642774,957",6.950464179,50.91861366,2,
252811,5,3,15,0,2019,11,14,5,3,5,3,0,1,1,0,0,0,0,"355103,135","5644660,468",6.937821018,50.93534888,0,
252872,5,3,15,0,2019,11,8,4,3,0,5,0,0,1,0,0,0,1,"366413,9555","5637379,48",7.101362927,50.87264062,0,
252873,5,3,15,0,2019,11,12,4,3,0,6,0,1,0,0,0,0,0,"357745,9175","5644210,319",6.975583593,50.93196135,0,
252874,5,3,15,0,2019,11,14,4,3,2,6,0,0,1,0,0,0,0,"360098,797","5647248,205",7.007878601,50.95983879,0,
252875,5,3,15,0,2019,11,13,4,3,3,5,0,1,1,0,0,0,0,"355833,0135","5648453,025",6.94669968,50.96961474,1,
252876,5,3,15,0,2019,11,7,4,3,5,3,1,0,1,0,0,0,0,"354021,651","5655357,927",6.918143137,51.0312099,0,
252877,5,3,15,0,2019,11,18,4,3,4,2,2,1,1,0,0,0,0,"353023,0717","5645592,593",6.90786238,50.94319916,0,
252878,5,3,15,0,2019,11,17,4,3,0,7,2,1,0,1,0,0,0,"353236,2833","5644454,666",6.911353531,50.93302736,0,
252969,5,3,15,0,2019,11,17,1,3,5,2,2,1,1,0,0,0,0,"362803,8467","5644022,686",7.047588055,50.93150035,0,
252978,5,3,15,0,2019,11,8,4,3,5,2,0,1,1,0,0,0,0,"357923,5387","5644694,974",6.977920691,50.93636072,0,
252979,5,3,15,0,2019,11,8,4,3,1,5,0,1,0,0,0,1,0,"356093,498","5650165,692",6.949729138,50.98507123,0,
252980,5,3,15,0,2019,11,9,4,3,0,1,0,1,0,0,0,0,0,"355154,4096","5648646,309",6.936964361,50.97118149,1,
252981,5,3,15,0,2019,11,7,4,3,2,6,0,1,1,0,0,0,1,"356757,953","5649170,309",6.959581628,50.97629162,1,
252982,5,3,15,0,2019,11,17,4,2,6,4,2,0,1,1,0,0,0,"357401,2061","5649264,34",6.968701423,50.97729631,1,
252983,5,3,15,0,2019,11,15,4,3,2,2,0,0,1,0,0,0,0,"351929,49","5649702,254",6.890634724,50.97985067,1,
252984,5,3,15,0,2019,11,9,4,3,0,1,0,1,0,0,0,0,0,"354804,7677","5643785,892",6.933925972,50.92741424,1,
252996,5,3,15,0,2019,11,14,1,3,2,2,0,0,1,0,0,0,0,"350923,257","5652279,072",6.875253253,51.00274717,0,
253008,5,3,15,0,2019,11,16,1,3,8,5,0,0,1,0,0,0,0,"351516,2722","5649964,672",6.884645239,50.98210245,0,
253040,5,3,15,0,2019,11,17,3,3,2,2,2,0,1,0,1,0,0,"363226,911","5638595,788",7.055638494,50.88282682,1,
253041,5,3,15,0,2019,11,7,3,3,5,3,2,0,1,0,0,0,0,"352804,9669","5647214,217",6.904104423,50.95771633,1,
253042,5,3,15,0,2019,11,7,3,3,0,7,0,0,0,1,0,0,1,"348504,399","5648152,724",6.84252409,50.9650354,0,
253043,5,3,15,0,2019,11,17,3,2,6,4,2,0,1,1,0,0,0,"351595,996","5650141,56",6.885707955,50.98371259,0,
253044,5,3,15,0,2019,11,16,3,3,3,6,0,1,1,0,0,0,0,"356607,758","5642918,472",6.959905448,50.92006981,0,
253045,5,3,15,0,2019,11,19,3,2,6,4,2,0,0,1,1,0,0,"356492,9469","5646344,537",6.956923893,50.9508309,1,
253046,5,3,15,0,2019,11,16,3,3,6,7,2,0,1,1,0,0,0,"356521,401","5643870,196",6.958303166,50.92860139,0,
253047,5,3,15,0,2019,11,12,3,3,3,5,0,1,1,0,0,0,0,"356623,6675","5642812,964",6.96017312,50.91912556,0,
253050,5,3,15,0,2019,11,5,1,3,5,2,2,0,1,0,0,0,0,"356885,4068","5641089,22",6.964570428,50.90369933,0,
253059,5,3,15,0,2019,11,13,1,3,0,1,0,1,0,0,0,0,0,"352511,8247","5644147,707",6.901175089,50.93008405,0,
253062,5,3,15,0,2019,11,13,1,3,6,2,0,0,1,1,0,0,0,"355661,919","5644627,687",6.945781167,50.93519441,0,
253114,5,3,15,0,2019,11,17,2,3,1,7,2,0,1,0,0,0,0,"362855,7112","5639829,031",7.049901906,50.89382255,0,
253115,5,3,15,0,2019,11,16,2,3,6,7,0,0,1,1,0,0,0,"359634,6368","5650186,879",7.000139128,50.98613594,0,
253116,5,3,15,0,2019,11,14,2,3,0,1,0,1,0,0,0,0,0,"357675,7773","5644137,737",6.974614436,50.93129175,0,
253117,5,3,15,0,2019,11,12,2,3,0,7,0,0,0,0,0,0,1,"352926,469","5647390,655",6.90576194,50.95933293,0,
253118,5,3,15,0,2019,11,13,2,3,0,7,0,0,1,0,1,0,0,"356927,265","5639820,792",6.96566229,50.89231036,0,
253119,5,3,15,0,2019,11,11,2,3,4,5,0,1,0,0,0,0,0,"353920,01","5643071,749",6.921631119,50.92077309,0,
253120,5,3,15,0,2019,11,15,2,3,6,4,0,1,0,1,0,0,0,"353893,0945","5643396,843",6.9211182,50.9236878,0,
253121,5,3,15,0,2019,11,16,2,3,0,6,1,0,1,0,0,0,1,"354515,447","5643607,491",6.929883104,50.92573811,0,
253123,5,3,15,0,2019,11,13,2,3,0,7,0,1,1,1,0,0,0,"355798,2615","5644876,403",6.947621837,50.93746368,0,
253207,5,3,15,0,2019,12,11,1,3,2,7,0,0,1,0,0,0,0,"359741,5676","5645823,785",7.003343948,50.94695053,0,
253243,5,3,15,0,2019,11,18,7,2,6,4,2,0,1,1,0,0,0,"362263,144","5636865,713",7.042597806,50.86704892,0,
253244,5,3,15,0,2019,11,18,7,3,2,6,2,0,1,0,0,0,0,"360781,778","5645954,131",7.018092576,50.94837413,0,
253245,5,3,15,0,2019,11,13,7,3,0,3,0,0,1,1,0,0,0,"359370,178","5645207,336",6.998298472,50.94131996,0,
253246,5,3,15,0,2019,11,22,7,2,1,1,2,0,1,0,0,0,1,"352550,8596","5653423,524",6.897969204,51.01345114,0,
253247,5,3,15,0,2019,11,18,7,3,0,7,2,0,1,0,1,0,0,"350251,9763","5644451,03",6.868915392,50.93222758,0,
253248,5,3,15,0,2019,11,12,7,3,5,3,0,0,0,0,0,0,1,"353042,3115","5646558,974",6.90774607,50.95188852,0,
253249,5,3,15,0,2019,11,10,7,3,5,3,0,1,1,0,0,0,0,"352197,5959","5647481,232",6.89535391,50.9599604,0,
253250,5,3,15,0,2019,11,11,7,3,1,5,0,1,1,0,0,0,0,"352848,4229","5642669,926",6.90655794,50.91688978,0,
253251,5,3,15,0,2019,11,16,7,3,5,7,0,1,1,0,0,0,0,"354942,212","5644478,414",6.935604808,50.93367236,0,
253316,5,3,15,0,2019,11,12,6,3,6,4,0,0,1,1,0,0,0,"359525,4601","5644682,939",7.000709481,50.936645,0,
253317,5,3,15,0,2019,11,23,6,3,6,4,2,0,0,1,1,0,0,"359880,476","5646278,189",7.005145245,50.95106809,0,
253318,5,3,15,0,2019,11,16,6,3,0,3,2,0,1,0,0,0,1,"355103,4203","5649313,738",6.935972656,50.97716664,0,
253320,5,3,15,0,2019,11,17,6,3,5,2,2,1,1,0,0,0,0,"355037,9958","5645981,726",6.93636883,50.94720633,0,
253321,5,3,15,0,2019,11,13,6,3,0,1,0,1,0,0,0,0,0,"359706,8759","5638907,902",7.005509982,50.88478787,1,
253323,5,3,15,0,2019,11,17,6,3,2,6,1,0,1,0,0,1,0,"356715,1466","5641884,891",6.961838208,50.91080775,1,
253324,5,3,15,0,2019,11,20,6,3,6,2,2,0,1,1,0,0,0,"355289,996","5644592,626",6.940505535,50.93478612,0,
253395,5,3,15,0,2019,11,21,5,3,6,4,2,0,1,1,0,0,0,"359074,518","5644750,386",6.994269604,50.93714113,1,
253396,5,3,15,0,2019,11,13,5,3,0,1,0,1,0,0,0,0,0,"360690,9472","5643954,273",7.017565034,50.93037905,1,
253397,5,3,15,0,2019,11,14,5,2,5,3,0,1,1,0,0,0,0,"352542,9042","5653782,784",6.89770984,51.01667756,1,
253399,5,3,15,0,2019,11,7,5,3,5,3,2,1,1,0,0,0,0,"353001,9326","5654546,753",6.903939832,51.02366044,1,
253400,5,3,15,0,2019,11,7,5,3,5,2,1,0,1,0,1,0,0,"353023,451","5646124,888",6.907652963,50.94798277,1,
253401,5,3,15,0,2019,11,18,5,3,5,2,2,0,1,0,0,0,1,"351626,8182","5646272,694",6.887724759,50.94895324,1,
253402,5,3,15,0,2019,11,11,5,2,5,3,0,1,1,0,0,0,0,"355660,9437","5641834,525",6.946872826,50.91009247,1,
253403,5,3,15,0,2019,11,9,5,3,0,7,0,1,0,0,0,0,1,"352169,3875","5643174,649",6.896700072,50.92125196,1,
253404,5,3,15,0,2019,11,19,5,3,6,4,2,0,1,1,0,0,0,"355537,0728","5641813,264",6.945120472,50.90987041,1,
253406,5,3,15,0,2019,11,0,5,3,0,7,2,0,0,0,0,0,1,"356658,8983","5645193,165",6.959738059,50.94052496,1,
253407,5,3,15,0,2019,11,13,5,3,0,1,0,1,0,0,0,0,0,"355545,38","5644460,357",6.944190052,50.93366147,1,
253408,5,3,15,0,2019,11,8,5,3,0,1,0,1,0,0,0,0,0,"354791,0626","5643779,402",6.933733675,50.92735247,1,
253501,5,3,15,0,2019,12,17,4,2,0,5,2,0,1,0,0,0,1,"364732,3","5648935,761",7.073189142,50.97611203,0,
253502,5,3,15,0,2019,12,9,4,3,5,3,0,1,1,0,0,0,0,"355398,1405","5647219,633",6.941000488,50.95842156,0,
253503,5,3,15,0,2019,12,17,4,3,6,4,2,0,1,1,0,0,0,"356182,7694","5644616,149",6.953193394,50.93522085,0,
253504,5,3,15,0,2019,12,19,4,3,5,2,2,1,1,0,0,0,0,"356438,522","5644031,868",6.957060932,50.9300337,0,
253608,5,3,15,0,2019,12,14,3,3,5,3,0,1,1,0,0,0,0,"365187,8716","5642759,278",7.081961297,50.92070754,1,
253609,5,3,15,0,2019,12,8,3,3,3,2,0,1,1,0,0,0,0,"362164,034","5650587,422",7.036001992,50.99034692,1,
253610,5,3,15,0,2019,12,16,3,3,6,4,0,1,0,1,0,0,0,"357750,034","5647855,743",6.97421807,50.96472364,0,
253611,5,3,15,0,2019,12,14,3,3,1,7,0,1,1,0,0,0,0,"353989,3013","5644730,434",6.921951956,50.93569673,0,
253677,5,3,15,0,2019,12,7,2,3,5,3,2,1,1,0,0,0,0,"364056,3927","5639147,565",7.067217928,50.88798171,1,
253679,5,3,15,0,2019,12,14,2,3,6,2,0,0,1,1,0,0,0,"363233,439","5638721,898",7.055684048,50.88396178,1,