OBJECTID,ULAND,UREGBEZ,UKREIS,UGEMEINDE,UJAHR,UMONAT,USTUNDE,UWOCHENTAG,UKATEGORIE,UART,UTYP1,ULICHTVERH,IstRad,IstPKW,IstFuss,IstKrad,IstGkfz,IstSonstige,LINREFX,LINREFY,XGCSWGS84,YGCSWGS84,USTRZUSTAND,UIDENTSTLAE
79497,5,3,15,0,2020,3,16,4,3,1,6,0,0,0,0,1,0,1,"353242,2423","5645262,417",6.911112954,50.94028782,0,"5,20032E+18"
79504,5,3,15,0,2020,3,18,3,3,1,6,0,0,1,0,1,0,0,"351471,4578","5655736,091",6.881645175,51.03395485,0,"5,20032E+18"
79505,5,3,15,0,2020,3,21,6,3,5,3,2,1,1,0,0,0,0,"354191,852","5644842,442",6.924787849,50.93675455,1,"5,20032E+18"
79534,5,3,15,0,2020,3,12,7,3,2,6,0,0,1,0,0,0,0,"362376,504","5645317,155",7.041021491,50.94303237,0,"5,20031E+18"
79545,5,3,15,0,2020,3,23,2,3,0,7,2,0,0,0,1,0,0,"365146,9256","5637149,688",7.083450276,50.8702811,0,"5,20032E+18"
79547,5,3,15,0,2020,3,9,5,3,2,6,0,0,0,0,1,0,1,"357420,7131","5636728,098",6.973880008,50.86463817,0,"5,20032E+18"
79568,5,3,15,0,2020,3,14,4,3,4,2,0,0,1,0,1,0,0,"366895,6194","5635243,81",7.108981626,50.85355675,0,"5,20032E+18"
79596,5,3,15,0,2020,3,8,3,3,5,2,0,1,1,0,0,0,0,"353355,1648","5644869,438",6.912877271,50.936785,0,"5,20032E+18"
79597,5,3,15,0,2020,3,11,6,2,3,6,0,0,1,0,1,0,0,"355999,7843","5644644,172",6.950579857,50.93542702,0,"5,20032E+18"
79606,5,3,15,0,2020,3,16,7,3,4,2,0,0,1,0,0,0,0,"366946,5375","5642148,947",7.107190641,50.91563029,0,"5,20031E+18"
79613,5,3,15,0,2020,3,14,7,3,6,7,0,0,1,1,0,0,0,"356519,4744","5646615,399",6.957194554,50.9532717,0,"5,20031E+18"
79627,5,3,15,0,2020,3,19,7,3,1,6,0,0,1,0,0,0,0,"352519,3019","5651495,736",6.898302925,50.99611911,0,"5,20031E+18"
79662,5,3,15,0,2020,3,11,4,3,5,2,0,0,1,0,1,0,0,"363606,9011","5648769,067",7.05723083,50.97434844,0,"5,20032E+18"
79668,5,3,15,0,2020,3,12,2,3,2,6,0,0,1,0,0,0,1,"358312,7438","5639169,636",6.985601722,50.88679989,0,"5,20032E+18"
79674,5,3,15,0,2020,3,11,7,3,0,7,0,1,1,0,0,0,0,"353718,1937","5646297,333",6.91746699,50.94970918,0,"5,20032E+18"
79693,5,3,15,0,2020,3,17,3,3,6,7,0,1,0,1,0,0,0,"356540,143","5643049,365",6.958892631,50.92122932,0,"5,20032E+18"
79700,5,3,15,0,2020,3,13,6,3,3,5,0,1,1,0,0,0,0,"359776,0492","5644843,713",7.004211779,50.93815088,0,"5,20032E+18"
79703,5,3,15,0,2020,3,17,1,3,3,6,0,0,1,0,0,0,0,"359230,0679","5641265,417",6.997827192,50.90585928,0,"5,20032E+18"
79743,5,3,15,0,2020,3,7,5,3,5,3,0,0,1,0,0,0,0,"363801,3568","5641071,422",7.062876699,50.90521233,0,"5,20032E+18"
79764,5,3,15,0,2020,3,14,4,3,1,2,0,0,1,0,0,0,0,"366057,8616","5635846,152",7.096866162,50.85877706,0,"5,20032E+18"
79795,5,3,15,0,2020,3,17,3,3,0,1,0,1,0,0,0,0,0,"347744,9692","5648166,167",6.831711552,50.964956,0,"5,20032E+18"
79797,5,3,15,0,2020,3,10,6,3,0,7,0,1,0,0,0,0,0,"356568,0725","5646355,931",6.957988223,50.950952,0,"5,20032E+18"
79835,5,3,15,0,2020,3,16,2,3,3,6,0,0,1,0,0,1,0,"361855,2112","5648069,464",7.032561331,50.96764343,0,"5,20032E+18"
79846,5,3,15,0,2020,3,13,5,3,3,6,0,0,1,0,0,0,0,"354693,2456","5646776,947",6.931147132,50.95426596,0,"5,20032E+18"
79860,5,3,15,0,2020,3,16,4,3,2,6,0,0,1,0,0,0,0,"364759,6911","5649338,045",7.073429415,50.97973397,0,"5,20032E+18"
79870,5,3,15,0,2020,3,17,7,3,0,2,0,1,1,0,0,0,0,"347607,608","5646017,779",6.830656297,50.94561402,0,"5,20032E+18"
79887,5,3,15,0,2020,3,11,3,3,4,7,0,0,1,0,0,0,0,"356838,2405","5634873,457",6.966333681,50.84782647,0,"5,20032E+18"
79888,5,3,15,0,2020,3,16,6,3,0,1,0,0,0,0,0,0,1,"356699,7122","5644629,807",6.96054016,50.93547226,0,"5,20032E+18"
79916,5,3,15,0,2020,3,20,6,3,2,6,2,0,1,0,0,0,1,"356044,8011","5654798,12",6.947198473,51.02668939,0,"5,20031E+18"
79942,5,3,15,0,2020,3,15,3,3,4,2,0,0,1,0,0,0,0,"354208,8959","5636701,573",6.928280641,50.86359882,0,"5,20033E+18"
79968,5,3,15,0,2020,3,16,2,3,1,7,0,0,1,0,0,0,0,"354612,0904","5642936,526",6.931524793,50.91973268,0,"5,20033E+18"
79980,5,3,15,0,2020,3,11,7,3,0,6,0,1,1,0,0,0,0,"352195,3892","5651926,573",6.893514919,50.99990769,0,"5,20033E+18"
80019,5,3,15,0,2020,3,12,6,3,3,6,0,1,1,0,0,0,1,"356308,3182","5647891,191",6.953686528,50.96468442,0,"5,20033E+18"
80072,5,3,15,0,2020,3,8,4,3,3,6,0,0,1,0,0,1,0,"357112,2851","5638262,414",6.968900612,50.87835099,0,"5,20033E+18"
80075,5,3,15,0,2020,3,19,4,3,0,7,2,1,0,0,0,0,0,"365165,6012","5645613,018",7.080588828,50.94635048,0,"5,20033E+18"
80076,5,3,15,0,2020,3,12,2,3,0,1,0,1,0,0,0,0,0,"353600,0746","5646425,48",6.915735058,50.95083081,0,"5,20033E+18"
80085,5,3,15,0,2020,4,10,4,2,2,6,0,0,1,0,0,1,0,"354300,5233","5639606,977",6.928424024,50.88973223,0,"5,2004E+18"
80097,5,3,15,0,2020,4,14,4,3,2,6,0,0,1,0,0,0,0,"357299,8021","5644107,011",6.969279631,50.93092273,0,"5,2004E+18"
80122,5,3,15,0,2020,3,13,6,3,4,3,0,0,1,0,1,0,0,"347609,5294","5646015,15",6.830684728,50.9455909,0,"5,20033E+18"
80139,5,3,15,0,2020,3,7,2,2,3,6,0,0,1,0,0,1,0,"358240,0389","5640002,505",6.984245577,50.89426713,0,"5,20032E+18"
80152,5,3,15,0,2020,3,5,3,3,5,3,2,0,1,0,1,0,0,"349405,1539","5658085,962",6.851219872,51.0545333,1,"5,20033E+18"
80170,5,3,15,0,2020,3,2,2,2,9,7,2,0,1,0,0,0,0,"350546,8332","5653451,96",6.869409142,51.01318939,0,"5,20033E+18"
80181,5,3,15,0,2020,3,15,2,3,5,2,0,0,1,0,0,0,0,"359065,668","5636778,562",6.99722082,50.86549502,0,"5,20033E+18"
80193,5,3,15,0,2020,3,12,7,3,5,2,0,1,1,0,0,0,0,"356805,192","5654709,494",6.958069267,51.02608285,0,"5,20033E+18"
80197,5,3,15,0,2020,3,12,4,3,3,6,0,0,1,0,0,1,0,"351415,5894","5641823,713",6.88653317,50.90891815,0,"5,20033E+18"
80226,5,3,15,0,2020,3,9,6,3,5,2,0,1,1,0,0,0,0,"355226,8772","5644469,866",6.939656623,50.93366706,0,"5,20033E+18"
80230,5,3,15,0,2020,3,16,6,3,0,1,0,1,0,0,0,0,0,"356477,5824","5651364,203",6.954724031,50.99593787,0,"5,20033E+18"
80257,5,3,15,0,2020,3,16,3,2,7,1,0,1,0,0,0,0,0,"366776,8555","5638210,773",7.106214858,50.88019586,0,"5,20032E+18"
80261,5,3,15,0,2020,3,9,3,3,2,6,0,1,1,0,0,0,0,"354471,072","5645755,774",6.92839421,50.94503293,0,"5,20032E+18"
80264,5,3,15,0,2020,3,13,3,3,2,1,0,0,1,0,0,0,0,"353032,337","5644772,281",6.90832508,50.9358297,0,"5,20032E+18"
80266,5,3,15,0,2020,3,9,3,3,5,3,0,1,0,0,0,0,0,"354883,7889","5644797,933",6.934646698,50.9365291,0,"5,20032E+18"
80281,5,3,15,0,2020,3,15,2,3,6,2,0,0,1,1,0,0,0,"354656,3494","5643121,878",6.932080176,50.92140954,0,"5,20033E+18"
80289,5,3,15,0,2020,3,16,2,3,7,1,0,1,0,0,0,0,0,"362275,935","5636606,838",7.04287692,50.86472534,0,"5,20033E+18"
80295,5,3,15,0,2020,3,0,1,3,0,1,2,0,0,0,1,0,0,"363181,4424","5642143,633",7.053663233,50.91470219,0,"5,20033E+18"
80311,5,3,15,0,2020,4,20,4,3,0,1,2,0,0,0,1,0,0,"360941,78","5635628,602",7.024301639,50.85561422,0,"5,2004E+18"
80321,5,3,15,0,2020,3,14,5,3,1,6,0,0,1,0,0,0,0,"354172,9281","5644775,444",6.924545516,50.93614768,0,"5,20033E+18"
80332,5,3,15,0,2020,3,14,6,2,7,1,0,1,0,0,0,0,0,"353520,459","5651903,216",6.91239553,51.00003664,0,"5,20033E+18"
80364,5,3,15,0,2020,3,11,3,3,5,2,0,1,1,0,0,0,0,"356328,709","5647699,453",6.954052432,50.96296639,0,"5,20033E+18"
80389,5,3,15,0,2020,3,17,2,2,1,7,0,0,1,0,0,0,0,"355936,2783","5635159,297",6.953417228,50.85017141,0,"5,20033E+18"
80400,5,3,15,0,2020,3,17,7,3,5,2,0,0,1,0,0,0,1,"355996,2207","5649454,405",6.948625979,50.97865475,0,"5,20033E+18"
80408,5,3,15,0,2020,3,15,6,3,2,6,0,0,1,0,0,0,0,"359724,6782","5647262,712",7.002549206,50.95987821,0,"5,20033E+18"
80410,5,3,15,0,2020,4,13,4,3,9,1,0,0,1,0,1,0,0,"357734,318","5634995,535",6.979006888,50.84914467,0,"5,2004E+18"
80414,5,3,15,0,2020,3,7,2,3,2,3,0,1,1,0,0,0,0,"347666,16","5647794,962",6.830745494,50.96159948,0,"5,20032E+18"
80416,5,3,15,0,2020,3,16,2,2,0,5,0,1,1,0,0,0,0,"355015,4949","5644791,385",6.936522497,50.93650338,0,"5,20032E+18"
80420,5,3,15,0,2020,3,11,2,3,3,6,0,0,1,0,0,0,0,"354746,1085","5643134,138",6.933351479,50.92154232,0,"5,20032E+18"
80434,5,3,15,0,2020,3,18,6,3,9,1,0,0,0,1,0,0,1,"354467,255","5645760,332",6.928338091,50.94507293,0,"5,20033E+18"
80436,5,3,15,0,2020,3,18,7,3,3,6,0,1,1,0,0,0,0,"357918,5003","5644682,951",6.977853718,50.93625143,0,"5,20032E+18"
80455,5,3,15,0,2020,4,16,1,3,5,3,0,1,1,0,0,0,0,"350764,1477","5645051,508",6.875952907,50.93775648,0,"5,20041E+18"
80487,5,3,15,0,2020,4,5,2,3,0,1,2,0,0,0,1,0,0,"357681,619","5640076,55",6.976281563,50.89479524,0,"5,20041E+18"
80490,5,3,15,0,2020,4,17,2,2,4,2,0,0,1,0,1,0,0,"368473,223","5638851,134",7.130084697,50.88633998,0,"5,20041E+18"
80541,5,3,15,0,2020,4,17,2,3,2,6,0,1,0,0,0,0,0,"355249,7742","5651506,021",6.937182619,50.99690482,0,"5,20041E+18"
80553,5,3,15,0,2020,4,14,7,3,0,1,0,1,0,0,0,0,0,"360205,68","5641368,456",7.011654913,50.90702238,0,"5,2004E+18"
80563,5,3,15,0,2020,4,14,7,2,0,1,0,1,0,0,0,0,0,"347268,9605","5644733,547",6.826377637,50.93398415,0,"5,2004E+18"
80564,5,3,15,0,2020,4,16,1,3,3,1,0,0,1,0,1,0,0,"358188,9335","5645010,586",6.981572531,50.93926246,0,"5,20041E+18"
80567,5,3,15,0,2020,4,1,6,2,0,7,2,0,0,0,0,0,1,"355081,1515","5644788,079",6.937457616,50.93649017,0,"5,2004E+18"
80577,5,3,15,0,2020,4,15,7,3,9,1,0,0,1,0,1,0,0,"356774,2413","5646251,009",6.960962692,50.95006034,0,"5,2004E+18"
80595,5,3,15,0,2020,4,18,7,3,2,6,0,1,1,0,0,0,0,"354734,8056","5644609,261",6.932602993,50.93479604,0,"5,2004E+18"
80596,5,3,15,0,2020,4,17,2,3,0,1,0,1,0,0,0,0,0,"354543,0843","5645717,241",6.929433978,50.94470482,0,"5,20041E+18"
80650,5,3,15,0,2020,4,14,2,3,2,6,0,0,1,0,0,0,0,"362357,4217","5643777,386",7.041331656,50.92918939,0,"5,20041E+18"
80671,5,3,15,0,2020,4,12,1,3,5,3,0,1,1,0,0,0,0,"361357,2243","5645028,304",7.026631829,50.94019218,0,"5,20041E+18"
80674,5,3,15,0,2020,4,15,5,3,0,3,0,1,0,0,1,0,0,"354803,0739","5646613,452",6.93277497,50.95282436,0,"5,2004E+18"
80677,5,3,15,0,2020,4,17,5,3,2,6,0,0,1,0,0,0,0,"355414,1766","5639526,51",6.944279015,50.8892889,0,"5,2004E+18"
80680,5,3,15,0,2020,4,4,5,3,6,4,2,0,1,1,0,0,0,"353832,4382","5641826,854",6.920884812,50.90956342,0,"5,2004E+18"
80699,5,3,15,0,2020,4,17,2,3,3,2,0,1,0,0,0,0,1,"351213,3572","5651965,556",6.87951342,51.0000049,0,"5,20041E+18"
80722,5,3,15,0,2020,4,14,4,3,2,6,0,0,1,0,0,0,0,"366091,1746","5635287,616",7.097543539,50.85376478,0,"5,20041E+18"
80734,5,3,15,0,2020,4,16,4,2,8,1,0,0,1,0,0,0,0,"354779,7931","5638294,167",6.935755242,50.8780549,0,"5,20041E+18"
80741,5,3,15,0,2020,4,16,4,3,2,2,0,0,1,0,1,0,0,"364814,7296","5639651,803",7.077806524,50.89269156,0,"5,20041E+18"
80742,5,3,15,0,2020,4,11,5,3,9,1,0,1,0,0,0,0,0,"355452,7801","5651074,015",6.940245572,50.99307355,0,"5,20041E+18"
80793,5,3,15,0,2020,4,20,4,3,1,6,0,0,1,0,0,0,0,"357162,3881","5646273,741",6.96647591,50.95036095,0,"5,20041E+18"
80794,5,3,15,0,2020,4,18,5,2,0,1,0,1,0,0,0,0,0,"357035,5384","5646033,445",6.964765564,50.94816999,0,"5,20041E+18"
80853,5,3,15,0,2020,4,16,4,2,2,3,0,1,1,0,0,0,0,"354664,5","5652858,919",6.928306123,51.00891528,0,"5,20041E+18"
80854,5,3,15,0,2020,4,22,3,3,2,6,2,0,1,0,0,0,0,"357613,3582","5645095,938",6.973352354,50.93988767,0,"5,20041E+18"
80860,5,3,15,0,2020,4,8,5,3,3,6,0,0,1,0,0,0,0,"362272,1176","5648119,443",7.038476202,50.96819243,0,"5,20041E+18"
80869,5,3,15,0,2020,4,21,3,3,5,3,2,0,1,0,0,0,0,"349152,2184","5649577,885",6.851151698,50.9780122,0,"5,20041E+18"
80880,5,3,15,0,2020,4,8,3,2,5,3,0,1,1,0,0,0,0,"354925,8237","5643341,337",6.935824237,50.92344958,0,"5,20041E+18"
80894,5,3,15,0,2020,4,15,6,3,3,6,0,0,1,0,0,0,0,"352327,7955","5651808,731",6.895448516,50.9988827,0,"5,20041E+18"
80913,5,3,15,0,2020,4,12,4,2,5,2,0,1,1,0,0,0,0,"360070,249","5648489,54",7.006994876,50.97098787,0,"5,20041E+18"
80914,5,3,15,0,2020,4,10,5,3,0,7,0,1,0,0,0,0,0,"352035,0338","5647623,978",6.892982722,50.96120147,0,"5,20041E+18"
80924,5,3,15,0,2020,4,6,3,3,5,3,0,0,1,0,0,0,0,"351738,756","5643568,261",6.890417554,50.92467867,0,"5,20041E+18"
80927,5,3,15,0,2020,4,13,4,3,0,7,0,0,0,0,1,0,0,"353687,1326","5642512,141",6.918544628,50.91568507,0,"5,20041E+18"
80928,5,3,15,0,2020,4,15,3,3,6,7,0,0,0,1,0,0,1,"355290,2373","5643882,193",6.940791021,50.92840167,0,"5,20041E+18"
80968,5,3,15,0,2020,4,18,4,3,0,7,0,1,0,0,0,0,0,"351532,7533","5644417,48",6.887142663,50.93225719,0,"5,20041E+18"
80969,5,3,15,0,2020,4,12,5,3,5,3,0,0,1,0,0,0,0,"354917,2497","5645476,031",6.934852562,50.94263141,0,"5,20041E+18"
81029,5,3,15,0,2020,4,17,3,3,2,6,0,0,1,0,0,0,0,"355233,926","5646654,984",6.938888412,50.95330598,0,"5,20041E+18"
81050,5,3,15,0,2020,4,2,2,3,9,1,2,0,1,0,0,0,0,"358407,8647","5644069,128",6.985052361,50.93085534,0,"5,20041E+18"
81056,5,3,15,0,2020,4,11,2,3,5,3,0,0,1,0,0,0,0,"349443,1264","5644455,682",6.857411198,50.93205882,1,"5,20041E+18"
81116,5,3,15,0,2020,4,17,7,1,4,7,0,0,0,0,1,0,1,"363122,55","5642259,374",7.052782541,50.91572844,0,"5,20041E+18"
81118,5,3,15,0,2020,4,18,7,3,2,6,0,1,1,0,0,0,0,"359592,8971","5644807,157",7.001620781,50.93777778,0,"5,20041E+18"
81119,5,3,15,0,2020,4,21,7,2,5,7,2,0,1,0,0,0,1,"358026,3946","5645086,289",6.979231117,50.9399028,0,"5,20041E+18"
81123,5,3,15,0,2020,4,18,7,3,0,2,0,0,1,0,1,0,0,"356307,8205","5647896,408",6.953677385,50.96473117,0,"5,20041E+18"
81126,5,3,15,0,2020,4,12,7,3,8,1,0,0,1,0,0,0,0,"348418,8033","5656495,645",6.837822446,51.03998318,0,"5,20041E+18"
81134,5,3,15,0,2020,4,17,3,3,5,2,0,1,1,0,0,0,0,"356257,9362","5648357,814",6.952785139,50.96886529,0,"5,20041E+18"
81169,5,3,15,0,2020,4,19,4,3,0,4,0,1,1,1,0,0,0,"353464,0826","5643068,657",6.915150187,50.9206297,0,"5,20042E+18"
81210,5,3,15,0,2020,4,4,7,3,6,7,2,0,0,1,0,0,1,"354098,5136","5648043,149",6.922177718,50.96549462,0,"5,20041E+18"
81211,5,3,15,0,2020,4,9,3,3,1,7,0,0,1,0,1,0,0,"357293,7102","5635010,778",6.972745955,50.84917313,0,"5,20041E+18"
81254,5,3,15,0,2020,4,10,1,3,1,5,0,1,1,0,0,0,0,"356067,243","5649199,74",6.949737846,50.97638389,0,"5,20041E+18"
81257,5,3,15,0,2020,4,15,1,3,2,6,0,0,1,0,0,0,0,"354339,4408","5645504,538",6.92662222,50.9427419,0,"5,20041E+18"
81260,5,3,15,0,2020,4,21,1,3,5,2,2,1,1,0,0,0,0,"354191,852","5644842,442",6.924787849,50.93675455,0,"5,20041E+18"
81265,5,3,15,0,2020,4,14,6,3,6,4,0,1,0,1,0,0,0,"364944,134","5639221,171",7.079804609,50.88885148,0,"5,20041E+18"
81267,5,3,15,0,2020,4,16,1,3,0,3,0,1,1,0,0,0,0,"348681,052","5648550,367",6.844872522,50.96865512,0,"5,20041E+18"
81268,5,3,15,0,2020,4,13,6,3,0,7,0,1,0,0,0,0,1,"357964,8448","5647116,825",6.977563585,50.95813602,0,"5,20041E+18"
81270,5,3,15,0,2020,4,19,1,3,5,2,0,1,1,0,0,0,0,"357151,4298","5646254,81",6.966327433,50.9501881,0,"5,20041E+18"
81287,5,3,15,0,2020,4,18,4,3,2,6,0,0,1,0,0,0,0,"362960,7133","5643812,053",7.049898199,50.9296446,0,"5,20042E+18"
81294,5,3,15,0,2020,4,16,5,3,5,2,0,1,1,0,0,0,0,"360551,196","5648895,708",7.013684783,50.9747548,0,"5,20042E+18"
81299,5,3,15,0,2020,4,11,5,3,0,1,0,1,0,0,1,0,0,"351724,6491","5655280,808",6.885439896,51.02992891,0,"5,20042E+18"
81302,5,3,15,0,2020,4,19,5,2,4,6,0,1,0,0,0,0,0,"357584,5821","5634603,487",6.97703364,50.84558444,0,"5,20042E+18"
81303,5,3,15,0,2020,4,17,6,3,5,3,0,0,1,0,1,0,0,"354224,9167","5647160,492",6.924330208,50.95759448,0,"5,20042E+18"
81305,5,3,15,0,2020,4,17,5,3,2,6,0,0,1,0,0,0,0,"354853,5581","5641524,283",6.935519631,50.90710193,0,"5,20042E+18"
81328,5,3,15,0,2020,4,15,1,3,5,3,0,0,1,0,0,0,1,"356608,3637","5643037,874",6.959867116,50.92114301,0,"5,20042E+18"
81347,5,3,15,0,2020,4,13,7,2,0,1,0,1,0,0,0,0,0,"359320,7966","5647729,483",6.996621419,50.96397464,0,"5,20042E+18"
81351,5,3,15,0,2020,4,14,2,3,2,6,0,0,1,0,0,1,0,"357160,5236","5637523,524",6.969874475,50.87172248,0,"5,20042E+18"
81365,5,3,15,0,2020,4,13,6,3,5,3,0,0,1,0,1,0,0,"354736,751","5644686,284",6.932599958,50.93548872,0,"5,20042E+18"
81426,5,3,15,0,2020,4,14,7,3,0,1,0,1,0,0,0,0,0,"355750,529","5650496,745",6.944714708,50.98796048,0,"5,20042E+18"
81432,5,3,15,0,2020,4,16,6,2,0,1,0,1,0,0,0,0,0,"363778,8511","5643539,868",7.061635058,50.92739213,0,"5,20042E+18"
81497,5,3,15,0,2020,4,14,6,3,3,1,0,1,1,0,0,0,0,"353014,4188","5644811,977",6.908054234,50.93618187,0,"5,20042E+18"
81541,5,3,15,0,2020,4,5,7,3,0,1,2,0,0,0,1,0,0,"353548,8226","5651883,378",6.912807479,50.99986558,0,"5,20042E+18"
81563,5,3,15,0,2020,4,16,6,2,6,4,0,0,1,1,0,0,0,"366306,2054","5635852,532",7.100390383,50.85889187,0,"5,20042E+18"
81605,5,3,15,0,2020,4,17,7,3,9,1,0,0,1,0,0,0,0,"351789,0928","5651462,318",6.887918149,50.99563119,0,"5,20042E+18"
81650,5,3,15,0,2020,4,17,5,2,6,4,0,0,1,1,0,0,0,"360284,356","5647030,523",7.010602733,50.95792747,0,"5,20042E+18"
81663,5,3,15,0,2020,4,18,4,3,0,3,0,1,1,0,0,0,0,"358849,2545","5642379,002",6.991983696,50.91577421,0,"5,20042E+18"
81665,5,3,15,0,2020,4,15,4,3,0,7,0,1,0,0,0,0,0,"354787,9355","5652584,62",6.930174169,51.00648143,0,"5,20042E+18"
81669,5,3,15,0,2020,4,18,4,2,5,3,0,0,1,0,1,0,0,"351089,3059","5648308,479",6.87924525,50.96710902,0,"5,20042E+18"
81670,5,3,15,0,2020,4,10,4,3,2,6,0,0,1,0,0,0,0,"357953,4205","5641170,688",6.97971829,50.90469524,0,"5,20042E+18"
81672,5,3,15,0,2020,4,14,4,2,8,1,0,1,0,0,0,0,0,"353005,5682","5640632,024",6.909612701,50.89861592,0,"5,20042E+18"
81740,5,3,15,0,2020,4,11,5,3,4,2,0,1,1,0,0,0,0,"356574,6199","5647115,761",6.957781996,50.95778211,0,"5,20042E+18"
81795,5,3,15,0,2020,4,7,5,2,0,6,0,1,0,0,0,0,0,"357481,6077","5644840,318",6.971578342,50.93755787,0,"5,20042E+18"
81813,5,3,15,0,2020,4,19,5,2,3,6,0,1,0,0,0,0,0,"354323,411","5642492,883",6.927597708,50.91567296,0,"5,20042E+18"
81880,5,3,15,0,2020,4,18,2,3,9,6,0,0,0,0,0,0,1,"365149,9785","5636873,724",7.083595374,50.86780154,0,"5,20042E+18"
81887,5,3,15,0,2020,4,14,5,2,0,7,0,0,1,0,0,0,1,"359605,661","5646957,287",7.000973388,50.95710434,0,"5,20042E+18"
81897,5,3,15,0,2020,4,11,2,3,4,7,0,0,1,0,0,0,0,"363333,8533","5648577,786",7.053415857,50.97256461,0,"5,20042E+18"
81905,5,3,15,0,2020,4,18,2,3,8,1,0,0,0,0,1,0,0,"352006,7784","5658373,01",6.888196845,51.05778914,0,"5,20042E+18"
81908,5,3,15,0,2020,4,13,2,3,2,6,0,0,1,0,0,0,0,"354249,717","5645181,13",6.925475351,50.93981287,0,"5,20042E+18"
81910,5,3,15,0,2020,4,15,2,3,0,1,0,1,0,0,0,0,0,"353008,9231","5641342,712",6.909374261,50.90500348,0,"5,20042E+18"
81920,5,3,15,0,2020,4,12,3,3,5,3,0,1,1,0,0,0,0,"365883,0337","5644077,806",7.091360794,50.93271997,0,"5,20042E+18"
81923,5,3,15,0,2020,4,8,3,3,1,6,0,1,0,0,0,0,0,"358061,3073","5641006,235",6.98131565,50.90324382,0,"5,20042E+18"
81925,5,3,15,0,2020,4,18,3,3,0,7,0,1,0,0,0,0,0,"359203,749","5637019,257",6.99908914,50.86769185,0,"5,20042E+18"
81927,5,3,15,0,2020,4,11,3,3,0,1,0,0,0,0,1,0,0,"355038,2414","5644664,513",6.936896481,50.93536893,0,"5,20042E+18"
81938,5,3,15,0,2020,4,9,5,3,5,2,0,0,1,0,1,0,0,"362290,375","5640158,672",7.041743932,50.89665065,0,"5,20042E+18"
81953,5,3,15,0,2020,4,22,5,2,0,6,2,0,1,1,0,0,0,"354432,3415","5645697,344",6.927866619,50.94449806,0,"5,20042E+18"
81975,5,3,15,0,2020,4,12,7,3,5,3,0,1,1,0,0,0,0,"347495,247","5645730,454",6.82917834,50.94300237,0,"5,20043E+18"
81995,5,3,15,0,2020,4,19,1,3,0,3,0,1,1,0,0,0,0,"359819,1967","5647491,727",7.003806003,50.96195938,0,"5,20043E+18"
82014,5,3,15,0,2020,4,7,3,3,5,3,0,0,1,0,0,0,0,"353842,7129","5642331,442",6.920828753,50.9141006,0,"5,20043E+18"
82018,5,3,15,0,2020,4,19,2,2,0,6,0,1,0,0,0,0,0,"358155,8396","5640873,83",6.982710661,50.90207713,0,"5,20043E+18"
82021,5,3,15,0,2020,4,12,3,3,3,2,0,1,1,0,0,0,0,"365180,9039","5645578,503",7.080819314,50.94604386,0,"5,20043E+18"
82077,5,3,15,0,2020,4,17,2,3,5,3,0,0,1,0,0,0,0,"358945,3937","5644596,034",6.992492789,50.93572239,0,"5,20043E+18"
82095,5,3,15,0,2020,4,10,3,2,3,2,0,1,1,0,0,0,0,"356308,2728","5647891,667",6.953685694,50.96468868,0,"5,20043E+18"
82114,5,3,15,0,2020,4,16,3,3,2,6,0,0,1,0,0,0,0,"365133,6845","5645711,598",7.080098248,50.947229,1,"5,20043E+18"
82132,5,3,15,0,2020,4,12,7,3,4,6,0,1,1,0,0,0,0,"362644,8298","5645172,921",7.044892937,50.94180007,0,"5,20043E+18"
82152,5,3,15,0,2020,4,17,2,3,1,6,0,0,1,0,0,0,0,"347538,4723","5646116,511",6.829631557,50.94648296,0,"5,20043E+18"
82155,5,3,15,0,2020,4,12,1,3,0,1,0,1,0,0,0,0,0,"367031,4402","5642313,131",7.108337912,50.91712549,0,"5,20043E+18"
82160,5,3,15,0,2020,4,11,4,3,5,2,0,1,1,0,0,0,0,"352175,1946","5643655,635",6.896587657,50.92557585,0,"5,20043E+18"
82175,5,3,15,0,2020,4,8,6,3,5,3,0,1,1,0,0,0,0,"359872,138","5649177,312",7.003909975,50.97712077,0,"5,20042E+18"
82176,5,3,15,0,2020,4,16,3,3,5,4,0,0,1,1,0,0,0,"353183,9109","5643961,152",6.910807507,50.92857901,1,"5,20043E+18"
82181,5,3,15,0,2020,4,20,6,3,0,1,0,1,0,0,0,0,0,"358263,1184","5647392,666",6.981700443,50.96068843,0,"5,20042E+18"
82189,5,3,15,0,2020,4,2,6,2,0,1,2,0,0,0,0,0,1,"353301,6617","5646748,969",6.911359283,50.953662,0,"5,20042E+18"
82206,5,3,15,0,2020,4,12,6,3,0,5,0,0,0,0,1,0,0,"353418,4604","5644864,347",6.913779535,50.93675534,0,"5,20042E+18"
82213,5,3,15,0,2020,4,18,7,2,5,3,0,1,0,0,0,0,1,"352974,1461","5644465,657",6.907621187,50.93305937,0,"5,20043E+18"
82214,5,3,15,0,2020,4,8,6,3,2,6,0,0,1,0,0,0,1,"357566,6889","5639953,949",6.974696194,50.89366509,0,"5,20042E+18"