OBJECTID,ULAND,UREGBEZ,UKREIS,UGEMEINDE,UJAHR,UMONAT,USTUNDE,UWOCHENTAG,UKATEGORIE,UART,UTYP1,ULICHTVERH,IstRad,IstPKW,IstFuss,IstKrad,IstGkfz,IstSonstige,LINREFX,LINREFY,XGCSWGS84,YGCSWGS84,USTRZUSTAND,UIDENTSTLAE
84857,5,3,15,0,2020,5,15,7,3,3,6,0,0,1,0,1,0,0,"356090,247","5644640,64",6.951867843,50.93541786,0,"5,20053E+18"
84861,5,3,15,0,2020,5,20,6,3,7,1,0,1,0,0,0,0,0,"353643,0147","5646300,944",6.916396014,50.94972255,0,"5,20053E+18"
84866,5,3,15,0,2020,5,9,6,3,5,2,0,1,0,0,1,0,0,"353379,548","5645782,283",6.912856665,50.94499459,0,"5,20053E+18"
84872,5,3,15,0,2020,5,9,6,3,1,5,0,0,1,0,0,0,0,"352127,3758","5647538,967",6.894331266,50.96046122,0,"5,20053E+18"
84880,5,3,15,0,2020,5,13,6,3,2,6,0,0,1,0,0,0,0,"358614,4733","5636992,865",6.990730402,50.86731083,0,"5,20053E+18"
84894,5,3,15,0,2020,5,14,6,3,0,2,0,1,1,0,0,0,0,"356087,224","5644640,704",6.951824824,50.93541768,0,"5,20053E+18"
84901,5,3,15,0,2020,5,11,6,3,3,6,0,1,0,0,0,0,0,"355643,343","5644711,233",6.945483879,50.93594057,0,"5,20053E+18"
84926,5,3,15,0,2020,6,19,2,3,3,6,0,1,0,0,0,0,0,"357171,872","5642970,856",6.967905386,50.92068049,0,"5,2006E+18"
84987,5,3,15,0,2020,5,11,7,3,2,6,0,0,1,0,0,0,0,"365995,1124","5635863,291",7.095968833,50.85891656,0,"5,20053E+18"
84997,5,3,15,0,2020,6,16,2,3,1,5,0,1,1,0,0,0,0,"362599,1631","5648216,922",7.043094258,50.96914661,0,"5,2006E+18"
85024,5,3,15,0,2020,5,0,1,3,8,7,2,0,0,0,1,0,0,"356944,409","5638909,764",6.966262572,50.8841272,0,"5,20053E+18"
85079,5,3,15,0,2020,6,10,5,3,3,2,0,1,1,0,0,0,0,"355133,2473","5641355,159",6.939562139,50.9056523,0,"5,2006E+18"
85089,5,3,15,0,2020,6,9,3,3,5,3,0,1,1,0,0,0,0,"365122,6807","5649716,79",7.078456727,50.98322308,0,"5,2006E+18"
85123,5,3,15,0,2020,6,19,4,3,7,7,0,1,0,0,0,0,0,"354192,2091","5645941,881",6.924352867,50.94663495,0,"5,2006E+18"
85147,5,3,15,0,2020,6,20,5,3,4,1,0,0,1,0,0,0,0,"365711,9803","5650207,736",7.086665786,50.98777321,1,"5,2006E+18"
85189,5,3,15,0,2020,6,16,5,3,8,1,0,0,0,0,1,0,0,"352284,3509","5651243,26",6.895059824,50.99378998,1,"5,2006E+18"
85235,5,3,15,0,2020,6,14,3,3,0,2,0,0,1,0,0,0,1,"358267,8957","5645505,704",6.982503036,50.9437315,0,"5,2006E+18"
85269,5,3,15,0,2020,6,17,4,3,5,3,0,0,1,0,0,0,0,"354895,5066","5647925,863",6.933566774,50.9646419,0,"5,2006E+18"
85295,5,3,15,0,2020,6,17,5,3,0,1,0,0,0,0,0,0,1,"355188,3504","5644755,124",6.938995353,50.93622094,1,"5,2006E+18"
85305,5,3,15,0,2020,6,15,3,3,3,6,2,0,1,0,0,1,0,"356884,2215","5644398,432",6.963255198,50.93343873,0,"5,2006E+18"
85337,5,3,15,0,2020,6,8,4,3,5,3,0,1,0,0,0,0,0,"355882,9268","5644651,241",6.948915077,50.93546136,0,"5,2006E+18"
85394,5,3,15,0,2020,6,17,2,3,8,1,0,0,1,0,0,0,0,"361682,703","5635707,178",7.034792133,50.8564981,0,"5,20061E+18"
85395,5,3,15,0,2020,6,16,2,3,2,6,0,0,1,0,1,0,0,"357889,2842","5644477,54",6.977518287,50.93439821,0,"5,20061E+18"
85400,5,3,15,0,2020,6,0,2,3,9,1,2,0,1,0,0,0,0,"355450,6647","5635206,783",6.946504536,50.85047701,0,"5,20061E+18"
85403,5,3,15,0,2020,6,14,2,3,5,3,0,1,1,0,0,0,0,"354706,467","5643073,683",6.932811943,50.92098904,0,"5,20061E+18"
85439,5,3,15,0,2020,6,20,4,3,6,4,0,0,1,1,0,0,0,"362271,1313","5651586,087",7.037148311,50.99934779,0,"5,20061E+18"
85449,5,3,15,0,2020,6,17,3,3,4,6,0,1,0,0,0,0,0,"352230,7087","5651204,143",6.894311892,50.99342469,0,"5,20061E+18"
85489,5,3,15,0,2020,6,23,3,3,9,1,2,0,1,0,0,0,0,"347994,6345","5659553,098",6.830492713,51.0673453,1,"5,20061E+18"
85511,5,3,15,0,2020,6,8,4,3,0,5,0,1,1,0,0,0,0,"354510,7481","5643568,467",6.92983186,50.92538623,0,"5,20061E+18"
85560,5,3,15,0,2020,6,13,1,3,0,7,0,1,0,0,0,0,0,"356497,284","5651738,667",6.954856613,50.999308,0,"5,20061E+18"
85564,5,3,15,0,2020,6,18,1,3,0,1,0,1,0,0,0,0,0,"355794,3885","5641181,218",6.9490278,50.90425463,0,"5,20061E+18"
85567,5,3,15,0,2020,6,0,1,3,6,4,2,1,0,1,0,0,0,"355189,6793","5644798,405",6.938997054,50.93661023,0,"5,20061E+18"
85594,5,3,15,0,2020,6,9,4,3,1,3,0,1,1,0,0,0,0,"361248,539","5647819,579",7.024021989,50.96525185,0,"5,20061E+18"
85604,5,3,15,0,2020,6,15,3,3,5,3,0,0,1,0,0,0,0,"366313,6162","5642657,424",7.098005682,50.92005403,0,"5,20061E+18"
85613,5,3,15,0,2020,6,15,1,3,2,6,0,0,1,0,0,0,0,"368911,576","5629515,584",7.139654205,50.80253181,0,"5,20061E+18"
85639,5,3,15,0,2020,6,16,6,3,2,6,0,0,1,0,0,0,0,"352399,0807","5651302,336",6.89666953,50.9943503,1,"5,20061E+18"
85646,5,3,15,0,2020,6,16,6,3,5,3,0,1,1,0,0,0,0,"354896,9738","5647927,798",6.933586882,50.96465966,1,"5,20061E+18"
85651,5,3,15,0,2020,6,12,6,3,1,6,0,1,1,0,0,0,0,"356254,4131","5648380,871",6.952725883,50.96907163,1,"5,20061E+18"
85658,5,3,15,0,2020,6,17,6,3,5,3,0,1,1,0,0,0,0,"350128,9276","5643370,056",6.867609924,50.92248159,1,"5,20061E+18"
85661,5,3,15,0,2020,6,8,6,3,5,2,0,1,1,0,0,0,0,"354781,632","5646150,696",6.932654475,50.9486603,1,"5,20061E+18"
85664,5,3,15,0,2020,6,17,7,3,0,5,0,1,1,0,0,0,0,"359663,6353","5644819,478",7.002622181,50.93790573,0,"5,20061E+18"
85665,5,3,15,0,2020,6,14,4,3,2,6,0,0,1,0,0,0,0,"349359,3354","5643149,185",6.856759439,50.92029636,1,"5,20061E+18"
85666,5,3,15,0,2020,6,17,6,3,2,6,0,0,1,0,0,0,0,"350401,058","5645065,641",6.870783125,50.9377894,1,"5,20061E+18"
85668,5,3,15,0,2020,6,9,7,3,0,7,0,0,1,0,1,0,0,"359996,5577","5647635,554",7.006274668,50.9632951,1,"5,20061E+18"
85671,5,3,15,0,2020,6,16,7,3,9,7,0,0,1,0,0,0,0,"352518,179","5651494,643",6.898287379,50.99610899,0,"5,20061E+18"
85676,5,3,15,0,2020,6,16,3,3,5,3,0,1,1,0,0,0,0,"348405,41","5656478,863",6.83763857,51.03982885,0,"5,20061E+18"
85714,5,3,15,0,2020,6,19,3,2,2,6,0,0,1,0,1,0,0,"358178,3855","5639920,149",6.983401452,50.89351185,0,"5,20061E+18"
85720,5,3,15,0,2020,6,13,4,3,6,2,0,0,1,1,0,0,0,"365301,9435","5635709,833",7.086182155,50.85737628,1,"5,20061E+18"
85737,5,3,15,0,2020,6,13,4,3,4,6,0,1,0,0,0,0,0,"355448,8928","5645728,285",6.942314778,50.9450319,0,"5,20061E+18"
85761,5,3,15,0,2020,6,2,7,2,9,1,2,0,1,0,0,0,0,"365891,46","5639119,336",7.093302867,50.88815693,0,"5,20061E+18"
85762,5,3,15,0,2020,6,5,7,3,9,7,0,0,1,0,0,0,0,"348535,9","5643903,268",6.844739635,50.92685718,0,"5,20061E+18"
85772,5,3,15,0,2020,6,18,6,2,0,1,0,1,0,0,0,0,0,"355955,79","5649742,911",6.947936097,50.98123737,0,"5,20061E+18"
85778,5,3,15,0,2020,6,21,6,3,3,6,0,0,1,0,0,0,1,"360628,6582","5653767,141",7.012917797,51.01855359,0,"5,20061E+18"
85801,5,3,15,0,2020,6,15,2,3,0,1,0,1,0,0,0,0,0,"355668,2671","5650693,972",6.943465083,50.98971228,0,"5,20062E+18"
85806,5,3,15,0,2020,6,10,7,3,5,3,0,1,1,0,0,0,0,"362898,437","5651574,906",7.046087045,50.99939711,0,"5,20061E+18"
85820,5,3,15,0,2020,6,17,6,3,5,3,0,1,1,0,0,0,0,"350502,773","5652072,549",6.869349691,51.00078219,0,"5,20061E+18"
85841,5,3,15,0,2020,6,19,3,3,8,1,0,0,1,0,0,0,0,"356831,8959","5644037,861",6.962652662,50.93018533,1,"5,20062E+18"
85842,5,3,15,0,2020,6,13,6,3,2,5,0,1,1,0,0,0,0,"354774,7875","5645587,199",6.932781805,50.94359458,0,"5,20061E+18"
85861,5,3,15,0,2020,6,8,6,2,0,7,0,1,1,0,0,0,0,"351738,756","5643568,261",6.890417554,50.92467867,0,"5,20061E+18"
85869,5,3,15,0,2020,6,17,2,2,2,6,0,0,1,0,0,0,0,"361739,419","5648156,451",7.030880211,50.96839742,0,"5,20062E+18"
85874,5,3,15,0,2020,6,14,7,3,0,6,0,0,1,0,0,0,0,"365861,878","5635837,457",7.094086336,50.85865348,0,"5,20061E+18"
85887,5,3,15,0,2020,6,17,3,3,3,6,0,0,1,0,0,1,0,"348559,901","5643785,951",6.845129627,50.92580924,0,"5,20062E+18"
85888,5,3,15,0,2020,6,20,1,3,2,6,0,1,1,0,0,0,0,"355300,1842","5644127,419",6.940835126,50.93060796,0,"5,20061E+18"
85891,5,3,15,0,2020,6,17,2,3,4,1,0,1,1,1,0,0,0,"356838,1114","5644044,75",6.962738346,50.93024878,0,"5,20062E+18"
85896,5,3,15,0,2020,6,9,7,3,2,6,0,0,1,0,0,0,0,"355002,987","5652145,831",6.933412619,51.00259244,0,"5,20061E+18"
85930,5,3,15,0,2020,6,13,6,3,6,4,0,1,0,1,0,0,0,"354480,0236","5642748,963",6.92972198,50.9180138,0,"5,20061E+18"
85935,5,3,15,0,2020,6,10,3,3,3,2,0,1,0,0,0,0,1,"355133,2473","5641355,159",6.939562139,50.9056523,1,"5,20062E+18"
85953,5,3,15,0,2020,6,17,5,3,5,2,0,0,1,0,1,0,0,"362039,2373","5640237,034",7.038145341,50.89729498,0,"5,20061E+18"
85957,5,3,15,0,2020,6,7,5,2,0,1,0,0,0,0,1,0,0,"358601,0795","5642687,86",6.988335753,50.91848919,1,"5,20061E+18"
85959,5,3,15,0,2020,6,15,5,3,3,5,0,1,0,0,0,0,1,"353175,8383","5645158,325",6.910210409,50.93933549,0,"5,20061E+18"
85963,5,3,15,0,2020,6,17,5,3,2,6,0,1,0,0,0,0,0,"354490,3669","5644827,575",6.929039424,50.93669635,0,"5,20061E+18"
85971,5,3,15,0,2020,6,23,5,3,0,1,2,1,0,0,0,0,0,"353046,3211","5643888,092",6.908880448,50.92788741,0,"5,20061E+18"
85975,5,3,15,0,2020,6,22,5,3,0,7,1,0,0,0,0,0,1,"355707,318","5644687,06",6.946403332,50.93573934,0,"5,20061E+18"
85992,5,3,15,0,2020,6,10,7,3,8,1,0,0,1,0,0,0,0,"363267,6194","5649215,154",7.052233348,50.97827712,0,"5,20061E+18"
86027,5,3,15,0,2020,6,8,3,3,0,1,0,1,0,0,0,0,0,"353477,0806","5643042,533",6.915345482,50.92039823,1,"5,20062E+18"
86033,5,3,15,0,2020,6,12,6,3,2,6,0,0,1,0,0,0,1,"360922,7074","5645946,225",7.020100582,50.94833709,0,"5,20061E+18"
86037,5,3,15,0,2020,6,8,6,1,8,7,0,0,0,0,1,0,0,"363937,1226","5643472,928",7.063910796,50.92682787,0,"5,20061E+18"
86061,5,3,15,0,2020,6,12,7,3,6,4,0,0,1,1,0,0,0,"362191,5146","5640190,216",7.040327095,50.89691056,0,"5,20061E+18"
86069,5,3,15,0,2020,6,15,6,3,2,6,0,0,1,0,0,0,0,"361431,7869","5645338,101",7.027574597,50.94299433,0,"5,20061E+18"
86076,5,3,15,0,2020,6,17,3,3,2,6,0,0,1,0,0,0,0,"352296,21","5651248,974",6.89522637,50.99384438,1,"5,20062E+18"
86077,5,3,15,0,2020,6,19,1,3,9,5,0,1,1,0,0,0,0,"352030,156","5643610,673",6.894543625,50.92513462,0,"5,20061E+18"
86080,5,3,15,0,2020,6,17,2,3,5,7,0,1,1,0,0,0,0,"354131,1985","5636485,741",6.927263354,50.86163958,0,"5,20062E+18"
86085,5,3,15,0,2020,6,19,7,3,3,5,0,1,1,0,0,0,0,"362421,0546","5648164,27",7.040579083,50.96863089,0,"5,20061E+18"
86098,5,3,15,0,2020,6,21,3,3,5,2,0,0,1,0,0,0,0,"352524,765","5651484,368",6.898385339,50.99601834,0,"5,20062E+18"
86112,5,3,15,0,2020,6,17,6,3,1,6,0,0,1,0,0,0,0,"362599,818","5643837,731",7.044756087,50.92978952,0,"5,20061E+18"
86124,5,3,15,0,2020,6,8,2,2,2,6,0,0,1,0,0,0,0,"361626,0133","5642500,976",7.031414539,50.91754291,0,"5,20062E+18"
86128,5,3,15,0,2020,6,16,7,3,3,6,0,0,1,0,0,1,0,"362227,9962","5645832,474",7.038713967,50.94762823,0,"5,20061E+18"
86175,5,3,15,0,2020,6,11,7,3,3,6,0,1,0,0,0,0,0,"364850,926","5645482,539",7.076160442,50.94510411,0,"5,20061E+18"
86207,5,3,15,0,2020,6,8,3,3,2,6,0,0,1,0,0,0,0,"353567,8109","5642752,852",6.916751728,50.917818,1,"5,20062E+18"
86213,5,3,15,0,2020,6,11,6,3,1,5,0,1,1,0,0,0,0,"359767,5192","5649511,251",7.002291848,50.98009643,0,"5,20061E+18"
86217,5,3,15,0,2020,6,17,6,3,5,2,0,0,1,0,1,0,0,"360239,491","5647084,129",7.009943731,50.95839836,0,"5,20061E+18"
86227,5,3,15,0,2020,6,18,5,3,5,2,0,1,1,0,0,0,0,"354187,227","5644951,474",6.924678439,50.93773322,0,"5,20062E+18"
86228,5,3,15,0,2020,6,8,6,3,0,7,0,1,0,0,0,0,0,"355826,9236","5641175,412",6.949492509,50.90421058,0,"5,20062E+18"
86233,5,3,15,0,2020,6,18,5,3,5,2,0,1,1,0,0,0,0,"354856,7848","5644406,243",6.934418634,50.93300228,0,"5,20062E+18"
86284,5,3,15,0,2020,6,14,7,3,3,6,0,0,1,0,1,0,0,"348479,9651","5649996,451",6.841408132,50.98159699,0,"5,20062E+18"
86295,5,3,15,0,2020,6,12,6,3,6,2,0,0,1,1,0,0,0,"356289,6153","5648107,794",6.953334794,50.96662632,0,"5,20062E+18"
86348,5,3,15,0,2020,6,13,1,3,5,3,0,1,1,0,0,0,0,"365886,165","5634438,108",7.094943795,50.84608211,0,"5,20062E+18"
86355,5,3,15,0,2020,6,16,5,3,2,6,0,0,1,0,0,0,0,"356928,5213","5634722,204",6.967674377,50.84648949,0,"5,20062E+18"
86357,5,3,15,0,2020,6,16,5,3,2,6,0,0,1,0,0,0,0,"365960,4874","5637762,762",7.094781164,50.87598047,0,"5,20062E+18"
86371,5,3,15,0,2020,6,23,7,2,5,3,2,1,1,0,0,0,0,"357144,441","5646222,34",6.966240743,50.94989457,0,"5,20062E+18"
86381,5,3,15,0,2020,6,13,6,3,2,6,0,1,1,0,0,0,0,"353992,7707","5646082,222",6.92145949,50.94784567,0,"5,20062E+18"
86437,5,3,15,0,2020,6,20,1,3,0,1,0,1,0,0,0,0,0,"355665,819","5650699,834",6.943427896,50.98976436,0,"5,20062E+18"
86457,5,3,15,0,2020,6,15,6,3,2,6,0,0,1,0,0,0,0,"350705,0625","5651017,259",6.872664447,50.99135156,0,"5,20062E+18"
86472,5,3,15,0,2020,6,16,4,3,2,6,0,0,1,0,0,0,0,"362626,5502","5648225,02",7.043481011,50.96922592,0,"5,20062E+18"
86473,5,3,15,0,2020,6,10,4,2,6,7,0,0,1,1,0,0,0,"362896,6272","5648343,872",7.047280343,50.97035843,0,"5,20062E+18"
86475,5,3,15,0,2020,6,10,4,3,5,2,0,0,1,0,1,0,0,"356310,3293","5647870,111",6.953723474,50.96449548,0,"5,20062E+18"
86476,5,3,15,0,2020,6,16,4,2,4,6,0,0,1,0,0,0,0,"350355,008","5643435,448",6.870797423,50.92312791,0,"5,20062E+18"
86477,5,3,15,0,2020,6,17,6,2,9,1,0,0,0,0,0,0,1,"360027,3643","5649146,95",7.006131396,50.97688565,0,"5,20062E+18"
86482,5,3,15,0,2020,6,23,4,3,3,2,2,0,1,0,0,0,1,"348635,8986","5645165,126",6.845637454,50.93822279,1,"5,20062E+18"
86486,5,3,15,0,2020,6,9,4,3,1,3,0,1,0,0,0,0,0,"352977,597","5644537,488",6.907641287,50.93370577,0,"5,20062E+18"
86488,5,3,15,0,2020,6,19,4,3,1,3,0,0,1,0,0,0,1,"356859,8794","5643108,975",6.96341528,50.92184444,1,"5,20062E+18"
86545,5,3,15,0,2020,6,13,6,3,2,6,0,0,1,0,0,0,0,"360663,138","5653467,342",7.013524244,51.01586763,0,"5,20062E+18"
86553,5,3,15,0,2020,6,15,7,3,2,6,0,0,1,0,0,0,0,"354649,528","5645968,568",6.930847834,50.94699027,0,"5,20062E+18"
86564,5,3,15,0,2020,6,19,6,3,6,4,0,0,1,1,0,0,0,"352935,3007","5646989,289",6.90604979,50.95572828,0,"5,20062E+18"
86616,5,3,15,0,2020,6,15,1,3,1,1,0,1,1,0,0,0,0,"355704,0539","5650608,267",6.944008688,50.98895105,0,"5,20062E+18"
86620,5,3,15,0,2020,6,11,5,3,5,3,0,1,1,0,0,0,0,"362403,9744","5645122,4",7.041485835,50.94128859,0,"5,20062E+18"
86627,5,3,15,0,2020,6,8,5,2,9,1,0,0,1,0,0,0,0,"358325,9895","5645577,055",6.983301676,50.944387,0,"5,20062E+18"
86638,5,3,15,0,2020,6,21,5,2,0,1,1,1,0,0,0,0,0,"355660,6148","5650710,494",6.943349559,50.98985885,1,"5,20062E+18"
86643,5,3,15,0,2020,6,21,5,3,2,6,1,0,1,0,0,0,0,"353793,772","5648531,777",6.917644471,50.96980846,1,"5,20062E+18"
86646,5,3,15,0,2020,6,20,4,3,3,6,1,0,1,0,0,1,0,"348744,0377","5644147,985",6.847597568,50.92911088,0,"5,20062E+18"
86654,5,3,15,0,2020,6,18,6,3,6,7,0,0,1,1,0,0,0,"361433,5909","5645321,963",7.027606399,50.94284973,0,"5,20062E+18"
86655,5,3,15,0,2020,6,14,5,3,5,2,0,1,1,0,0,0,0,"353591,0298","5646435,273",6.915602442,50.95091652,0,"5,20062E+18"
86671,5,3,15,0,2020,6,17,5,3,0,7,0,1,0,0,0,0,0,"354565,0785","5645705,467",6.929751547,50.94460456,0,"5,20062E+18"
86711,5,3,15,0,2020,6,17,3,3,5,3,0,1,0,1,0,0,0,"357103,62","5643214,662",6.966839451,50.92285466,0,"5,20062E+18"
86757,5,3,15,0,2020,6,12,5,3,2,5,0,1,1,0,0,0,0,"355831,0304","5645978,44",6.947651743,50.94737568,0,"5,20063E+18"
86766,5,3,15,0,2020,6,11,5,3,0,7,0,1,0,0,0,0,0,"356012,8888","5646894,275",6.949876655,50.95565157,0,"5,20063E+18"
86773,5,3,15,0,2020,6,15,2,3,0,2,0,1,1,0,0,0,0,"354185,4747","5644842,666",6.924697059,50.93675495,0,"5,20062E+18"
86777,5,3,15,0,2020,6,19,4,2,5,2,0,1,1,0,0,0,0,"359073,793","5644753,545",6.994258069,50.93716934,0,"5,20062E+18"
86788,5,3,15,0,2020,6,8,3,3,5,3,0,1,1,0,0,0,0,"360508,7524","5646756,787",7.013900747,50.95552172,0,"5,20062E+18"
86816,5,3,15,0,2020,6,17,2,3,2,6,0,0,1,0,0,0,0,"361835,0901","5647569,622",7.03246479,50.9631464,0,"5,20062E+18"
86841,5,3,15,0,2020,6,10,5,3,4,6,0,1,0,0,0,0,0,"364889,964","5635412,54",7.080441898,50.8546082,0,"5,20063E+18"
86847,5,3,15,0,2020,6,13,2,3,5,3,0,0,1,0,0,0,0,"361601,9742","5649993,028",7.028224793,50.98487011,0,"5,20062E+18"
86864,5,3,15,0,2020,6,16,5,3,0,1,0,1,0,0,0,0,0,"355666,7608","5650697,579",6.943442202,50.98974432,0,"5,20063E+18"
86872,5,3,15,0,2020,6,16,2,3,0,3,0,1,0,0,0,0,1,"352468,4","5644949,696",6.90023293,50.93728007,0,"5,20062E+18"
86876,5,3,15,0,2020,6,13,4,3,3,2,0,1,1,0,0,0,0,"356328,709","5647699,453",6.954052432,50.96296639,0,"5,20062E+18"
86919,5,3,15,0,2020,6,17,3,3,0,7,0,1,0,0,0,0,0,"354731,688","5644686,407",6.932527902,50.93548855,0,"5,20062E+18"
86944,5,3,15,0,2020,6,22,5,2,0,1,2,1,0,0,0,0,0,"355950,6574","5649864,63",6.947814786,50.98232994,0,"5,20063E+18"
86967,5,3,15,0,2020,6,7,5,3,5,3,0,1,1,0,0,0,0,"355717,758","5640051,248",6.948385132,50.89408058,0,"5,20063E+18"
86978,5,3,15,0,2020,6,8,4,2,6,4,0,0,0,1,0,0,1,"353698,0664","5641601,703",6.919065082,50.90750601,0,"5,20062E+18"
86981,5,3,15,0,2020,6,13,2,3,6,7,0,0,1,1,0,0,0,"353515,7244","5646170,698",6.91463753,50.94851975,0,"5,20062E+18"
87057,5,3,15,0,2020,6,15,2,3,5,3,0,0,1,0,0,0,0,"363654,2742","5643592,895",7.05984364,50.92783928,0,"5,20062E+18"
87074,5,3,15,0,2020,6,11,5,2,2,6,0,0,1,0,1,0,0,"353315,0624","5655152,964",6.908156309,51.02918811,0,"5,20063E+18"
87081,5,3,15,0,2020,6,18,2,3,0,1,0,1,0,0,0,0,0,"351286,998","5648196,567",6.882104432,50.9661544,0,"5,20062E+18"
87085,5,3,15,0,2020,6,16,4,3,0,6,0,1,1,0,0,0,0,"360301,7805","5647009,732",7.01085866,50.95774484,0,"5,20062E+18"
87095,5,3,15,0,2020,6,5,3,3,5,7,0,1,0,0,0,0,0,"359612,0062","5649943,314",6.999911006,50.9839415,0,"5,20062E+18"
87148,5,3,15,0,2020,6,15,5,3,0,7,0,0,1,0,0,0,0,"357904,8466","5644567,647",6.977704485,50.93521182,0,"5,20063E+18"
87154,5,3,15,0,2020,6,8,2,3,1,3,0,1,1,0,0,0,0,"354781,632","5646150,696",6.932654475,50.9486603,0,"5,20062E+18"
87173,5,3,15,0,2020,6,18,5,3,5,3,0,1,0,0,1,0,0,"354323,2469","5653460,058",6.923203769,51.01423113,0,"5,20063E+18"
87181,5,3,15,0,2020,6,18,2,3,0,6,0,1,1,0,0,0,0,"354879,092","5644798,167",6.934579804,50.93653002,0,"5,20062E+18"
87185,5,3,15,0,2020,6,11,4,3,5,2,0,1,1,0,0,0,0,"354185,335","5644842,671",6.92469507,50.93675496,0,"5,20062E+18"
87186,5,3,15,0,2020,6,2,1,3,9,1,2,0,1,0,0,0,0,"352847,6092","5640714,045",6.907334937,50.89931278,0,"5,20062E+18"
87209,5,3,15,0,2020,6,23,2,2,9,1,2,0,0,0,1,0,0,"361077,09","5642373,709",7.023658674,50.91626724,0,"5,20063E+18"
87224,5,3,15,0,2020,6,9,6,3,5,2,0,1,1,0,0,0,0,"365885,5367","5634439,407",7.0949344,50.84609364,0,"5,20063E+18"
87230,5,3,15,0,2020,6,13,6,3,6,4,0,0,1,1,0,0,0,"362272,6251","5648119,584",7.038483371,50.96819382,0,"5,20063E+18"
87236,5,3,15,0,2020,6,18,6,3,0,1,0,1,0,0,0,0,0,"355665,9732","5650699,465",6.943430238,50.98976108,0,"5,20063E+18"
87242,5,3,15,0,2020,6,17,1,3,0,1,0,0,0,0,1,0,0,"354753,5111","5638220,939",6.935411004,50.87739021,0,"5,20063E+18"
87243,5,3,15,0,2020,6,19,6,3,0,1,0,1,0,0,0,0,0,"355667,296","5650696,297",6.943450332,50.98973294,0,"5,20063E+18"
87246,5,3,15,0,2020,6,12,2,3,5,3,0,1,1,0,0,0,0,"352950,2909","5643822,835",6.907541253,50.9272765,0,"5,20063E+18"
87249,5,3,15,0,2020,6,16,6,3,6,4,0,0,1,1,0,0,0,"353354,956","5645787,786",6.91250463,50.94503779,0,"5,20063E+18"
87251,5,3,15,0,2020,6,13,6,3,2,6,0,0,1,0,1,0,0,"355482,9758","5646711,773",6.942409275,50.95387883,0,"5,20063E+18"
87296,5,3,15,0,2020,6,10,2,3,3,6,0,0,1,0,0,0,0,"356497,5707","5644619,098",6.957669438,50.93532576,0,"5,20063E+18"
87319,5,3,15,0,2020,6,4,7,3,0,1,1,0,0,0,0,0,1,"357109,8246","5644718,121",6.966338342,50.9363677,0,"5,20063E+18"
87321,5,3,15,0,2020,6,13,7,2,9,1,0,1,0,0,0,0,0,"358263,0808","5647392,53",6.981699961,50.9606872,0,"5,20063E+18"
87324,5,3,15,0,2020,6,13,7,3,9,1,0,0,1,0,0,0,1,"351210,1998","5651908,138",6.879491984,50.99948811,0,"5,20063E+18"
87325,5,3,15,0,2020,6,7,7,3,0,1,0,1,0,0,0,0,0,"353707,9206","5646420,809",6.91727123,50.95081621,0,"5,20063E+18"
87326,5,3,15,0,2020,6,17,7,3,0,7,0,1,0,0,0,0,0,"354173,966","5644843,07",6.924533214,50.93675567,0,"5,20063E+18"
87353,5,3,15,0,2020,6,17,2,3,5,2,0,1,1,0,0,0,0,"362611,0209","5645163,753",7.04441546,50.94170962,0,"5,20063E+18"
87404,5,3,15,0,2020,6,13,2,3,0,1,0,1,0,0,0,0,0,"357441,0442","5636395,021",6.974298495,50.86164978,1,"5,20063E+18"
87452,5,3,15,0,2020,6,22,3,3,0,1,2,0,0,0,0,0,1,"355803,6981","5643543,763",6.948226362,50.92548883,0,"5,20063E+18"
87459,5,3,15,0,2020,6,9,3,3,5,2,0,1,0,0,0,0,1,"357004,411","5643486,083",6.965322399,50.92526932,0,"5,20063E+18"
87493,5,3,15,0,2020,7,17,5,3,0,1,0,0,0,0,1,0,0,"358825,0018","5642408,967",6.991627306,50.91603757,1,"5,2007E+18"
87505,5,3,15,0,2020,7,4,5,3,5,2,2,0,1,0,0,0,0,"349069,7758","5649605,456",6.849966729,50.97823835,1,"5,2007E+18"
87512,5,3,15,0,2020,7,13,4,3,2,6,0,0,0,0,0,1,0,"350352,5853","5653671,573",6.866551424,51.01511238,1,"5,2007E+18"
87521,5,3,15,0,2020,7,21,4,3,0,1,1,1,0,0,0,0,0,"356212,5771","5643250,264",6.954156076,50.92295324,1,"5,2007E+18"
87535,5,3,15,0,2020,7,5,5,2,4,1,0,0,1,0,0,0,0,"364273,2035","5634064,115",7.072184394,50.84234463,0,"5,2007E+18"
87547,5,3,15,0,2020,7,16,5,3,9,2,0,0,1,0,0,0,0,"363946,152","5641221,614",7.064878852,50.90659633,1,"5,2007E+18"
87561,5,3,15,0,2020,7,22,5,3,0,1,2,1,0,0,0,0,0,"354173,1373","5644787,039",6.924543852,50.93625193,1,"5,2007E+18"
87562,5,3,15,0,2020,7,14,4,3,0,7,0,0,0,0,0,0,1,"358959,2987","5642276,42",6.99358782,50.9148792,1,"5,2007E+18"
87608,5,3,15,0,2020,7,10,5,3,0,1,0,1,0,0,0,0,0,"356502,3575","5646389,729",6.957039967,50.95123938,1,"5,2007E+18"