OBJECTID,ULAND,UREGBEZ,UKREIS,UGEMEINDE,UJAHR,UMONAT,USTUNDE,UWOCHENTAG,UKATEGORIE,UART,UTYP1,ULICHTVERH,IstRad,IstPKW,IstFuss,IstKrad,IstGkfz,IstSonstige,LINREFX,LINREFY,XGCSWGS84,YGCSWGS84,USTRZUSTAND,UIDENTSTLAE
87609,5,3,15,0,2020,7,14,5,3,0,1,0,1,0,0,0,0,0,"354323,411","5642492,883",6.927597708,50.91567296,0,"5,2007E+18"
87614,5,3,15,0,2020,7,15,5,3,0,2,0,0,0,0,1,0,1,"361297,315","5645035,104",7.025777063,50.94023889,1,"5,2007E+18"
87625,5,3,15,0,2020,7,18,4,3,3,5,0,1,1,0,0,0,0,"353300,595","5644029,251",6.912439339,50.92922067,1,"5,2007E+18"
87629,5,3,15,0,2020,6,22,3,2,1,5,2,0,1,0,0,1,0,"366110,72","5642394,35",7.095217292,50.91764257,0,"5,20063E+18"
87632,5,3,15,0,2020,7,20,4,3,2,6,0,0,1,0,0,0,0,"350066,3654","5642848,419",6.86693487,50.9177777,1,"5,2007E+18"
87659,5,3,15,0,2020,6,12,3,2,3,6,0,0,1,0,0,1,0,"352115,463","5641292,607",6.896696172,50.90432504,0,"5,20063E+18"
87669,5,3,15,0,2020,7,23,5,3,5,2,2,0,1,0,0,0,0,"360923,0848","5645945,761",7.020106128,50.94833302,1,"5,2007E+18"
87678,5,3,15,0,2020,6,0,3,2,4,6,2,1,0,0,0,0,1,"355602,9188","5648514,142",6.943400545,50.97010635,0,"5,20063E+18"
87683,5,3,15,0,2020,7,18,5,3,5,2,0,1,1,0,0,0,0,"353203,803","5646839,044",6.909930672,50.95444655,1,"5,2007E+18"
87687,5,3,15,0,2020,6,16,3,3,0,1,0,0,0,0,1,0,0,"356488,3043","5646835,987",6.956664106,50.95524633,0,"5,20063E+18"
87724,5,3,15,0,2020,7,20,5,3,1,5,0,0,1,0,1,0,0,"355785,7654","5650412,105",6.945250011,50.98720868,1,"5,2007E+18"
87727,5,3,15,0,2020,7,18,5,3,6,7,0,1,0,1,0,0,0,"362817,8146","5645232,535",7.047331214,50.94237703,1,"5,2007E+18"
87731,5,3,15,0,2020,6,18,3,3,5,3,0,0,1,0,0,0,0,"349385,953","5649436,24",6.854537465,50.97680052,0,"5,20063E+18"
87738,5,3,15,0,2020,7,11,4,3,9,1,0,0,1,0,0,0,0,"352210,279","5654286,43",6.892765813,51.02111812,1,"5,2007E+18"
87752,5,3,15,0,2020,7,14,2,3,5,7,0,0,1,0,0,0,1,"357444,438","5644240,801",6.971284191,50.93216085,0,"5,20071E+18"
87776,5,3,15,0,2020,7,16,3,3,2,6,0,0,1,0,1,0,0,"354810,5327","5647741,683",6.932431003,50.96296532,0,"5,20071E+18"
87794,5,3,15,0,2020,7,16,3,3,2,6,0,0,1,0,0,1,0,"362760,6404","5646418,115",7.04607108,50.95301864,0,"5,20071E+18"
87821,5,3,15,0,2020,7,17,7,3,0,1,0,1,0,0,0,0,0,"355966,548","5646862,373",6.949229919,50.95535329,0,"5,2007E+18"
87822,5,3,15,0,2020,7,2,7,3,0,2,2,0,1,0,0,0,0,"356651,4826","5646356,438",6.959174711,50.95097731,0,"5,2007E+18"
87855,5,3,15,0,2020,7,13,3,3,4,6,0,1,0,0,0,0,0,"354493,4574","5653165,042",6.925746939,51.01162303,0,"5,20071E+18"
87860,5,3,15,0,2020,7,6,2,3,2,6,0,0,1,0,0,0,0,"353478,933","5654897,474",6.91059484,51.02693396,0,"5,20071E+18"
87868,5,3,15,0,2020,7,16,2,3,5,2,0,1,1,0,0,0,0,"353044,6138","5643883,212",6.908858138,50.92784312,0,"5,20071E+18"
87873,5,3,15,0,2020,7,13,2,3,6,1,0,1,0,1,0,0,0,"355217,2371","5644969,311",6.939321088,50.93815304,0,"5,20071E+18"
87904,5,3,15,0,2020,7,15,3,3,1,6,0,0,1,0,0,0,0,"361820,7401","5647743,8",7.032194413,50.96470834,0,"5,20071E+18"
87907,5,3,15,0,2020,7,9,7,2,3,6,0,0,1,0,0,1,0,"362704,4908","5642768,685",7.046647224,50.92020651,0,"5,2007E+18"
87920,5,3,15,0,2020,7,11,3,3,0,1,0,1,0,0,0,0,0,"357349,897","5642429,161",6.970648388,50.91585632,0,"5,20071E+18"
87969,5,3,15,0,2020,7,15,6,3,1,6,0,0,1,0,0,0,0,"352722,17","5650692,517",6.901517534,50.98895295,0,"5,2007E+18"
87976,5,3,15,0,2020,7,12,6,3,2,6,0,0,1,0,0,0,0,"362103,646","5644276,353",7.037533892,50.93361315,0,"5,2007E+18"
87978,5,3,15,0,2020,7,13,6,3,3,6,0,0,1,0,1,0,0,"358437,0097","5644011,125",6.985489366,50.93034122,0,"5,2007E+18"
87981,5,3,15,0,2020,7,11,6,3,5,3,0,1,1,0,0,0,0,"361221,9717","5649530,95",7.02299074,50.98062586,0,"5,2007E+18"
87982,5,3,15,0,2020,7,10,6,3,5,3,0,0,1,0,0,0,0,"354990,3362","5646355,4",6.935542025,50.95055246,0,"5,2007E+18"
87983,5,3,15,0,2020,7,16,3,3,2,6,0,0,1,0,0,0,0,"354416,9157","5653650,097",6.924461925,51.01596265,0,"5,20071E+18"
87984,5,3,15,0,2020,7,22,6,3,5,2,1,1,1,0,0,0,0,"356109,9589","5643378,334",6.95264646,50.9240786,0,"5,2007E+18"
87986,5,3,15,0,2020,7,13,3,3,0,6,0,1,1,0,0,0,0,"356451,0844","5646970,046",6.956081656,50.95644183,0,"5,20071E+18"
87987,5,3,15,0,2020,7,20,6,3,0,1,0,0,0,0,0,0,1,"357036,4949","5643403,495",6.965810992,50.92453507,0,"5,2007E+18"
88006,5,3,15,0,2020,7,6,1,3,6,4,0,0,0,1,0,0,1,"364326,532","5638462,224",7.071310743,50.88188566,0,"5,20071E+18"
88008,5,3,15,0,2020,7,3,1,3,0,4,2,0,1,1,0,0,0,"355251,8989","5644761,526",6.939896627,50.93629443,1,"5,20071E+18"
88015,5,3,15,0,2020,7,17,1,3,0,1,0,1,0,0,0,0,0,"355222,275","5646562,787",6.938759311,50.9524745,1,"5,20071E+18"
88017,5,3,15,0,2020,7,4,1,2,7,1,1,0,0,0,0,0,1,"354531,6976","5643521,754",6.930148379,50.92497171,1,"5,20071E+18"
88043,5,3,15,0,2020,7,20,3,3,5,5,0,1,1,0,0,0,0,"347793,4","5648193,515",6.832389292,50.96521455,0,"5,20071E+18"
88055,5,3,15,0,2020,7,9,2,3,2,6,0,0,1,0,0,0,0,"361455,3877","5647879,294",7.026943137,50.96583831,0,"5,20071E+18"
88056,5,3,15,0,2020,7,15,4,3,5,3,0,1,1,0,0,0,0,"356744,9315","5643061,036",6.961799748,50.92138509,1,"5,20071E+18"
88063,5,3,15,0,2020,7,21,4,3,0,1,1,1,0,0,0,0,0,"355305,3521","5645431,912",6.940390621,50.94233245,1,"5,20071E+18"
88083,5,3,15,0,2020,7,11,7,3,2,6,0,0,0,0,1,0,0,"357680,938","5644222,168",6.974654861,50.9320518,0,"5,20071E+18"
88099,5,3,15,0,2020,7,16,7,3,2,6,0,0,1,0,0,0,1,"356970,4729","5645882,497",6.963899207,50.94679729,0,"5,20071E+18"
88111,5,3,15,0,2020,7,13,5,2,5,3,0,0,1,0,0,0,0,"351738,756","5643568,261",6.890417554,50.92467867,0,"5,20071E+18"
88148,5,3,15,0,2020,7,14,7,3,6,4,0,1,0,1,0,0,0,"353456,9874","5644122,483",6.914625776,50.93009827,0,"5,20071E+18"
88179,5,3,15,0,2020,7,12,5,3,5,3,0,0,1,0,0,0,1,"352432,621","5651388,485",6.897112135,50.99513307,0,"5,20071E+18"
88193,5,3,15,0,2020,7,14,5,3,2,7,0,0,1,0,0,0,0,"356836,7164","5643904,506",6.962773587,50.92898807,0,"5,20071E+18"
88196,5,3,15,0,2020,7,13,6,2,0,1,0,0,0,0,1,0,0,"363560,5562","5645436,536",7.057820565,50.94438671,1,"5,20071E+18"
88213,5,3,15,0,2020,7,16,7,3,2,6,0,0,1,0,1,0,0,"356970,851","5645883,488",6.963904197,50.94680629,0,"5,20071E+18"
88217,5,3,15,0,2020,7,12,7,3,5,3,0,1,1,0,0,0,0,"360080,5983","5644922,417",7.008513357,50.93893218,0,"5,20071E+18"
88246,5,3,15,0,2020,7,14,5,3,5,2,0,0,1,0,0,0,1,"354064,9567","5644847,338",6.922981121,50.93676646,0,"5,20071E+18"
88265,5,3,15,0,2020,7,11,4,3,9,1,0,0,1,0,0,0,0,"361657,575","5648330,818",7.029648994,50.96994485,1,"5,20071E+18"
88284,5,3,15,0,2020,7,20,7,3,5,3,0,0,1,0,0,0,1,"354252,3174","5636455,954",6.928995066,50.86140242,0,"5,20071E+18"
88307,5,3,15,0,2020,7,9,5,3,2,6,0,0,1,0,0,0,0,"362808,3014","5644521,81",7.047463517,50.93598722,0,"5,20071E+18"
88312,5,3,15,0,2020,7,9,5,3,5,2,0,1,1,0,0,0,0,"355282,6275","5645310,249",6.940115711,50.94123339,0,"5,20071E+18"
88316,5,3,15,0,2020,7,9,5,3,2,6,0,0,1,0,0,0,0,"359948,4582","5647747,861",7.005546916,50.96429273,1,"5,20071E+18"
88324,5,3,15,0,2020,7,18,4,3,2,6,0,0,1,0,0,0,0,"358921,8721","5645916,529",6.991646846,50.947584,1,"5,20071E+18"
88349,5,3,15,0,2020,7,17,7,2,0,1,0,1,0,0,0,0,0,"352985,047","5644145,764",6.907905237,50.9301874,0,"5,20071E+18"
88377,5,3,15,0,2020,7,13,4,3,2,6,0,0,1,0,0,0,0,"359930,5349","5649118,648",7.004763889,50.97660775,1,"5,20071E+18"
88379,5,3,15,0,2020,7,0,5,2,5,3,2,0,1,0,0,0,0,"352471,2593","5644949,515",6.900273669,50.93727917,1,"5,20071E+18"
88412,5,3,15,0,2020,7,15,2,3,2,6,0,0,1,0,0,0,0,"354020,586","5653335,685",6.918942063,51.0130367,0,"5,20071E+18"
88420,5,3,15,0,2020,7,8,2,3,2,6,0,0,1,0,0,0,1,"359329,6248","5645794,55",6.997494833,50.94658741,0,"5,20071E+18"
88424,5,3,15,0,2020,7,16,2,3,0,1,0,1,0,0,0,0,0,"363130,3405","5642244,065",7.052899044,50.9155927,0,"5,20071E+18"
88428,5,3,15,0,2020,7,20,2,3,5,2,0,1,1,0,0,0,0,"357695,6052","5643829,688",6.975016672,50.92852821,0,"5,20071E+18"
88430,5,3,15,0,2020,7,23,1,3,0,7,2,1,0,0,0,0,0,"359219,1103","5647771,866",6.995157876,50.9643307,0,"5,20071E+18"
88432,5,3,15,0,2020,7,9,2,3,2,6,0,0,1,0,0,0,0,"359973,5047","5647810,523",7.00587925,50.96486197,0,"5,20071E+18"
88433,5,3,15,0,2020,7,19,1,3,2,6,0,0,1,0,0,0,0,"362628,4519","5648225,582",7.043507867,50.96923143,0,"5,20071E+18"
88435,5,3,15,0,2020,7,15,2,3,1,6,0,0,1,0,0,0,1,"355376,9391","5648313,249",6.940264096,50.96824429,0,"5,20071E+18"
88439,5,3,15,0,2020,7,7,2,3,1,6,0,0,1,0,0,0,0,"356235,1094","5646966,16",6.953010132,50.95635307,0,"5,20071E+18"
88440,5,3,15,0,2020,7,19,1,3,3,7,0,0,1,0,1,0,0,"355247,5565","5645115,398",6.939694282,50.9394735,0,"5,20071E+18"
88443,5,3,15,0,2020,7,15,2,2,2,6,0,1,0,0,0,0,0,"348964,1197","5649682,019",6.84843096,50.97889865,0,"5,20071E+18"
88445,5,3,15,0,2020,7,14,2,3,6,4,0,1,0,1,0,0,0,"354477,9098","5645755,32",6.928491659,50.94503058,0,"5,20071E+18"
88450,5,3,15,0,2020,7,7,2,2,5,3,0,0,1,0,0,0,0,"351738,756","5643568,261",6.890417554,50.92467867,0,"5,20071E+18"
88453,5,3,15,0,2020,7,17,4,2,5,3,0,1,1,0,0,0,0,"362242,813","5643840,631",7.039677882,50.92973043,0,"5,20072E+18"
88522,5,3,15,0,2020,7,19,3,3,0,1,0,1,0,0,0,0,0,"360581,85","5648920,351",7.01411169,50.97498369,1,"5,20071E+18"
88530,5,3,15,0,2020,7,10,3,3,6,4,0,1,0,1,0,0,0,"353059,375","5646920,579",6.907842873,50.95514246,0,"5,20071E+18"
88594,5,3,15,0,2020,7,11,5,3,3,6,0,0,1,0,0,0,1,"360506,4533","5650603,551",7.012392366,50.99009254,1,"5,20072E+18"
88742,5,3,15,0,2020,7,21,3,3,0,1,0,0,0,0,1,0,0,"365216,4529","5635598,537",7.085009193,50.85635606,1,"5,20071E+18"
88770,5,3,15,0,2020,7,19,2,3,5,2,0,0,1,0,0,0,0,"355150,9425","5639076,622",6.940717268,50.88517988,0,"5,20072E+18"
88772,5,3,15,0,2020,7,0,1,3,9,6,2,0,1,0,0,0,0,"348482,5638","5656176,669",6.83886465,51.03713367,0,"5,20072E+18"
88788,5,3,15,0,2020,7,7,6,2,1,7,0,0,1,0,1,0,0,"366704,2296","5635867,84",7.106036892,50.85912134,0,"5,20072E+18"
88791,5,3,15,0,2020,7,15,2,2,7,1,0,1,0,0,0,0,0,"365388,4641","5645187,699",7.08391665,50.94257998,0,"5,20072E+18"
88793,5,3,15,0,2020,7,17,6,3,0,7,0,1,0,0,0,0,0,"363388,097","5639828,895",7.05746746,50.8939475,0,"5,20072E+18"
88794,5,3,15,0,2020,7,15,1,3,0,6,0,1,0,0,0,0,0,"361197,1306","5649503,29",7.022647646,50.98037128,0,"5,20072E+18"
88798,5,3,15,0,2020,7,17,6,3,5,3,0,0,1,0,0,1,0,"348986,5496","5649665,705",6.848757019,50.97875794,0,"5,20072E+18"
88801,5,3,15,0,2020,7,14,6,3,0,6,0,0,1,0,0,0,0,"353214,773","5641508,215",6.912233394,50.90654318,0,"5,20072E+18"
88803,5,3,15,0,2020,7,16,6,2,5,3,0,0,1,0,1,0,0,"352179,0871","5643657,125",6.8966424,50.92559024,0,"5,20072E+18"
88807,5,3,15,0,2020,7,9,6,3,5,2,0,1,1,0,0,0,0,"355695,7783","5645894,116",6.945761069,50.94658404,0,"5,20072E+18"
88850,5,3,15,0,2020,7,21,2,3,0,6,2,1,1,0,0,0,0,"356498,6134","5644619,265",6.957684202,50.93532752,0,"5,20072E+18"
88888,5,3,15,0,2020,7,16,3,3,3,6,0,0,1,0,0,1,0,"348847,86","5644532,33",6.848914491,50.93259192,0,"5,20072E+18"
88897,5,3,15,0,2020,7,17,2,3,2,6,0,0,1,0,0,0,0,"359722,3539","5647257,46",7.002518155,50.95983044,0,"5,20072E+18"
88900,5,3,15,0,2020,7,18,1,3,0,7,0,1,0,0,0,0,0,"348462,4573","5645158,512",6.843173487,50.9381178,0,"5,20072E+18"
88916,5,3,15,0,2020,7,16,1,2,0,6,0,0,1,0,0,0,0,"349067,0667","5647501,189",6.850801363,50.95932825,0,"5,20072E+18"
88965,5,3,15,0,2020,7,18,2,3,0,5,0,1,1,0,0,0,0,"365155,4549","5636446,694",7.083830548,50.86396481,0,"5,20072E+18"
88966,5,3,15,0,2020,7,13,7,2,4,2,0,0,1,0,1,0,0,"361009,951","5645050,1",7.021683755,50.94030446,0,"5,20072E+18"
88968,5,3,15,0,2020,7,0,1,3,1,5,2,0,1,0,0,0,0,"366853,7503","5637567,943",7.107541392,50.87443597,0,"5,20072E+18"
88983,5,3,15,0,2020,7,9,2,3,0,1,0,1,0,0,0,0,0,"356493,089","5651658,518",6.954828546,50.99858668,0,"5,20072E+18"
88984,5,3,15,0,2020,7,10,7,3,5,2,0,0,1,0,0,0,0,"349113,1032","5645119,786",6.852443165,50.93794041,0,"5,20072E+18"
89001,5,3,15,0,2020,7,22,7,3,2,6,1,0,1,0,0,0,1,"353706,9861","5646309,472",6.917302669,50.94981543,0,"5,20072E+18"
89028,5,3,15,0,2020,7,12,2,3,2,6,0,0,1,0,0,0,0,"354113,522","5636435,517",6.927032375,50.86118376,0,"5,20072E+18"
89036,5,3,15,0,2020,7,19,5,3,5,7,0,0,1,0,0,0,0,"366408,794","5641471,081",7.099793411,50.90941361,1,"5,20072E+18"
89039,5,3,15,0,2020,7,12,5,3,2,6,0,0,1,0,0,0,0,"361189,4708","5649494,76",7.022541853,50.98029278,1,"5,20072E+18"
89040,5,3,15,0,2020,7,7,5,3,1,4,0,0,1,1,0,0,0,"348324,3937","5648471,223",6.839829752,50.96785012,0,"5,20072E+18"
89042,5,3,15,0,2020,7,21,5,3,5,3,2,0,1,0,0,0,1,"353860,9286","5642347,228",6.921081377,50.91424708,1,"5,20072E+18"
89047,5,3,15,0,2020,7,15,5,3,0,1,0,0,0,0,1,0,0,"357458,602","5636008,767",6.974698254,50.85818282,1,"5,20072E+18"
89050,5,3,15,0,2020,7,14,2,2,0,1,0,1,0,0,0,0,0,"357696,557","5643828,887",6.975030519,50.92852125,0,"5,20072E+18"
89053,5,3,15,0,2020,7,12,5,3,5,2,0,1,1,0,0,0,0,"354596,004","5643315,051",6.931145173,50.92313033,1,"5,20072E+18"
89057,5,3,15,0,2020,7,10,5,3,0,7,0,0,0,0,0,0,1,"355754,0871","5644678,299",6.947071969,50.93567231,1,"5,20072E+18"
89065,5,3,15,0,2020,7,19,3,3,0,6,0,0,0,0,0,1,1,"360702,0117","5652773,829",7.014344371,51.00964439,0,"5,20072E+18"
89069,5,3,15,0,2020,7,12,7,3,0,1,0,1,0,0,0,0,0,"353573,7186","5644190,197",6.916258539,50.93073644,0,"5,20072E+18"
89075,5,3,15,0,2020,7,17,1,3,5,3,0,1,1,0,0,0,0,"357714,258","5646913,647",6.974077298,50.95624824,0,"5,20072E+18"
89135,5,3,15,0,2020,7,5,2,2,3,6,0,0,1,0,0,0,0,"352843,0623","5650529,714",6.90330477,50.98752084,0,"5,20072E+18"
89153,5,3,15,0,2020,7,20,2,3,0,6,1,1,0,0,0,0,0,"359219,2033","5647771,817",6.995159218,50.96433028,0,"5,20072E+18"
89156,5,3,15,0,2020,7,0,1,2,0,1,2,0,0,0,0,0,1,"354258,9508","5645171,238",6.925610645,50.93972631,0,"5,20072E+18"
89171,5,3,15,0,2020,7,18,4,3,3,2,0,1,1,0,0,0,0,"358900,3237","5644727,418",6.991800893,50.93689212,0,"5,20072E+18"
89175,5,3,15,0,2020,7,8,4,3,2,2,0,0,1,0,0,0,0,"349361,2054","5643149,725",6.856785801,50.9203017,0,"5,20072E+18"
89177,5,3,15,0,2020,7,19,4,3,5,7,0,0,1,0,0,0,0,"353209,276","5645205,334",6.910667059,50.93976645,0,"5,20072E+18"
89180,5,3,15,0,2020,7,17,4,3,5,2,0,1,1,0,0,0,0,"353394,288","5646648,544",6.912717571,50.95278309,0,"5,20072E+18"
89185,5,3,15,0,2020,7,7,4,3,0,1,0,1,0,0,0,0,0,"350518,1794","5649026,948",6.870822083,50.9734175,0,"5,20072E+18"
89188,5,3,15,0,2020,7,1,4,3,6,4,2,0,0,1,0,0,1,"347929,4441","5645172,415",6.835587111,50.93810242,0,"5,20072E+18"
89189,5,3,15,0,2020,7,15,4,3,5,2,0,1,1,0,0,0,0,"351226,6588","5648231,587",6.881231418,50.96645353,0,"5,20072E+18"
89195,5,3,15,0,2020,7,20,6,3,0,7,0,1,0,0,0,0,0,"365051,8081","5646109,068",7.078786082,50.95078211,0,"5,20072E+18"
89234,5,3,15,0,2020,7,10,5,3,0,5,0,1,1,0,0,0,0,"356313,7362","5647836,536",6.953785219,50.96419459,0,"5,20072E+18"
89236,5,3,15,0,2020,7,13,7,3,2,7,0,0,1,0,0,0,0,"366032,3326","5636430,613",7.096289681,50.86402413,0,"5,20073E+18"
89306,5,3,15,0,2020,7,1,6,3,0,1,2,1,0,0,0,0,0,"355301,954","5644192,985",6.940834266,50.93119763,0,"5,20072E+18"
89317,5,3,15,0,2020,7,9,5,3,5,3,0,0,1,0,0,0,0,"353049,8708","5644914,675",6.908517023,50.93711382,0,"5,20072E+18"
89370,5,3,15,0,2020,7,16,6,3,4,7,0,0,1,0,0,0,0,"366262,1975","5633714,616",7.100546238,50.83966657,0,"5,20072E+18"
89409,5,3,15,0,2020,7,13,5,2,9,1,0,0,1,0,0,0,0,"357151,6159","5637766,131",6.969653195,50.8739006,0,"5,20072E+18"
89429,5,3,15,0,2020,7,9,5,3,5,2,0,1,1,0,0,0,0,"358787,612","5639496,041",6.992222443,50.88984961,0,"5,20072E+18"
89470,5,3,15,0,2020,7,22,3,3,0,7,2,1,0,0,0,0,0,"361193,5108","5649499,259",7.022597651,50.98033419,0,"5,20072E+18"
89471,5,3,15,0,2020,7,17,3,2,0,7,0,1,0,0,0,0,0,"361700,791","5650383,685",7.029483062,50.98840478,0,"5,20072E+18"
89473,5,3,15,0,2020,7,13,3,3,2,6,0,0,1,0,0,0,0,"357419,7125","5636736,788",6.973862412,50.86471602,0,"5,20072E+18"
89475,5,3,15,0,2020,7,3,3,2,0,1,2,0,0,0,0,0,1,"354812,974","5645558,642",6.933336378,50.94334756,0,"5,20072E+18"
89478,5,3,15,0,2020,7,17,3,3,5,2,0,1,1,0,0,0,0,"354283,9566","5644197,139",6.926355819,50.93097868,0,"5,20072E+18"
89483,5,3,15,0,2020,7,14,6,3,6,4,0,0,1,1,0,0,0,"353220,2335","5646829,559",6.910168266,50.9543655,0,"5,20072E+18"
89495,5,3,15,0,2020,7,14,5,3,2,6,0,0,1,0,0,0,0,"346711,4267","5645265,96",6.818225158,50.93862054,0,"5,20072E+18"
89496,5,3,15,0,2020,7,15,7,3,9,1,0,0,1,0,0,0,0,"349120,406","5649576,021",6.850699641,50.97798711,0,"5,20073E+18"
89576,5,3,15,0,2020,7,8,5,3,5,3,0,0,1,0,0,0,0,"355500,8252","5637949,682",6.946133498,50.8751398,0,"5,20072E+18"
89626,5,3,15,0,2020,7,14,2,3,0,3,0,1,1,0,0,0,0,"361954,3533","5648026,987",7.03398853,50.96728545,0,"5,20073E+18"
89662,5,3,15,0,2020,7,19,3,3,6,4,0,1,0,1,0,0,0,"361616,7634","5651529,802",7.027849894,50.99868494,0,"5,20073E+18"
89667,5,3,15,0,2020,7,17,4,3,5,6,0,0,1,0,0,0,0,"357556,7334","5644265,054",6.972871725,50.93240656,0,"5,20073E+18"
89684,5,3,15,0,2020,7,16,5,2,0,1,0,0,0,0,0,0,1,"356839,155","5643851,865",6.962828937,50.9285156,0,"5,20073E+18"
89689,5,3,15,0,2020,7,8,5,3,0,1,0,0,0,0,1,0,0,"354694,3472","5646023,531",6.931463486,50.94749551,0,"5,20073E+18"
89692,5,3,15,0,2020,7,18,2,3,9,1,0,0,0,0,1,0,0,"356959,6247","5634618,95",6.968156227,50.84556923,0,"5,20073E+18"
89741,5,3,15,0,2020,7,8,2,3,0,1,0,0,0,0,1,0,0,"353716,09","5648627,259",6.916500455,50.9706468,0,"5,20073E+18"
89748,5,3,15,0,2020,7,18,3,2,0,6,0,1,0,0,0,0,0,"354981,421","5644668,969",6.936086597,50.93539469,0,"5,20073E+18"
89750,5,3,15,0,2020,7,17,5,3,2,6,0,0,1,0,0,0,1,"357149,8344","5637814,374",6.969609046,50.87433372,0,"5,20073E+18"
89753,5,3,15,0,2020,7,12,4,3,5,3,0,1,1,0,0,0,0,"353676,1928","5646345,664",6.916850047,50.95013286,0,"5,20073E+18"
89755,5,3,15,0,2020,7,15,5,3,3,6,0,0,1,0,0,0,0,"352839,8609","5650534,201",6.903257371,50.98756035,0,"5,20073E+18"
89775,5,3,15,0,2020,7,12,5,3,0,1,0,1,0,0,0,0,0,"357583,7641","5634602,078",6.977022576,50.84557157,0,"5,20073E+18"
89807,5,3,15,0,2020,7,15,2,3,5,3,0,1,1,0,0,0,0,"359586,376","5650553,89",6.999310139,50.98942252,0,"5,20073E+18"
89814,5,3,15,0,2020,7,17,3,3,0,3,0,1,1,0,0,0,0,"363533,9696","5641448,383",7.058935101,50.90853712,0,"5,20073E+18"
89829,5,3,15,0,2020,7,18,2,3,5,3,0,1,1,0,0,0,0,"356356,8404","5641103,54",6.957052422,50.90369676,0,"5,20073E+18"
89843,5,3,15,0,2020,7,16,1,2,9,6,0,1,0,0,0,0,1,"357475,3553","5644771,71",6.971516249,50.93693976,0,"5,20073E+18"
89847,5,3,15,0,2020,7,5,4,3,4,6,1,1,0,0,0,0,0,"362834,575","5642789,036",7.048489177,50.92042036,0,"5,20073E+18"
89862,5,3,15,0,2020,7,21,3,2,9,1,1,0,1,0,0,0,0,"363650,182","5646330,386",7.05876088,50.95244132,0,"5,20073E+18"
89866,5,3,15,0,2020,7,8,5,3,3,7,0,0,1,0,0,0,1,"354402,977","5642613,148",6.92868083,50.91677383,0,"5,20073E+18"
89870,5,3,15,0,2020,7,10,5,3,0,2,0,1,0,0,0,0,0,"350714,637","5643540,081",6.875867755,50.92416135,0,"5,20073E+18"
89924,5,3,15,0,2020,7,16,2,3,6,4,0,1,0,1,0,0,0,"354163,99","5647069,108",6.923499908,50.95675783,0,"5,20073E+18"
89931,5,3,15,0,2020,7,19,3,3,0,3,0,1,0,0,0,0,0,"360936,278","5647729,328",7.019612376,50.96436546,0,"5,20073E+18"
89937,5,3,15,0,2020,7,7,4,2,5,2,0,1,1,0,0,0,0,"353735,0416","5646279,084",6.917714005,50.94954947,0,"5,20073E+18"
89956,5,3,15,0,2020,7,19,5,3,5,2,0,0,1,0,0,0,0,"349066,1079","5649607,648",6.849913608,50.97825708,0,"5,20073E+18"
89975,5,3,15,0,2020,7,13,5,3,5,3,0,1,1,0,0,0,0,"356526,0807","5644629,275",6.958070911,50.93542431,0,"5,20073E+18"
90001,5,3,15,0,2020,7,17,6,3,2,7,0,0,1,0,0,0,1,"353816,3429","5653138,709",6.916111831,51.01121469,0,"5,20073E+18"
90007,5,3,15,0,2020,7,6,2,3,0,1,0,1,0,0,0,0,0,"353628,4484","5646394,76",6.916151074,50.95056194,0,"5,20073E+18"
90019,5,3,15,0,2020,7,6,4,3,5,3,0,1,1,0,0,0,0,"353981,081","5636256,882",6.925223051,50.85954497,0,"5,20073E+18"
90021,5,3,15,0,2020,7,18,5,2,3,2,0,1,1,0,0,0,0,"349461,3206","5653579,442",6.853892849,51.01405186,0,"5,20073E+18"
90031,5,3,15,0,2020,7,6,1,2,9,1,0,0,1,0,0,0,0,"348396,9099","5643287,623",6.843019323,50.92128833,1,"5,20073E+18"
90043,5,3,15,0,2020,7,14,5,3,0,1,0,0,0,0,0,0,1,"352966,4026","5643832,677",6.907766384,50.92736906,0,"5,20073E+18"
90077,5,3,15,0,2020,8,13,3,3,3,6,0,1,0,0,0,1,0,"353896,7488","5646150,023",6.920066295,50.94843065,0,"5,2008E+18"
90095,5,3,15,0,2020,8,15,4,3,5,2,0,1,1,0,0,0,0,"353565,289","5646463,142",6.915225026,50.95116043,0,"5,20081E+18"
90122,5,3,15,0,2020,8,16,4,3,0,1,0,1,0,0,0,0,0,"355944,7004","5644631,466",6.949801459,50.93529907,0,"5,20081E+18"
90148,5,3,15,0,2020,8,14,2,3,5,2,0,1,0,0,0,1,0,"349511,543","5642602,238",6.859148995,50.91542102,0,"5,2008E+18"
90150,5,3,15,0,2020,8,12,5,3,2,6,0,0,1,0,0,0,0,"360717,336","5652473,792",7.014677832,51.00695165,0,"5,20081E+18"
90184,5,3,15,0,2020,8,14,1,3,8,7,0,0,1,0,0,0,1,"361118,9267","5645707,123",7.02298336,50.94623554,0,"5,2008E+18"
90185,5,3,15,0,2020,8,13,1,3,2,6,0,0,1,0,0,0,0,"364278,3535","5649080,785",7.066672724,50.97730861,0,"5,2008E+18"
90188,5,3,15,0,2020,8,14,1,3,3,6,0,0,1,0,1,0,0,"360550,0605","5648894,43",7.013669109,50.97474304,0,"5,2008E+18"