OBJECTID,ULAND,UREGBEZ,UKREIS,UGEMEINDE,UJAHR,UMONAT,USTUNDE,UWOCHENTAG,UKATEGORIE,UART,UTYP1,ULICHTVERH,IstRad,IstPKW,IstFuss,IstKrad,IstGkfz,IstSonstige,LINREFX,LINREFY,XGCSWGS84,YGCSWGS84,USTRZUSTAND,UIDENTSTLAE
90189,5,3,15,0,2020,8,13,1,3,5,2,0,0,1,0,0,0,0,"353956,497","5654044,451",6.917743706,51.01938978,0,"5,2008E+18"
90190,5,3,15,0,2020,8,14,3,3,2,6,0,0,1,0,0,1,0,"349913,077","5650614,807",6.861553927,50.98752905,0,"5,2008E+18"
90193,5,3,15,0,2020,8,19,1,3,2,6,0,0,1,0,0,0,0,"355195,5619","5644842,198",6.939063316,50.93700527,0,"5,2008E+18"
90200,5,3,15,0,2020,8,1,4,2,6,7,2,1,0,1,0,0,0,"354886,3871","5643322,878",6.935270851,50.92327378,0,"5,20081E+18"
90201,5,3,15,0,2020,8,16,3,3,2,6,0,0,1,0,0,0,1,"366000,5019",5634185,7.096659561,50.84383373,0,"5,2008E+18"
90215,5,3,15,0,2020,8,12,3,3,2,7,0,0,1,0,0,0,1,"354344,1141","5644034,15",6.927276432,50.92952914,0,"5,2008E+18"
90225,5,3,15,0,2020,8,13,4,3,2,6,0,0,1,0,0,0,0,"357251,7543","5642728,318",6.969136074,50.91852057,0,"5,20081E+18"
90253,5,3,15,0,2020,8,23,2,2,6,4,2,0,0,1,0,0,1,"356101,054","5643384,984",6.952517218,50.92413615,0,"5,2008E+18"
90280,5,3,15,0,2020,7,19,6,3,4,6,0,1,0,0,0,0,0,"361048,9398","5640861,236",7.023834322,50.90266744,0,"5,20073E+18"
90285,5,3,15,0,2020,7,10,6,3,0,1,0,1,0,0,0,0,0,"363023,5615","5643795,156",7.050798339,50.92950767,0,"5,20073E+18"
90295,5,3,15,0,2020,8,9,3,3,4,5,0,0,1,0,1,0,0,"356339,8801","5647605,808",6.954248379,50.96212761,0,"5,2008E+18"
90298,5,3,15,0,2020,8,13,1,2,2,6,0,0,1,0,1,0,0,"357211,5877","5639132,425",6.969971349,50.88619435,0,"5,2008E+18"
90299,5,3,15,0,2020,7,7,6,3,3,2,0,1,0,0,1,0,0,"361680,2051","5645030,816",7.031225108,50.94029233,0,"5,20073E+18"
90307,5,3,15,0,2020,7,12,6,3,5,2,0,1,1,0,0,0,0,"363631,9677","5648735,517",7.057600239,50.97405286,0,"5,20073E+18"
90312,5,3,15,0,2020,7,18,6,3,5,2,0,1,1,0,0,0,0,"353270,0561","5646782,842",6.91089596,50.95395836,0,"5,20073E+18"
90313,5,3,15,0,2020,8,16,4,3,2,6,0,0,1,0,0,0,0,"351630,4937","5647928,581",6.887102056,50.96383473,0,"5,20081E+18"
90326,5,3,15,0,2020,7,15,6,3,2,6,0,0,1,0,0,0,0,"348048,9433","5645192,389",6.837278311,50.93831342,0,"5,20073E+18"
90332,5,3,15,0,2020,7,7,6,3,2,2,0,0,1,0,0,0,1,"352080,198","5651052,332",6.892230515,50.99202179,0,"5,20073E+18"
90338,5,3,15,0,2020,7,13,6,3,0,1,0,1,0,0,0,0,1,"354238,4265","5645140,569",6.925330989,50.93944551,0,"5,20073E+18"
90339,5,3,15,0,2020,8,18,4,3,5,2,0,1,1,0,0,0,0,"355881,4999","5645980,502",6.948368904,50.94740683,0,"5,20081E+18"
90351,5,3,15,0,2020,7,16,6,3,0,4,0,1,0,1,0,0,0,"353251,9661","5644000,635",6.911759351,50.92895114,0,"5,20073E+18"
90363,5,3,15,0,2020,8,9,7,3,5,3,0,1,0,0,1,0,0,"362800,235","5645224,893",7.047084017,50.94230416,1,"5,2008E+18"
90367,5,3,15,0,2020,8,0,7,3,9,1,2,0,0,0,1,0,0,"358185,608","5644987,731",6.981534126,50.93905624,0,"5,2008E+18"
90368,5,3,15,0,2020,8,17,7,3,3,6,0,1,1,0,0,0,0,"354190,6473","5644842,484",6.924770699,50.93675463,0,"5,2008E+18"
90373,5,3,15,0,2020,8,15,7,3,1,2,0,0,1,0,0,0,0,"356779,7308","5638449,942",6.964103187,50.87995398,0,"5,2008E+18"
90374,5,3,15,0,2020,7,13,6,3,3,3,0,1,1,0,0,0,0,"354860,6607","5643249,105",6.934934422,50.92260433,0,"5,20073E+18"
90378,5,3,15,0,2020,8,23,7,3,5,3,2,1,1,0,0,0,0,"353842,7275","5642331,425",6.920828968,50.91410045,1,"5,2008E+18"
90381,5,3,15,0,2020,8,19,7,3,0,1,0,0,0,0,1,0,0,"356888,2743","5644692,557",6.963197332,50.93608302,0,"5,2008E+18"
90383,5,3,15,0,2020,7,23,6,3,0,1,2,1,0,0,0,0,0,"353684,5044","5642515,212",6.918506034,50.915712,0,"5,20073E+18"
90387,5,3,15,0,2020,7,12,6,3,5,2,0,1,1,0,0,0,0,"355035,9877","5644664,652",6.936864373,50.93536961,0,"5,20073E+18"
90420,5,3,15,0,2020,8,7,4,3,0,7,0,0,1,0,0,0,0,"357211,2817","5634735,573",6.971683076,50.84667949,0,"5,20081E+18"
90436,5,3,15,0,2020,8,10,3,3,8,1,0,0,0,0,0,0,1,"355713,0812","5635198,091",6.950233349,50.85046441,0,"5,2008E+18"
90446,5,3,15,0,2020,8,11,4,3,3,6,0,0,1,0,1,0,0,"356219,8182","5643986,203",6.953968818,50.92956884,0,"5,20081E+18"
90472,5,3,15,0,2020,8,16,2,3,3,6,0,1,0,0,0,0,0,"358419,3577","5640540,937",6.986584984,50.89915006,0,"5,2008E+18"
90474,5,3,15,0,2020,8,15,5,3,2,6,0,0,1,0,0,0,0,"349066,2408","5647996,92",6.850583984,50.96378279,0,"5,20081E+18"
90514,5,3,15,0,2020,8,12,3,3,1,5,0,0,0,0,1,1,0,"360193,8252","5635166,764",7.013858079,50.85128322,0,"5,2008E+18"
90524,5,3,15,0,2020,8,11,4,3,0,4,0,0,0,1,0,0,1,"356113,7799","5644639,57",6.952202958,50.93541412,0,"5,20081E+18"
90528,5,3,15,0,2020,8,12,7,3,2,6,0,0,1,0,0,0,0,"362281,3321","5645544,861",7.039581531,50.94505611,1,"5,2008E+18"
90604,5,3,15,0,2020,8,12,6,3,1,6,0,0,1,0,0,0,1,"358314,41","5642999,189",6.984139099,50.9212168,0,"5,20081E+18"
90614,5,3,15,0,2020,8,7,6,3,5,3,0,0,1,0,0,0,0,"354877,0245","5644798,28",6.934550354,50.93653051,0,"5,20081E+18"
90641,5,3,15,0,2020,8,16,5,3,2,6,0,0,1,0,0,0,1,"349241,7114","5649528,147",6.852446207,50.97758867,0,"5,20081E+18"
90669,5,3,15,0,2020,8,16,6,3,0,2,0,0,1,0,1,0,0,"356289,751","5648106,696",6.953337159,50.96661649,0,"5,20081E+18"
90678,5,3,15,0,2020,8,13,5,3,5,3,0,0,1,0,1,0,0,"353790,0127","5646227,553",6.918516735,50.94910032,0,"5,20081E+18"
90682,5,3,15,0,2020,8,10,5,3,3,7,0,0,1,0,0,1,0,"356278,6541","5635053,184",6.958319394,50.84930294,0,"5,20081E+18"
90691,5,3,15,0,2020,8,18,5,2,6,4,0,0,0,1,0,0,1,"354933,9916","5644795,438",6.935361701,50.9365193,0,"5,20081E+18"
90698,5,3,15,0,2020,8,13,7,3,9,7,0,0,1,0,0,0,0,"363575,8351","5646014,224",7.057821507,50.94958225,0,"5,20081E+18"
90712,5,3,15,0,2020,8,16,6,2,0,6,0,0,1,0,1,0,0,"361265,9036","5646139,478",7.024909571,50.95015661,0,"5,20081E+18"
90723,5,3,15,0,2020,8,12,6,3,5,3,0,0,1,0,1,0,0,"354183,5034","5644842,735",6.924668994,50.93675508,0,"5,20081E+18"
90779,5,3,15,0,2020,8,17,6,3,1,7,0,0,1,0,0,0,0,"356996,6657","5654249,656",6.960979161,51.02199805,0,"5,20081E+18"
90829,5,3,15,0,2020,8,17,6,3,6,4,0,0,1,1,0,0,0,"348496,3339","5642906,836",6.844591004,50.9178926,0,"5,20081E+18"
90856,5,3,15,0,2020,8,11,3,3,0,7,0,1,0,0,0,0,0,"353688,4596","5641625,805",6.918918874,50.90772017,0,"5,20081E+18"
90898,5,3,15,0,2020,8,14,3,3,5,3,0,1,1,0,0,0,0,"363533,9366","5641448,447",7.058934608,50.90853769,0,"5,20081E+18"
90911,5,3,15,0,2020,8,17,3,3,4,6,0,1,0,0,0,0,1,"356789,908","5644685,192",6.961801199,50.93599241,0,"5,20081E+18"
90952,5,3,15,0,2020,8,16,3,3,1,5,0,1,1,0,0,0,0,"359752,3117","5647324,974",7.002918442,50.96044448,0,"5,20081E+18"
90981,5,3,15,0,2020,8,3,2,3,8,6,2,0,1,0,0,1,0,"347992,5575","5659560,314",6.830460059,51.0674096,0,"5,20081E+18"
91001,5,3,15,0,2020,8,11,2,3,5,2,0,1,1,0,0,0,0,"360357,3043","5644988,59",7.012423841,50.93959397,0,"5,20081E+18"
91003,5,3,15,0,2020,8,16,1,3,5,3,0,1,1,0,0,0,0,"350173,2852","5645085,317",6.86753558,50.93790709,0,"5,20081E+18"
91004,5,3,15,0,2020,8,20,1,3,0,2,1,1,1,0,0,0,0,"356995,221","5643477,316",6.965195161,50.92518826,1,"5,20081E+18"
91005,5,3,15,0,2020,8,10,2,2,6,4,0,1,0,1,0,0,0,"356298,1148","5648002,688",6.953497278,50.96568387,0,"5,20081E+18"
91006,5,3,15,0,2020,8,15,1,3,3,6,0,1,1,0,0,0,0,"356609,023","5643036,558",6.959877007,50.92113135,0,"5,20081E+18"
91010,5,3,15,0,2020,8,16,2,2,1,5,0,0,1,0,0,0,0,"356741,4199","5654847,509",6.957105967,51.02730726,0,"5,20081E+18"
91015,5,3,15,0,2020,8,14,2,3,5,3,0,0,1,0,1,0,0,"356323,291","5647748,606",6.953955919,50.96340677,0,"5,20081E+18"
91027,5,3,15,0,2020,8,15,2,3,3,2,0,1,0,0,0,0,1,"349511,4954","5642602,394",6.859148254,50.91542241,0,"5,20081E+18"
91030,5,3,15,0,2020,8,14,3,3,2,6,0,0,1,0,0,0,0,"354789,4125","5644683,092",6.933350192,50.93547329,0,"5,20081E+18"
91035,5,3,15,0,2020,8,13,2,3,3,6,0,1,1,0,0,1,0,"354323,411","5642492,883",6.927597708,50.91567296,0,"5,20081E+18"
91036,5,3,15,0,2020,8,20,2,3,3,6,0,0,1,0,1,0,0,"356620,553","5646263,425",6.958771299,50.95013372,0,"5,20081E+18"
91073,5,3,15,0,2020,8,9,3,3,1,7,0,0,0,0,1,1,0,"358945,058","5644594,396",6.992488648,50.93570758,0,"5,20081E+18"
91130,5,3,15,0,2020,8,16,7,3,5,3,0,0,1,0,1,0,0,"363026,725","5638035,488",7.053004356,50.8777437,0,"5,20081E+18"
91132,5,3,15,0,2020,8,10,7,2,3,6,0,1,0,0,0,0,0,"368184,2289","5639183,281",7.125858594,50.8892594,0,"5,20081E+18"
91134,5,3,15,0,2020,8,11,7,3,6,2,0,0,1,1,0,0,0,"349407,92","5642980,435",6.857519831,50.91879259,0,"5,20081E+18"
91136,5,3,15,0,2020,8,22,7,3,5,2,2,1,1,0,0,0,0,"355304,1781","5645503,009",6.94034568,50.94297109,0,"5,20081E+18"
91154,5,3,15,0,2020,8,7,4,3,3,6,0,0,1,0,0,0,1,"365190,256","5642859,299",7.081958229,50.92160704,0,"5,20081E+18"
91166,5,3,15,0,2020,8,19,4,3,2,7,0,1,0,0,0,0,0,"356481,1759","5646276,149",6.956783383,50.95021337,1,"5,20081E+18"
91193,5,3,15,0,2020,8,14,5,3,5,2,0,1,1,0,0,0,0,"354480,482","5641764,171",6.93012126,50.90916383,0,"5,20081E+18"
91201,5,3,15,0,2020,8,18,5,2,9,1,0,0,0,0,1,0,0,"352464,2633","5651162,188",6.89765465,50.99310759,1,"5,20081E+18"
91214,5,3,15,0,2020,8,8,4,2,2,2,0,1,1,0,0,0,0,"353378,3067","5655049,98",6.909099236,51.02827879,1,"5,20081E+18"
91250,5,3,15,0,2020,8,13,4,3,2,6,0,0,1,0,0,1,0,"361364,2268","5649167,779",7.025154504,50.97739624,0,"5,20081E+18"
91257,5,3,15,0,2020,8,17,5,3,0,1,0,0,0,0,1,0,0,"356350,0786","5647501,7",6.95443461,50.96119454,0,"5,20081E+18"
91267,5,3,15,0,2020,8,4,4,2,9,1,2,0,1,0,0,0,0,"358249,3202","5644581,433",6.982598411,50.9354205,1,"5,20081E+18"
91295,5,3,15,0,2020,8,14,4,3,5,2,0,1,1,0,0,0,0,"353843,1281","5642330,959",6.920834849,50.91409637,0,"5,20081E+18"
91321,5,3,15,0,2020,8,17,5,3,0,1,0,1,0,0,0,0,0,"358537,4858","5640417,077",6.988311755,50.89806587,1,"5,20081E+18"
91342,5,3,15,0,2020,8,22,4,3,0,2,2,0,1,0,0,0,0,"358600,784","5642688,24",6.988331405,50.91849253,1,"5,20081E+18"
91346,5,3,15,0,2020,8,17,6,3,3,6,0,0,1,0,0,0,0,"353810,02","5648881,051",6.917735316,50.97295137,0,"5,20081E+18"
91421,5,3,15,0,2020,8,14,4,2,0,7,0,1,0,0,0,0,0,"357339,2359","5637502,093",6.972421107,50.87157402,1,"5,20081E+18"
91443,5,3,15,0,2020,8,12,5,3,5,2,0,1,0,0,0,0,0,"353990,0503","5646084,123",6.921420028,50.94786207,0,"5,20081E+18"
91500,5,3,15,0,2020,8,10,1,3,5,3,0,1,1,0,0,0,0,"359872,848","5649175,082",7.003920942,50.9771009,0,"5,20082E+18"
91502,5,3,15,0,2020,8,20,1,3,0,1,0,0,0,0,1,0,0,"356063,7606","5651135,259",6.948921609,50.99377705,1,"5,20082E+18"
91503,5,3,15,0,2020,8,16,1,3,0,1,0,1,0,0,0,0,0,"356702,3663","5638357,493",6.963040419,50.87910396,0,"5,20082E+18"
91505,5,3,15,0,2020,8,7,2,3,0,7,0,0,0,0,1,0,0,"349530,2296","5648675,962",6.856905717,50.9700062,1,"5,20082E+18"
91554,5,3,15,0,2020,8,19,3,3,3,3,1,0,1,0,0,1,0,"360621,6203","5650226,699",7.014176871,50.98673363,1,"5,20082E+18"
91567,5,3,15,0,2020,8,12,2,2,6,4,0,0,1,1,0,0,0,"353354,4662","5645735,834",6.91251858,50.9445708,0,"5,20082E+18"
91641,5,3,15,0,2020,8,20,2,2,6,4,0,0,0,1,1,0,0,"358711,619","5644176,429",6.98933054,50.93189415,0,"5,20082E+18"
91656,5,3,15,0,2020,8,18,2,3,0,1,0,0,0,0,1,0,0,"355705,1108","5645874,799",6.945901484,50.94641277,0,"5,20082E+18"
91670,5,3,15,0,2020,8,21,7,3,5,2,2,0,1,0,0,0,0,"358974,9127","5644712,448",6.992867577,50.93677583,0,"5,20082E+18"
91672,5,3,15,0,2020,8,14,7,2,0,1,0,1,0,0,0,0,0,"350097,2139","5645081,836",6.866455102,50.93785603,0,"5,20082E+18"
91674,5,3,15,0,2020,8,3,7,3,8,1,2,1,0,0,0,0,0,"351475,9713","5644626,108",6.886250159,50.9341174,0,"5,20082E+18"
91677,5,3,15,0,2020,8,4,7,3,3,6,2,0,1,0,0,0,0,"354654,8737","5646842,451",6.930575026,50.95484494,0,"5,20082E+18"
91679,5,3,15,0,2020,8,21,7,3,0,1,2,1,0,0,0,0,0,"357174,9272","5638784,274",6.969586552,50.88305645,1,"5,20082E+18"
91681,5,3,15,0,2020,8,17,7,3,0,1,0,1,0,0,0,0,0,"354473,7022","5641781,707",6.930017899,50.90931972,0,"5,20082E+18"
91683,5,3,15,0,2020,8,17,7,3,0,1,0,0,0,0,0,0,1,"355026,2427","5645375,798",6.936442813,50.94175806,0,"5,20082E+18"
91689,5,3,15,0,2020,8,16,3,3,2,6,0,0,1,0,0,0,0,"356898,961","5634232,883",6.967445912,50.84208461,1,"5,20082E+18"
91701,5,3,15,0,2020,8,14,6,3,0,7,0,0,0,0,1,0,0,"361132,5839","5645704,84",7.023178522,50.94621831,0,"5,20081E+18"
91706,5,3,15,0,2020,8,9,2,3,5,4,0,0,0,1,0,0,1,"354477,5717","5645752,312",6.928488051,50.94500346,0,"5,20082E+18"
91708,5,3,15,0,2020,8,19,6,3,6,4,0,0,1,1,0,0,0,"360117,8562","5647225,263",7.008158637,50.95963723,0,"5,20081E+18"
91722,5,3,15,0,2020,8,11,6,3,0,5,0,1,1,0,0,0,0,"362426,6357","5651711,78",7.039315475,51.00051462,0,"5,20081E+18"
91729,5,3,15,0,2020,8,16,6,3,5,2,0,1,1,0,0,0,0,"356578,8617","5647104,728",6.957846702,50.95768401,0,"5,20081E+18"
91733,5,3,15,0,2020,8,17,6,3,2,6,0,0,1,0,0,0,0,"354477,5189","5645754,819",6.928486299,50.94502598,0,"5,20081E+18"
91736,5,3,15,0,2020,8,17,6,3,1,7,0,1,1,0,0,0,0,"347532,662","5648125,864",6.828707261,50.96453769,0,"5,20081E+18"
91740,5,3,15,0,2020,8,15,6,2,2,6,0,0,1,0,0,0,0,"350086,9856","5648839,663",6.864762041,50.97162243,0,"5,20081E+18"
91746,5,3,15,0,2020,8,17,6,3,0,6,0,0,1,0,1,0,0,"350398,391","5648524,626",6.869323747,50.96887237,0,"5,20081E+18"
91750,5,3,15,0,2020,8,17,6,3,3,2,0,1,1,0,0,0,0,"353049,4335","5644914,723",6.908510784,50.93711413,0,"5,20081E+18"
91768,5,3,15,0,2020,8,17,2,3,1,5,0,1,1,0,0,0,0,"354232,4787","5645913,402",6.924937122,50.94638921,0,"5,20082E+18"
91781,5,3,15,0,2020,8,0,7,3,3,6,2,0,1,0,0,0,0,"361149,4297","5642369,194",7.024688855,50.91624407,1,"5,20082E+18"
91791,5,3,15,0,2020,8,17,3,3,2,6,0,0,1,0,0,0,0,"358521,5484",5640433,6.988079096,50.89820506,1,"5,20082E+18"
91798,5,3,15,0,2020,8,19,3,3,5,5,0,0,1,0,1,0,0,"352211,3248","5643669,539",6.897095751,50.92571006,1,"5,20082E+18"
91801,5,3,15,0,2020,8,18,3,3,0,5,0,0,1,0,1,0,0,"357023,5497","5646321,437",6.964481925,50.95075516,1,"5,20082E+18"
91804,5,3,15,0,2020,8,6,3,3,5,2,0,1,0,0,0,0,1,"356588,1421","5646355,991",6.958273733,50.95095753,0,"5,20082E+18"
91814,5,3,15,0,2020,8,16,4,2,2,6,0,0,1,0,0,0,1,"350004,0518","5650675,715",6.86282403,50.9881001,0,"5,20082E+18"
91838,5,3,15,0,2020,8,14,6,3,9,6,0,0,1,0,0,0,0,"352522,4495","5640982,762",6.902605591,50.90164469,0,"5,20082E+18"
91856,5,3,15,0,2020,8,12,5,3,2,6,0,0,1,0,0,0,1,"353292,316","5644024,339",6.912323587,50.92917442,0,"5,20082E+18"
91880,5,3,15,0,2020,8,12,5,3,3,6,0,0,1,0,0,1,0,"356733,2132","5638921,954",6.963257373,50.88418441,0,"5,20082E+18"
91883,5,3,15,0,2020,8,16,4,3,2,6,0,0,1,0,0,0,0,"357123,1179","5638833,68",6.968831208,50.88348766,0,"5,20082E+18"
91884,5,3,15,0,2020,8,10,4,3,5,6,0,0,1,0,0,0,0,"355375,3995","5648312,943",6.940242305,50.96824115,0,"5,20082E+18"
91909,5,3,15,0,2020,8,20,5,3,0,7,0,1,1,0,0,0,0,"346606,9491","5645269,106",6.816737946,50.93862102,0,"5,20082E+18"
91954,5,3,15,0,2020,8,23,4,2,4,6,2,1,0,0,0,0,1,"353565,2827","5644852,808",6.91587234,50.93668895,1,"5,20082E+18"
91989,5,3,15,0,2020,8,16,3,3,2,6,0,0,1,0,0,1,0,"359841,7518","5645840,547",7.00476275,50.94712554,1,"5,20082E+18"
92000,5,3,15,0,2020,8,16,5,3,1,6,0,0,1,0,0,0,0,"354299,7713","5644202,404",6.926578612,50.93102999,0,"5,20082E+18"
92004,5,3,15,0,2020,8,17,3,3,6,4,0,0,1,1,0,0,0,"353574,7024","5646452,951",6.915363047,50.95107123,1,"5,20082E+18"
92025,5,3,15,0,2020,8,10,5,2,1,7,0,0,1,0,0,1,0,"359625,6415","5641718,033",7.003275705,50.91002334,0,"5,20082E+18"
92055,5,3,15,0,2020,8,7,5,3,3,6,0,1,1,0,0,0,0,"365271,5575","5635788,463",7.085721739,50.8580759,0,"5,20082E+18"
92059,5,3,15,0,2020,8,19,3,3,0,1,1,1,0,0,0,0,0,"352715,154","5651245,883",6.901193269,50.99392397,1,"5,20082E+18"
92062,5,3,15,0,2020,8,16,3,3,5,2,0,0,1,0,0,0,0,"351289,8561","5645234,239",6.883355169,50.93953439,0,"5,20082E+18"
92068,5,3,15,0,2020,8,18,5,3,5,3,0,1,1,0,0,0,0,"357839,77","5639945,226",6.978580029,50.89365398,0,"5,20082E+18"
92072,5,3,15,0,2020,8,15,3,2,7,7,0,0,1,1,0,0,0,"352131,8942","5647535,164",6.894397105,50.9604282,0,"5,20082E+18"
92096,5,3,15,0,2020,8,14,4,3,4,6,0,1,0,0,0,0,0,"352708,9119","5656725,658",6.898879,51.04316596,0,"5,20082E+18"
92121,5,3,15,0,2020,8,20,5,3,6,4,1,1,0,1,0,0,0,"353577,4005","5646450,029",6.915402607,50.95104566,0,"5,20082E+18"
92128,5,3,15,0,2020,8,15,3,3,5,2,0,1,1,0,0,0,0,"353560,941","5642776,263",6.916644663,50.91802664,0,"5,20082E+18"
92130,5,3,15,0,2020,8,15,5,3,2,6,0,0,1,0,0,0,1,"366029,1714","5636205,72",7.096327126,50.86200211,0,"5,20082E+18"
92188,5,3,15,0,2020,8,12,6,3,2,6,0,0,1,0,0,0,0,"352482,4902","5651122,02",6.897930505,50.99275129,0,"5,20082E+18"
92189,5,3,15,0,2020,8,17,2,3,0,5,0,1,1,0,0,0,0,"353196,5974","5645187,51",6.91049391,50.93960304,0,"5,20082E+18"
92190,5,3,15,0,2020,8,4,6,3,9,1,2,0,1,0,0,0,0,"361408,8277","5646189,383",7.026924026,50.95063949,0,"5,20082E+18"
92193,5,3,15,0,2020,8,17,6,3,5,3,0,1,1,0,0,0,0,"362638,2898","5643839,071",7.045302706,50.92981073,0,"5,20082E+18"
92202,5,3,15,0,2020,8,14,6,3,2,6,0,0,1,0,1,0,0,"363265,3469","5649226,74",7.052196638,50.97838071,0,"5,20082E+18"
92209,5,3,15,0,2020,8,14,6,3,2,6,0,0,1,0,0,0,0,"357358,25","5646885,56",6.969022718,50.95590782,0,"5,20082E+18"
92218,5,3,15,0,2020,8,7,6,3,5,3,0,1,1,0,0,0,0,"351147,4668","5651578,506",6.878733714,50.9965097,0,"5,20082E+18"
92225,5,3,15,0,2020,8,14,6,3,2,6,0,0,1,0,0,1,0,"352816,6651","5651762,942",6.902429201,50.99859647,0,"5,20082E+18"
92228,5,3,15,0,2020,8,16,6,3,2,7,0,1,1,0,0,0,0,"354366,8715","5645819,298",6.926886551,50.94557749,0,"5,20082E+18"
92231,5,3,15,0,2020,8,9,6,3,2,6,0,0,1,0,0,0,0,"353354,2841","5645747,952",6.912511111,50.94467965,0,"5,20082E+18"
92233,5,3,15,0,2020,8,10,6,3,5,3,0,1,1,0,0,0,0,"358480,3485","5640474,255",6.987477604,50.89856573,0,"5,20082E+18"
92236,5,3,15,0,2020,8,13,6,3,2,6,0,0,1,0,0,0,0,"358787,612","5639496,041",6.992222443,50.88984961,0,"5,20082E+18"
92246,5,3,15,0,2020,8,23,6,3,0,1,2,1,0,0,0,0,0,"354608,1281","5644812,082",6.930720469,50.93658681,0,"5,20082E+18"
92249,5,3,15,0,2020,8,21,6,3,2,2,2,0,1,0,1,0,0,"356828,523","5644146,382",6.962562072,50.93115976,0,"5,20082E+18"
92255,5,3,15,0,2020,8,15,7,3,5,3,0,1,0,0,1,0,0,"359734,3181","5641611,5",7.004861494,50.90909233,0,"5,20082E+18"
92257,5,3,15,0,2020,8,14,7,3,5,3,0,1,0,0,0,0,1,"361678,9923","5645032,532",7.031207205,50.94030746,0,"5,20082E+18"
92259,5,3,15,0,2020,8,16,7,3,5,2,0,1,1,0,0,0,0,"350831,3735","5652381,313",6.873902616,51.00364212,0,"5,20082E+18"
92261,5,3,15,0,2020,8,14,7,3,2,6,0,0,1,0,0,0,0,"349408,2012","5658083,08",6.85126452,51.0545082,0,"5,20082E+18"
92262,5,3,15,0,2020,8,0,7,2,6,6,2,0,0,1,0,0,1,"354219,2508","5644818,424",6.925187138,50.93654564,0,"5,20082E+18"
92263,5,3,15,0,2020,8,11,2,3,2,6,0,1,0,0,0,0,0,"355481,5288","5645759,737",6.942766551,50.94532273,0,"5,20082E+18"
92264,5,3,15,0,2020,8,15,6,3,0,6,0,0,1,0,0,0,0,"355207,4764","5644913,124",6.939204588,50.93764565,0,"5,20082E+18"
92265,5,3,15,0,2020,8,0,7,2,1,6,2,0,1,0,0,0,0,"353434,8302","5641244,693",6.915466917,50.9042309,0,"5,20082E+18"
92269,5,3,15,0,2020,8,10,7,3,3,6,0,0,1,0,1,0,0,"352528,1633","5643730,795",6.901576075,50.92634162,0,"5,20082E+18"
92286,5,3,15,0,2020,8,9,1,3,0,7,0,0,0,0,0,0,1,"353795,1136","5648517,097",6.917669466,50.96967688,0,"5,20082E+18"
92296,5,3,15,0,2020,8,19,1,3,2,6,1,0,1,0,1,0,0,"353345,7821","5646701,586",6.912006096,50.95324742,0,"5,20082E+18"
92302,5,3,15,0,2020,8,0,1,3,2,6,2,0,1,0,0,0,1,"355269,7376","5645231,161",6.939963786,50.94051941,0,"5,20082E+18"
92318,5,3,15,0,2020,8,11,3,3,0,7,0,0,1,0,0,0,0,"350929,162","5642168,671",6.879478367,50.91189269,0,"5,20083E+18"
92321,5,3,15,0,2020,8,17,2,3,6,4,0,1,0,1,0,0,0,"353625,0778","5646398,409",6.916101654,50.95059388,0,"5,20082E+18"
92419,5,3,15,0,2020,8,13,2,3,0,7,0,0,0,0,1,0,0,"353400,9589","5648973,855",6.911875552,50.97368138,0,"5,20082E+18"
92475,5,3,15,0,2020,8,11,2,2,5,6,0,0,0,0,1,0,1,"359571,8289","5646858,832",7.000529964,50.95621127,0,"5,20082E+18"
92530,5,3,15,0,2020,8,7,5,3,4,6,0,1,0,0,0,0,0,"351482,6444","5650936,609",6.883769245,50.99082798,0,"5,20083E+18"
92550,5,3,15,0,2020,8,12,6,3,5,2,0,1,1,0,0,0,0,"355289,7969","5645354,194",6.940200232,50.94163012,0,"5,20083E+18"
92561,5,3,15,0,2020,8,13,4,3,5,2,0,0,1,0,0,0,0,"356573,599","5647115,222",6.957767682,50.95777701,0,"5,20083E+18"
92569,5,3,15,0,2020,8,13,7,3,0,7,0,1,0,0,0,0,0,"355262,6278","5645194,08",6.939877389,50.94018439,0,"5,20083E+18"
92577,5,3,15,0,2020,8,16,7,3,1,6,0,0,1,0,0,0,0,"362983,9185","5648390,983",7.048505084,50.9708026,0,"5,20083E+18"
92611,5,3,15,0,2020,8,18,5,3,5,2,0,1,1,0,0,0,0,"356354,35","5643200,065",6.956191658,50.92253742,0,"5,20083E+18"
92612,5,3,15,0,2020,8,11,6,3,6,7,0,0,1,1,0,0,0,"356337,5051","5647625,168",6.954206938,50.96230099,0,"5,20083E+18"
92641,5,3,15,0,2020,8,15,5,3,3,6,0,0,1,0,0,1,0,"353813,0469","5639976,821",6.921349888,50.89293276,0,"5,20083E+18"
92645,5,3,15,0,2020,8,9,4,3,2,2,0,0,1,0,0,0,1,"350814,006","5648458,934",6.87526566,50.96838983,0,"5,20083E+18"
92659,5,3,15,0,2020,8,19,7,2,5,3,0,1,1,0,0,0,0,"352229,4565","5647453,115",6.895818682,50.9597159,0,"5,20083E+18"
92696,5,3,15,0,2020,8,20,6,3,0,1,1,1,0,0,0,0,0,"353937,5745","5646739,445",6.920410622,50.95373792,0,"5,20083E+18"