OBJECTID,ULAND,UREGBEZ,UKREIS,UGEMEINDE,UJAHR,UMONAT,USTUNDE,UWOCHENTAG,UKATEGORIE,UART,UTYP1,ULICHTVERH,IstRad,IstPKW,IstFuss,IstKrad,IstGkfz,IstSonstige,LINREFX,LINREFY,XGCSWGS84,YGCSWGS84,USTRZUSTAND,UIDENTSTLAE
95841,5,3,15,0,2020,9,22,2,2,6,4,2,0,1,1,0,0,0,"360566,105","5648908,637",7.013892053,50.9748746,0,"5,20092E+18"
95842,5,3,15,0,2020,9,8,2,3,4,6,0,0,1,0,0,1,1,"352600,5404","5656892,787",6.897266163,51.04464005,0,"5,20092E+18"
95844,5,3,15,0,2020,9,11,2,3,0,1,0,0,0,0,1,0,0,"355733,5255","5650537,589",6.944456388,50.98832327,0,"5,20092E+18"
95845,5,3,15,0,2020,9,15,2,3,3,3,0,1,0,0,0,0,1,"348697,3635","5645159,333",6.846514028,50.93818686,0,"5,20092E+18"
95846,5,3,15,0,2020,9,13,2,3,0,6,0,0,0,0,1,0,1,"356876,294","5644336,76",6.963166673,50.93288253,0,"5,20092E+18"
95915,5,3,15,0,2020,9,20,1,2,5,3,2,1,0,0,0,0,1,"354828,66","5643229,014",6.934487425,50.92241572,0,"5,20093E+18"
95916,5,3,15,0,2020,9,0,1,3,9,7,2,0,1,0,0,0,0,"353351,5235","5644888,334",6.912817878,50.93695389,1,"5,20093E+18"
95987,5,3,15,0,2020,9,21,7,3,2,6,2,0,1,0,0,0,0,"363658,2829","5643591,209",7.059901278,50.92782508,1,"5,20093E+18"
95989,5,3,15,0,2020,9,14,7,3,3,2,0,0,1,0,0,0,0,"358327,3854","5645577,475",6.983321369,50.94439113,1,"5,20093E+18"
95991,5,3,15,0,2020,9,13,7,3,2,6,0,0,1,0,0,0,0,"357298,7958","5647175,838",6.968062947,50.95850181,0,"5,20093E+18"
95992,5,3,15,0,2020,9,17,7,3,2,6,0,0,1,0,0,0,0,"354639,5723","5645956,358",6.93071108,50.94687804,1,"5,20093E+18"
96057,5,3,15,0,2020,9,16,2,2,1,6,0,0,1,0,0,0,0,"359156,2393","5643474,424",6.99592499,50.9256939,1,"5,20093E+18"
96067,5,3,15,0,2020,9,17,2,2,6,4,0,0,1,1,0,0,0,"354032,6113","5646054,368",6.922037422,50.94760545,1,"5,20093E+18"
96068,5,3,15,0,2020,9,15,7,3,2,6,0,0,1,0,0,0,0,"363599,2632","5643288,148",7.059175342,50.92508738,1,"5,20093E+18"
96075,5,3,15,0,2020,9,10,2,3,2,6,0,0,1,0,0,0,0,354000,"5642159,908",6.923133318,50.91259888,1,"5,20093E+18"
96094,5,3,15,0,2020,9,11,2,3,0,1,0,1,0,0,0,0,0,"355286,2423","5644185,338",6.940613867,50.93112497,1,"5,20093E+18"
96117,5,3,15,0,2020,9,13,6,2,2,6,0,0,1,0,0,0,1,"352959,161","5650367,958",6.905023223,50.98609689,0,"5,20093E+18"
96119,5,3,15,0,2020,9,20,6,3,0,1,2,0,0,0,0,0,1,"361192,499","5644181,27",7.024611368,50.93254005,1,"5,20093E+18"
96120,5,3,15,0,2020,9,16,6,3,2,2,0,0,1,0,0,0,0,"362677,6494","5643151,094",7.046121584,50.92363699,0,"5,20093E+18"
96122,5,3,15,0,2020,9,9,6,2,5,3,0,0,1,0,1,0,0,"362225,4894","5645079,922",7.03896297,50.94086421,0,"5,20093E+18"
96123,5,3,15,0,2020,9,15,6,2,5,3,0,1,1,0,0,0,0,"360683,2716","5648997,106",7.015526013,50.97569804,0,"5,20093E+18"
96125,5,3,15,0,2020,9,23,6,3,0,1,2,0,0,0,0,0,1,"359315,4958","5647732,236",6.996544916,50.96399808,1,"5,20093E+18"
96126,5,3,15,0,2020,9,1,6,3,1,5,2,0,1,0,0,0,0,"358470,9539","5644700,264",6.985704473,50.93654287,1,"5,20093E+18"
96127,5,3,15,0,2020,9,18,6,3,2,6,1,0,1,0,0,0,1,"356012,3229","5646894,025",6.949868702,50.95564918,1,"5,20093E+18"
96129,5,3,15,0,2020,9,13,6,3,2,1,0,0,1,0,0,0,0,"359016,9436","5637093,681",6.996407425,50.86831518,0,"5,20093E+18"
96130,5,3,15,0,2020,9,13,6,3,1,6,0,0,1,0,0,0,0,"353855,2788","5644329,19",6.92020677,50.93205693,0,"5,20093E+18"
96131,5,3,15,0,2020,9,1,6,3,7,1,2,1,0,0,0,0,0,"357483,939","5642070,477",6.97269411,50.91266595,1,"5,20093E+18"
96132,5,3,15,0,2020,9,7,6,3,5,2,0,1,1,0,0,0,0,"353064,1396","5644913,028",6.908720624,50.93710265,0,"5,20093E+18"
96133,5,3,15,0,2020,9,15,6,3,6,4,0,1,0,1,0,0,0,"356507,6041","5646348,151",6.957130998,50.95086703,0,"5,20093E+18"
96134,5,3,15,0,2020,9,18,6,3,0,1,1,0,0,0,1,0,0,"355269,9475","5645232,252",6.939966338,50.94052927,1,"5,20093E+18"
96243,5,3,15,0,2020,9,7,5,2,9,1,0,0,1,0,0,1,0,"361716,7078","5648128,524",7.030567577,50.96814098,0,"5,20092E+18"
96244,5,3,15,0,2020,9,5,5,2,8,7,2,0,1,0,0,0,0,"366537,3418","5638673,719",7.10264309,50.88430143,1,"5,20092E+18"
96245,5,3,15,0,2020,9,20,5,3,2,6,2,0,1,0,0,0,0,"363305,1109","5641904,363",7.055511061,50.91258107,0,"5,20092E+18"
96246,5,3,15,0,2020,9,9,5,3,2,6,0,0,1,0,0,0,1,"352386,8696","5651341,074",6.896479902,50.99469529,0,"5,20092E+18"
96247,5,3,15,0,2020,9,15,5,3,5,2,0,1,0,0,1,0,0,"354299,9356","5644201,913",6.926581145,50.93102562,0,"5,20092E+18"
96249,5,3,15,0,2020,9,16,5,2,6,7,0,0,0,1,0,0,1,"355236,0873","5644666,792",6.939709381,50.93543911,0,"5,20092E+18"
96253,5,3,15,0,2020,9,18,3,2,7,7,0,1,0,0,0,0,0,"355230,9773","5645032,974",6.93949122,50.93872861,0,"5,20093E+18"
96268,5,3,15,0,2020,10,13,5,3,6,4,0,0,1,1,0,0,0,"354673,3465","5643025,244",6.932360345,50.92054539,0,"5,201E+18"
96270,5,3,15,0,2020,10,18,7,3,0,1,0,1,0,0,0,0,0,"363301,6591","5639599,255",7.05632506,50.89186317,1,"5,201E+18"
96343,5,3,15,0,2020,10,10,6,3,2,6,0,0,1,0,0,0,0,"360631,1829","5645034,702",7.016301896,50.94007465,0,"5,201E+18"
96353,5,3,15,0,2020,9,20,4,2,2,6,2,0,1,0,1,0,0,"359865,963","5649198,837",7.003813773,50.97731271,1,"5,20093E+18"
96360,5,3,15,0,2020,10,13,5,3,5,3,0,1,1,0,0,0,0,"356178,026","5644621,334",6.953123886,50.93526625,0,"5,201E+18"
96367,5,3,15,0,2020,10,17,5,3,5,3,0,1,1,0,0,0,0,"350300,5749","5659607,073",6.863357378,51.06843634,1,"5,201E+18"
96417,5,3,15,0,2020,9,15,3,2,9,1,0,0,0,0,1,0,0,"352413,271","5651019,83",6.896986389,50.99181522,1,"5,20093E+18"
96436,5,3,15,0,2020,10,14,6,2,5,3,0,1,1,0,0,0,0,"349433,437","5642897,611",6.857916778,50.91805497,0,"5,201E+18"
96440,5,3,15,0,2020,9,13,3,3,1,6,0,0,1,0,0,0,0,"362723,302","5646425,566",7.045537,50.95307672,1,"5,20093E+18"
96447,5,3,15,0,2020,9,7,4,3,1,6,0,1,0,0,0,0,0,"348154,3818","5647010,528",6.838019818,50.95467931,1,"5,20093E+18"
96453,5,3,15,0,2020,9,7,4,3,9,1,1,0,1,0,0,0,0,"366599,6436","5645636,029",7.100982401,50.94689092,1,"5,20093E+18"
96461,5,3,15,0,2020,10,17,5,3,0,1,0,0,1,1,0,0,0,"347422,6409","5648223,709",6.827100616,50.96538781,1,"5,201E+18"
96498,5,3,15,0,2020,9,11,3,3,2,6,0,0,1,0,0,0,1,"360551,089","5646400,764",7.014639539,50.95233233,0,"5,20093E+18"
96522,5,3,15,0,2020,9,17,3,3,2,7,0,0,1,0,1,0,0,"355845,12","5650268,281",6.946152169,50.98593103,0,"5,20093E+18"
96536,5,3,15,0,2020,10,18,5,2,5,3,1,1,1,0,0,0,0,"359226,8974","5652987,129",6.993247986,51.01120219,1,"5,201E+18"
96540,5,3,15,0,2020,10,12,6,2,5,2,0,0,1,0,0,1,0,"363475,46","5640205,144",7.058568301,50.8973497,0,"5,201E+18"
96544,5,3,15,0,2020,9,11,3,3,0,7,0,1,0,0,0,0,0,"353925,1225","5646746,82",6.920230499,50.95380105,1,"5,20093E+18"
96550,5,3,15,0,2020,9,13,4,3,1,6,0,0,1,0,0,0,0,"360994,1522","5644263,825",7.021758978,50.93323422,0,"5,20093E+18"
96558,5,3,15,0,2020,10,16,5,3,3,6,0,1,1,0,0,0,0,"354741,601","5644805,463",6.932621428,50.93656097,1,"5,201E+18"
96560,5,3,15,0,2020,10,2,7,3,1,7,2,1,1,0,0,0,0,"353937,4697","5646739,29",6.920409193,50.9537365,0,"5,201E+18"
96617,5,3,15,0,2020,9,16,3,3,2,6,0,0,1,0,0,0,0,"352334,2665","5647370,443",6.897343597,50.95899984,1,"5,20093E+18"
96625,5,3,15,0,2020,9,17,3,3,0,2,0,0,0,0,1,0,0,"358995,4684","5637968,807",6.995765024,50.87617487,1,"5,20093E+18"
96636,5,3,15,0,2020,10,11,6,3,0,4,0,0,0,1,0,0,1,"353066,7572","5646916,395",6.907949595,50.95510675,0,"5,201E+18"
96637,5,3,15,0,2020,10,16,5,3,3,6,0,0,1,0,0,0,0,"358840,6526","5643678,804",6.991358304,50.92745355,1,"5,201E+18"
96640,5,3,15,0,2020,9,9,3,3,0,1,0,0,0,0,1,0,0,"356834,9781","5645355,033",6.962179001,50.9420234,1,"5,20093E+18"
96646,5,3,15,0,2020,9,13,4,3,9,1,0,1,0,0,0,0,0,"356537,5298","5647087,003",6.957265569,50.95751444,0,"5,20093E+18"
96658,5,3,15,0,2020,10,16,5,3,2,6,0,0,1,0,0,0,1,"353259,6399","5644895,727",6.911508092,50.93699695,1,"5,201E+18"
96710,5,3,15,0,2020,10,13,6,3,2,6,0,0,1,0,0,0,0,"349076,0022","5649631,624",6.850044495,50.97847513,0,"5,201E+18"
96716,5,3,15,0,2020,9,14,3,2,3,6,0,1,1,0,0,0,0,"355344,4199","5643976,537",6.941524067,50.92926311,1,"5,20093E+18"
96729,5,3,15,0,2020,10,11,6,2,0,1,0,1,0,0,0,0,0,"355573,2546","5639799,859",6.946431174,50.89178526,1,"5,201E+18"
96730,5,3,15,0,2020,10,18,5,3,0,1,0,0,0,0,1,0,0,"361162,9979","5649465,013",7.02217633,50.98001906,1,"5,201E+18"
96738,5,3,15,0,2020,10,12,6,3,2,3,0,0,1,0,0,0,0,"357163,2638","5637237,593",6.970025055,50.86915348,1,"5,20101E+18"
96788,5,3,15,0,2020,10,20,3,3,0,6,1,0,1,0,0,0,0,"359340,3402","5644777,49",6.998039999,50.93744962,1,"5,20101E+18"
96813,5,3,15,0,2020,10,14,3,3,0,1,0,0,0,0,1,0,0,"357425,6458","5642223,645",6.971805588,50.91402807,0,"5,20101E+18"
96834,5,3,15,0,2020,10,14,2,3,5,3,0,0,1,0,0,0,1,"361712,4568","5650431,065",7.029631139,50.98883339,1,"5,20101E+18"
96842,5,3,15,0,2020,10,11,5,3,2,6,0,0,1,0,0,1,0,"348594,598","5643794,36",6.845619473,50.92589391,0,"5,20101E+18"
96851,5,3,15,0,2020,10,7,4,3,2,5,1,0,1,0,0,0,0,"366998,1367","5642335,05",7.107856408,50.91731482,1,"5,20101E+18"
96855,5,3,15,0,2020,10,8,4,3,2,6,0,0,1,0,0,0,0,"360494,9748","5646668,136",7.013738681,50.95472167,1,"5,20101E+18"
96860,5,3,15,0,2020,10,15,4,3,0,3,0,1,1,0,0,0,0,"353864,1215","5644333,467",6.920330808,50.93209761,0,"5,20101E+18"
96861,5,3,15,0,2020,10,8,4,3,2,6,0,0,1,0,0,0,0,"355845,6451","5644091,591",6.9486062,50.93042255,1,"5,20101E+18"
96867,5,3,15,0,2020,10,13,4,3,6,2,0,0,1,1,0,0,0,"355199,737","5644580,289",6.93922677,50.9346526,0,"5,20101E+18"
96870,5,3,15,0,2020,10,6,5,3,3,2,2,1,1,0,0,0,0,"356312,4764","5647848,879",6.953762416,50.9643052,1,"5,20101E+18"
96880,5,3,15,0,2020,10,11,2,3,9,1,0,0,1,0,0,0,0,"348488,2199","5643905,891",6.844060594,50.92686823,1,"5,20101E+18"
96912,5,3,15,0,2020,10,17,3,3,2,6,0,0,1,0,0,0,0,"354419,3891","5637287,855",6.931036411,50.86892068,1,"5,20101E+18"
96920,5,3,15,0,2020,10,20,3,3,6,6,2,1,0,1,0,0,0,"351393,5888","5651104,974",6.882432336,50.99231798,1,"5,20101E+18"
96935,5,3,15,0,2020,10,16,2,3,6,4,0,0,1,1,0,0,0,"353430,0936","5644106,446",6.914249784,50.92994731,1,"5,20101E+18"
96958,5,3,15,0,2020,10,13,1,3,2,6,0,0,1,0,0,0,0,"362970,5411","5644266,602",7.049867074,50.93373214,0,"5,201E+18"
96965,5,3,15,0,2020,10,17,1,3,2,6,0,0,1,0,0,0,0,"361600,3352","5644085,066",7.030448201,50.93177344,1,"5,201E+18"
96967,5,3,15,0,2020,10,19,1,3,3,6,1,0,1,0,0,0,0,"358076,3455","5645172,716",6.979907946,50.94069181,1,"5,201E+18"
96971,5,3,15,0,2020,10,13,1,3,1,6,0,0,1,0,1,0,0,"356418,656","5647082,91",6.955575715,50.95744804,0,"5,201E+18"
96976,5,3,15,0,2020,10,13,1,3,0,3,0,0,1,0,1,0,0,"352715,0181","5656696,154",6.898978041,51.04290239,0,"5,201E+18"
96987,5,3,15,0,2020,10,2,1,3,0,1,2,0,0,0,0,0,1,"355788,0744","5644758,763",6.947523505,50.93640393,0,"5,201E+18"
97026,5,3,15,0,2020,10,17,3,3,0,2,0,1,1,0,0,0,0,"355951,8452","5649832,679",6.94784436,50.9820431,1,"5,20101E+18"
97049,5,3,15,0,2020,10,17,2,3,5,2,0,1,1,0,0,0,0,"365179,402","5645578,035",7.08079812,50.94603929,1,"5,20101E+18"
97084,5,3,15,0,2020,10,22,5,3,4,2,2,1,1,0,0,0,0,"360801,504","5645044,674",7.018720791,50.94020541,1,"5,20101E+18"
97106,5,3,15,0,2020,10,17,3,3,2,6,0,0,1,0,0,0,0,"359877,7906","5647580,818",7.004605537,50.96277431,1,"5,20101E+18"
97126,5,3,15,0,2020,10,16,2,3,2,6,0,0,1,0,0,0,0,"350149,185","5642785,677",6.868138024,50.91723538,1,"5,20101E+18"
97130,5,3,15,0,2020,10,8,3,3,0,5,0,1,1,1,0,0,0,"359254,865","5637405,752",6.999666381,50.87117781,1,"5,20101E+18"
97150,5,3,15,0,2020,10,12,2,3,0,1,0,0,0,0,1,0,0,"353166,9694","5643631,77",6.910699255,50.92561466,1,"5,20101E+18"
97156,5,3,15,0,2020,10,16,6,3,4,6,0,0,1,0,0,0,0,"348266,587","5657232,192",6.835344295,51.04656163,0,"5,20101E+18"
97164,5,3,15,0,2020,10,16,1,3,9,1,0,0,1,0,0,0,0,"348754,4568","5643811,929",6.847885134,50.92609372,0,"5,201E+18"
97186,5,3,15,0,2020,10,7,5,3,0,1,1,0,0,0,1,0,0,"358379,894","5642924,04",6.985099351,50.92055751,1,"5,20101E+18"
97220,5,3,15,0,2020,10,6,3,3,3,6,2,0,1,0,0,1,0,"362992,1423","5644258,958",7.050177175,50.93366858,1,"5,20101E+18"
97236,5,3,15,0,2020,10,16,3,3,5,2,0,1,1,0,0,0,0,"356575,078","5653978,301",6.955079342,51.01945445,1,"5,20101E+18"
97252,5,3,15,0,2020,10,14,2,3,0,1,0,1,0,0,0,0,0,"355275,1576","5644300,043",6.940410687,50.93215302,1,"5,20101E+18"
97272,5,3,15,0,2020,10,4,1,2,0,7,2,1,0,0,0,0,0,"356648,5763","5646356,309",6.959133414,50.95097542,0,"5,20101E+18"
97287,5,3,15,0,2020,10,13,7,2,6,4,0,0,1,1,0,0,0,"364737,4009","5640623,875",7.07634762,50.90141004,0,"5,20101E+18"
97289,5,3,15,0,2020,10,16,7,3,5,3,0,0,1,0,1,0,0,"364650,1861","5647661,234",7.072494523,50.96463799,0,"5,20101E+18"
97290,5,3,15,0,2020,10,20,7,2,0,1,2,1,0,0,0,0,0,"365923,263","5649593,775",7.089900887,50.98230447,1,"5,20101E+18"
97292,5,3,15,0,2020,10,12,7,3,3,6,0,0,1,0,0,0,0,"352069,0534","5644954,745",6.894551213,50.93722314,0,"5,20101E+18"
97293,5,3,15,0,2020,10,0,7,2,6,4,2,0,0,1,0,0,1,"353113,8804","5645073,955",6.909363187,50.93856151,1,"5,20101E+18"
97295,5,3,15,0,2020,10,13,7,3,2,6,0,0,1,0,0,0,0,"353663,7123","5644845,333",6.917275249,50.93664676,0,"5,20101E+18"
97297,5,3,15,0,2020,10,0,7,3,0,7,2,0,0,0,1,0,0,"352733,0974","5644912,161",6.90401275,50.93701042,1,"5,20101E+18"
97298,5,3,15,0,2020,10,10,7,2,3,6,0,1,0,0,0,0,0,"352478,902","5644928,667",6.900390808,50.93709378,0,"5,20101E+18"
97300,5,3,15,0,2020,10,1,7,3,0,1,2,0,0,0,0,0,1,"355551,883","5644713,654",6.944182136,50.93593943,1,"5,20101E+18"
97326,5,3,15,0,2020,10,13,1,3,2,6,0,0,1,0,0,0,0,"365864,5926","5635837,604",7.09412483,50.85865543,0,"5,20101E+18"
97377,5,3,15,0,2020,10,13,1,3,3,6,0,1,0,0,0,0,0,"358137,1428","5640899,149",6.982435096,50.90230007,0,"5,20101E+18"
97403,5,3,15,0,2020,10,4,7,3,9,1,2,0,1,0,0,0,0,"353869,7808","5648689,704",6.918662813,50.97124698,1,"5,20101E+18"
97431,5,3,15,0,2020,10,11,1,3,5,3,0,0,1,0,0,0,0,"365228,7601","5635614,724",7.085177988,50.85650442,0,"5,20101E+18"
97470,5,3,15,0,2020,10,14,6,3,2,6,0,0,1,0,0,0,0,"360676,481","5653167,457",7.013829522,51.01317578,1,"5,20101E+18"
97473,5,3,15,0,2020,10,14,6,3,2,6,0,0,1,0,0,0,0,"361840,4566","5647544,826",7.032550579,50.96292484,0,"5,20101E+18"
97474,5,3,15,0,2020,10,10,6,2,5,3,0,0,1,0,0,0,1,"362941,021","5643815,824",7.049616728,50.92967381,1,"5,20101E+18"
97477,5,3,15,0,2020,10,22,6,3,3,5,2,1,1,0,0,0,0,"357479,1735","5644893,592",6.971522881,50.93803604,1,"5,20101E+18"
97478,5,3,15,0,2020,10,18,6,3,2,6,1,1,1,0,0,0,0,"356263,48","5648315,306",6.952880839,50.96848467,1,"5,20101E+18"
97480,5,3,15,0,2020,10,7,6,3,5,7,1,0,1,0,1,0,0,"352096,7486","5651960,191",6.892096434,51.00018444,1,"5,20101E+18"
97481,5,3,15,0,2020,10,20,6,3,2,6,2,0,1,0,0,0,0,"355742,748","5644679,982",6.946910034,50.9356846,0,"5,20101E+18"
97482,5,3,15,0,2020,10,0,1,3,0,1,2,1,0,0,0,0,1,"356957,3241","5647266,831",6.963168213,50.95923489,1,"5,20101E+18"
97522,5,3,15,0,2020,10,12,1,2,9,1,0,1,1,0,0,0,0,"366943,4434","5638977,541",7.108302398,50.88712578,0,"5,20101E+18"
97527,5,3,15,0,2020,10,18,5,3,3,2,2,1,1,0,0,0,0,"354191,2849","5644824,595",6.924786925,50.93659403,0,"5,20102E+18"
97612,5,3,15,0,2020,10,20,5,3,5,3,2,0,1,0,0,0,0,"364177,9915","5641425,256",7.068098565,50.90848115,0,"5,20102E+18"
97630,5,3,15,0,2020,10,9,3,3,0,3,0,1,1,0,0,0,0,"360107,9888","5644895,789",7.008913181,50.93869952,0,"5,20101E+18"
97638,5,3,15,0,2020,10,14,3,2,0,1,0,1,0,0,0,0,0,"353673,6559","5648676,556",6.915876665,50.97107903,0,"5,20101E+18"
97641,5,3,15,0,2020,10,11,5,3,5,2,0,1,1,0,0,0,0,"350834,2485","5652378,347",6.873944781,51.00361621,0,"5,20102E+18"
97659,5,3,15,0,2020,10,15,3,3,2,6,0,0,1,0,0,0,0,"357149,8344","5637814,374",6.969609046,50.87433372,0,"5,20101E+18"
97661,5,3,15,0,2020,10,20,4,3,4,6,2,1,0,0,0,0,0,"354390,063","5643937,413",6.92796848,50.92867139,0,"5,20101E+18"
97697,5,3,15,0,2020,10,8,5,3,5,3,0,1,1,0,0,0,0,"356887,929","5641084,55",6.964608106,50.90365799,0,"5,20102E+18"
97757,5,3,15,0,2020,10,15,4,3,2,6,0,0,1,0,0,0,0,"365020,0819","5638866,751",7.081014694,50.88568384,0,"5,20101E+18"
97765,5,3,15,0,2020,10,15,2,3,2,6,0,0,1,0,0,0,0,"358673,9946","5640584,968",6.990186746,50.89960815,1,"5,20101E+18"
97772,5,3,15,0,2020,10,10,2,3,2,6,0,0,1,0,0,1,0,"348371,6035","5643309,824",6.842650311,50.92148119,1,"5,20101E+18"
97782,5,3,15,0,2020,10,11,5,3,4,6,0,0,1,0,0,0,1,"361818,9168","5644838,628",7.03327111,50.93859834,0,"5,20102E+18"
97784,5,3,15,0,2020,10,15,2,3,8,1,0,0,0,0,1,0,0,"359112,288","5645733,414",6.994426624,50.94598491,1,"5,20101E+18"
97786,5,3,15,0,2020,10,12,2,3,0,1,0,1,0,0,0,0,0,"352746,158","5650647,612",6.901877281,50.98855555,1,"5,20101E+18"
97795,5,3,15,0,2020,10,18,2,3,0,6,1,0,1,0,1,0,0,"354576,6843","5642849,892",6.931055952,50.9189452,1,"5,20101E+18"
97804,5,3,15,0,2020,10,6,2,3,1,6,2,0,1,0,0,0,0,"354699,3092","5643061,029",6.932715217,50.92087352,1,"5,20101E+18"
97812,5,3,15,0,2020,10,18,2,3,2,6,1,0,1,0,0,0,0,"360757,1271","5642927,964",7.018898148,50.92117135,0,"5,20102E+18"
97815,5,3,15,0,2020,10,9,2,3,5,3,0,0,1,0,0,0,0,"365122,6874","5649716,761",7.078456833,50.98322282,0,"5,20102E+18"
97818,5,3,15,0,2020,10,6,2,3,0,1,2,0,0,0,1,0,0,"356008,3774","5651107,35",6.948144009,50.99351239,1,"5,20102E+18"
97820,5,3,15,0,2020,10,18,2,3,0,1,2,1,0,0,0,0,0,"349093,5822","5645139,273",6.852157463,50.93811041,0,"5,20102E+18"
97822,5,3,15,0,2020,10,3,2,3,0,1,2,0,0,0,0,0,1,"355269,1851","5645228,287",6.939957069,50.94049344,0,"5,20102E+18"
97823,5,3,15,0,2020,10,14,2,3,0,7,0,0,0,0,0,0,1,"355626,6433","5644712,779",6.945245757,50.93595028,0,"5,20102E+18"
97860,5,3,15,0,2020,10,19,3,3,0,1,2,1,0,0,0,0,0,"355448,1433","5644714,03",6.942706558,50.93591681,1,"5,20102E+18"
97863,5,3,15,0,2020,10,17,3,3,2,6,1,0,1,0,0,0,0,"358454,684","5645615,818",6.985117337,50.94476699,1,"5,20102E+18"
97910,5,3,15,0,2020,10,15,3,3,2,6,0,0,0,0,0,1,1,"360688,5911","5650010,906",7.015213173,50.98481048,1,"5,20102E+18"
97924,5,3,15,0,2020,10,14,3,3,1,6,0,1,1,0,0,0,0,"353811,1275","5646212,1",6.918823323,50.94896681,1,"5,20102E+18"
97976,5,3,15,0,2020,10,16,3,3,2,6,1,0,1,0,1,0,0,"359437,5263","5644796,242",6.999415079,50.93764184,1,"5,20102E+18"
97993,5,3,15,0,2020,10,18,3,3,5,3,1,0,1,0,0,0,1,"353001,4003","5644261,344",6.908091177,50.93123024,1,"5,20102E+18"
98042,5,3,15,0,2020,10,18,6,3,5,3,1,1,1,0,0,0,0,"365148,076","5637064,113",7.083498165,50.86951225,0,"5,20102E+18"
98047,5,3,15,0,2020,10,19,1,2,3,6,2,0,1,0,0,0,0,"357126,3898","5637044,645",6.969576718,50.86741033,0,"5,20102E+18"
98050,5,3,15,0,2020,10,19,6,3,5,3,2,0,1,0,1,0,0,"358711,639","5644700,754",6.989127547,50.93660629,0,"5,20102E+18"
98058,5,3,15,0,2020,10,12,3,3,5,2,0,0,1,0,1,0,0,"356325,877","5647724,686",6.954002166,50.96319244,1,"5,20102E+18"
98063,5,3,15,0,2020,10,13,6,3,5,2,0,1,1,0,0,0,0,"352637,1914","5651331,38",6.900048411,50.99467232,0,"5,20102E+18"
98071,5,3,15,0,2020,10,16,6,3,0,2,0,0,1,0,0,0,1,"351226,075","5648231,901",6.881222981,50.96645619,0,"5,20102E+18"
98075,5,3,15,0,2020,10,12,6,3,6,4,0,1,0,1,0,0,0,"354010,9971","5646069,479",6.921723885,50.94773577,0,"5,20102E+18"
98077,5,3,15,0,2020,10,16,6,3,1,5,0,1,1,0,0,0,0,"356815,9846","5643078,117",6.962803286,50.92155623,0,"5,20102E+18"
98103,5,3,15,0,2020,10,14,7,3,5,6,0,0,1,0,0,0,0,"354691,7582","5643051,984",6.932611462,50.92079034,0,"5,20102E+18"
98104,5,3,15,0,2020,10,15,3,3,0,1,0,0,0,0,1,0,0,"358570,1214","5642726,755",6.987880525,50.91883116,1,"5,20102E+18"
98105,5,3,15,0,2020,10,12,7,3,0,7,0,0,1,0,1,0,0,"356828,8512","5644160,311",6.962561268,50.93128502,0,"5,20102E+18"
98119,5,3,15,0,2020,10,15,3,3,0,3,0,0,1,0,1,0,0,"353938,2375","5646120,514",6.92066835,50.94817598,1,"5,20102E+18"
98170,5,3,15,0,2020,10,20,6,3,2,2,2,0,1,0,0,0,0,"348907,1767","5643020,878",6.850384332,50.91902513,1,"5,20102E+18"
98172,5,3,15,0,2020,10,22,7,2,6,4,2,0,1,1,0,0,0,"354171,1773","5644843,183",6.924493507,50.93675599,0,"5,20102E+18"
98174,5,3,15,0,2020,10,20,5,3,0,1,2,0,0,0,0,0,1,"353354,4093","5645767,795",6.912504903,50.944858,1,"5,20102E+18"
98221,5,3,15,0,2020,10,23,6,3,2,6,2,0,1,0,0,0,0,"365989,2076","5643738,295",7.092995703,50.92969325,1,"5,20102E+18"
98223,5,3,15,0,2020,10,19,7,3,9,1,2,0,1,0,0,0,0,"357008,306","5635687,336",6.968430067,50.85518293,0,"5,20102E+18"
98234,5,3,15,0,2020,10,17,6,2,9,1,0,0,1,0,0,0,0,"352059,3777","5642432,146",6.895437137,50.91455122,1,"5,20102E+18"
98236,5,3,15,0,2020,10,10,7,2,0,1,0,1,0,0,0,0,0,"353764,7261","5644285,684",6.918936473,50.93164301,1,"5,20102E+18"
98238,5,3,15,0,2020,10,16,5,3,3,2,0,1,0,0,1,0,0,"355531,7804","5643780,214",6.944266205,50.92754574,0,"5,20102E+18"
98272,5,3,15,0,2020,10,17,5,3,5,2,0,1,1,0,0,0,0,"350181,7521","5659689,163",6.861628692,51.06914301,0,"5,20102E+18"
98295,5,3,15,0,2020,10,5,4,2,3,1,1,0,1,0,0,1,0,"349988,6802","5642907,272",6.865806281,50.91828638,1,"5,20102E+18"
98303,5,3,15,0,2020,10,17,4,3,9,1,0,1,0,0,0,0,0,"366649,333","5638844,953",7.104171787,50.8858663,0,"5,20102E+18"
98307,5,3,15,0,2020,10,14,4,3,2,6,0,0,1,0,0,0,0,"363817,7876","5645500,443",7.061456047,50.9450219,0,"5,20102E+18"
98309,5,3,15,0,2020,10,1,6,3,9,7,2,0,1,0,0,0,0,"354914,9433","5646423,585",6.934442255,50.95114624,1,"5,20102E+18"