OBJECTID,ULAND,UREGBEZ,UKREIS,UGEMEINDE,UJAHR,UMONAT,USTUNDE,UWOCHENTAG,UKATEGORIE,UART,UTYP1,ULICHTVERH,IstRad,IstPKW,IstFuss,IstKrad,IstGkfz,IstSonstige,LINREFX,LINREFY,XGCSWGS84,YGCSWGS84,USTRZUSTAND,UIDENTSTLAE
98310,5,3,15,0,2020,10,20,6,3,9,1,2,0,1,0,0,0,0,"362108,9309","5646388,283",7.036809554,50.95259498,1,"5,20102E+18"
98311,5,3,15,0,2020,10,17,7,3,5,3,0,1,1,0,0,0,0,"366804,7427","5641941,415",7.105250423,50.91373233,0,"5,20102E+18"
98361,5,3,15,0,2020,10,22,6,3,2,6,2,0,1,0,0,0,1,"360786,0698","5649836,097",7.016668041,50.98326303,1,"5,20102E+18"
98376,5,3,15,0,2020,10,20,6,3,1,6,2,0,1,0,1,0,0,"351216,3526","5645040,983",6.882388649,50.93777874,1,"5,20102E+18"
98378,5,3,15,0,2020,10,11,7,3,2,6,0,0,1,0,0,0,0,"347767,6808","5645209,506",6.833271005,50.93839304,1,"5,20102E+18"
98381,5,3,15,0,2020,10,6,5,3,5,7,2,0,1,0,0,0,0,"349211,6885","5649544,82",6.852011936,50.97773064,1,"5,20102E+18"
98412,5,3,15,0,2020,10,12,5,3,1,6,0,0,1,0,0,0,0,"364437,7949","5645634,539",7.070226527,50.94637321,0,"5,20102E+18"
98427,5,3,15,0,2020,10,16,6,3,5,2,0,1,1,0,0,0,0,"360261,835","5644964,974",7.011074931,50.9393586,1,"5,20102E+18"
98441,5,3,15,0,2020,10,8,6,3,0,1,0,1,0,0,0,0,0,"354890,3815","5645499,095",6.934461191,50.94283192,1,"5,20102E+18"
98445,5,3,15,0,2020,10,20,5,3,2,6,1,0,1,0,0,0,0,"356661,7466","5646356,52",6.959320706,50.9509806,1,"5,20102E+18"
98481,5,3,15,0,2020,10,10,2,3,2,6,0,0,1,0,0,1,0,"361916,8633","5642556,102",7.035528863,50.91810801,0,"5,20103E+18"
98484,5,3,15,0,2020,10,9,2,3,3,6,0,0,1,0,0,1,0,"365216,0328","5642585,429",7.082425967,50.91915163,1,"5,20103E+18"
98522,5,3,15,0,2020,10,14,3,3,3,6,0,0,1,0,0,0,1,"354737,0481","5646095,903",6.932042073,50.94815666,0,"5,20103E+18"
98552,5,3,15,0,2020,10,11,2,3,2,6,0,0,1,0,0,0,0,"364756,6992","5640648,927",7.076612628,50.90163971,0,"5,20103E+18"
98592,5,3,15,0,2020,10,17,3,3,8,2,2,1,1,0,0,0,0,"357521,5152","5644037,704",6.972459735,50.93035467,0,"5,20103E+18"
98645,5,3,15,0,2020,10,12,2,2,6,4,0,1,0,1,0,0,0,"355188,265","5644779,295",6.938984533,50.93643814,0,"5,20103E+18"
98672,5,3,15,0,2020,10,11,3,3,0,1,0,1,0,0,0,0,0,"356634,178","5647156,754",6.958613313,50.95816533,0,"5,20103E+18"
98745,5,3,15,0,2020,10,8,3,2,0,7,0,1,0,1,0,0,0,"354908,4743","5645483,564",6.934724737,50.9426969,0,"5,20103E+18"
98772,5,3,15,0,2020,10,7,2,3,5,2,0,1,1,0,0,0,0,"363012,8089","5648406,575",7.048910436,50.97094961,1,"5,20103E+18"
98792,5,3,15,0,2020,10,13,4,3,2,2,0,0,1,0,0,0,0,"366462,0642","5640389,716",7.100946259,50.89970695,1,"5,20103E+18"
98818,5,3,15,0,2020,10,18,3,3,1,6,2,0,1,0,0,0,0,"362465,0734","5648177,284",7.041200692,50.96875837,0,"5,20103E+18"
98860,5,3,15,0,2020,11,8,2,2,5,2,0,0,0,0,0,0,1,"355601,3142","5644697,885",6.944891417,50.9358101,0,"5,2011E+18"
98865,5,3,15,0,2020,11,11,1,3,5,2,0,0,1,0,0,0,0,"361510,26","5647894,877",7.027718163,50.96599155,0,"5,2011E+18"
98935,5,3,15,0,2020,10,11,7,3,8,1,0,0,0,0,1,0,0,"363649,0795","5646349,214",7.058738142,50.95261028,0,"5,20103E+18"
98999,5,3,15,0,2020,11,13,2,3,3,2,0,1,1,0,0,0,0,"362102,1254","5644279,321",7.037511142,50.93363947,0,"5,2011E+18"
99003,5,3,15,0,2020,10,8,7,3,8,1,0,0,1,0,0,0,1,"361663,537","5635129,096",7.034738428,50.85129804,0,"5,20103E+18"
99019,5,3,15,0,2020,10,19,7,3,5,2,2,0,1,0,0,0,0,"352807,6082","5651770,407",6.902297194,50.99866124,0,"5,20103E+18"
99023,5,3,15,0,2020,10,15,5,3,0,1,0,1,0,0,0,0,0,"356507,7334","5651916,734",6.954935057,51.00091086,1,"5,20103E+18"
99027,5,3,15,0,2020,10,15,5,3,0,6,0,0,1,0,0,0,0,"348615,019","5642925,786",6.846270371,50.91809404,1,"5,20103E+18"
99030,5,3,15,0,2020,10,15,6,3,0,2,0,1,1,0,0,0,0,"364586,4936","5649245,937",7.070997932,50.97886545,0,"5,20103E+18"
99031,5,3,15,0,2020,10,14,6,3,2,7,0,0,1,0,0,0,0,"347545,8029","5647369,416",6.829211181,50.95774365,0,"5,20103E+18"
99032,5,3,15,0,2020,10,15,5,3,2,6,0,0,1,0,0,0,0,"354704,1075","5646035,501",6.931597559,50.94760554,1,"5,20103E+18"
99035,5,3,15,0,2020,10,20,6,3,1,2,2,1,0,0,0,0,1,"353755,5163","5646258,596",6.918013514,50.94937054,0,"5,20103E+18"
99036,5,3,15,0,2020,10,20,7,2,5,2,2,0,1,0,1,0,0,"354792,9337","5646144,432",6.932817753,50.94860685,0,"5,20103E+18"
99037,5,3,15,0,2020,10,9,6,3,5,2,0,0,1,0,0,0,0,"353044,2686","5643882,208",6.908853634,50.92783401,0,"5,20103E+18"
99063,5,3,15,0,2020,10,14,7,3,2,1,0,0,0,0,1,0,0,"355906,1869","5641165,358",6.950623032,50.90414001,0,"5,20103E+18"
99163,5,3,15,0,2020,11,10,2,3,3,5,0,1,1,0,0,0,0,"359891,3623","5644870,14",7.005841788,50.93841641,0,"5,2011E+18"
99238,5,3,15,0,2020,10,15,7,3,2,6,0,0,1,0,0,0,0,"356811,549","5633879,603",6.966343245,50.83888803,0,"5,20103E+18"
99242,5,3,15,0,2020,11,17,7,3,1,6,1,0,1,0,0,0,0,"362330,507","5643832,493",7.040928085,50.92967823,0,"5,20111E+18"
99267,5,3,15,0,2020,11,1,4,2,8,1,2,0,1,0,0,0,0,"348814,5234","5643691,343",6.848789194,50.92502585,0,"5,2011E+18"
99272,5,3,15,0,2020,11,13,4,2,0,3,0,1,0,0,0,0,1,"353008,259","5644610,522",6.908047887,50.93436991,0,"5,2011E+18"
99281,5,3,15,0,2020,11,13,6,3,0,7,0,1,0,0,0,0,0,"354070,736","5646929,111",6.922229163,50.95547612,0,"5,20111E+18"
99311,5,3,15,0,2020,11,16,5,3,3,5,1,1,1,0,0,0,0,355978,"5646063,382",6.949708933,50.94817578,0,"5,20111E+18"
99325,5,3,15,0,2020,11,10,7,3,2,6,0,0,1,0,0,0,0,"351863,011","5647738,141",6.890488419,50.96218318,0,"5,20111E+18"
99335,5,3,15,0,2020,11,14,4,2,4,1,0,1,1,0,0,0,0,"360458,8381","5647586,524",7.012872356,50.96296662,0,"5,2011E+18"
99371,5,3,15,0,2020,11,13,6,3,3,6,0,0,1,0,0,0,0,"361180,059","5646105,038",7.023701351,50.94982642,0,"5,20111E+18"
99392,5,3,15,0,2020,11,14,7,3,4,7,0,0,1,0,0,0,0,"366492,3124","5640225,856",7.101436079,50.89824121,0,"5,20111E+18"
99440,5,3,15,0,2020,11,13,6,3,2,6,0,0,1,0,0,1,0,"360750,4461","5642270,912",7.019053984,50.91526465,0,"5,20111E+18"
99450,5,3,15,0,2020,11,18,4,2,2,6,2,1,0,0,0,0,0,"354231,0604","5642360,614",6.926337691,50.91446098,0,"5,2011E+18"
99459,5,3,15,0,2020,11,14,6,3,3,2,0,1,1,0,0,0,0,"356522,5028","5646649,815",6.957224077,50.95358175,0,"5,20111E+18"
99495,5,3,15,0,2020,11,16,5,3,5,3,2,0,1,0,0,0,0,"361504,4783","5640556,311",7.030424568,50.90003642,0,"5,20111E+18"
99498,5,3,15,0,2020,11,8,3,3,0,1,0,1,0,0,0,0,0,"361817,365","5644841,736",7.033247858,50.9386259,1,"5,2011E+18"
99506,5,3,15,0,2020,11,17,7,3,6,4,0,1,0,1,0,0,0,"351167,8092","5645022,978",6.881705598,50.93760442,0,"5,20111E+18"
99516,5,3,15,0,2020,11,17,4,3,5,3,2,0,1,0,0,0,0,"366946,6431","5642149,213",7.107192046,50.91563269,0,"5,2011E+18"
99525,5,3,15,0,2020,11,7,6,3,4,2,0,0,1,0,0,0,0,"366946,2518","5642148,23",7.107186841,50.91562377,0,"5,20111E+18"
99527,5,3,15,0,2020,11,15,3,2,3,6,2,0,1,0,1,0,0,"358208,721","5644979,913",6.981865921,50.93899166,0,"5,2011E+18"
99542,5,3,15,0,2020,11,7,4,3,0,1,0,0,0,0,0,0,1,"355256,4127","5645161,633",6.939801879,50.93989124,1,"5,2011E+18"
99543,5,3,15,0,2020,11,8,3,3,2,6,0,0,1,0,0,0,0,"350927,9002","5652998,056",6.87502408,51.00920938,0,"5,2011E+18"
99551,5,3,15,0,2020,11,8,6,1,6,4,0,0,0,1,0,1,0,"353905,5973","5646143,605",6.920194748,50.94837522,0,"5,20111E+18"
99569,5,3,15,0,2020,11,8,3,3,3,6,0,1,1,0,0,0,0,"354298,1562","5645866,018",6.925890371,50.94597998,0,"5,2011E+18"
99575,5,3,15,0,2020,11,16,7,3,3,6,1,1,1,0,0,0,0,"364801,2419","5638362,237",7.078091981,50.88109829,0,"5,20111E+18"
99594,5,3,15,0,2020,11,21,7,3,0,7,2,0,1,0,0,0,0,"357422,3","5636715,784",6.973907342,50.86452789,0,"5,20111E+18"
99603,5,3,15,0,2020,11,16,4,3,2,6,0,1,0,0,0,0,0,"357419,2998","5636715,633",6.973864795,50.8645258,0,"5,2011E+18"
99618,5,3,15,0,2020,11,9,6,2,2,6,0,0,1,0,0,1,0,"361786,4189","5647903,431",7.031645306,50.96613475,0,"5,20111E+18"
99638,5,3,15,0,2020,11,8,6,3,0,7,0,1,0,0,0,0,0,"355667,5635","5650695,657",6.943454395,50.98972725,0,"5,20111E+18"
99667,5,3,15,0,2020,11,16,3,2,5,2,0,1,1,0,0,0,0,"354403,4113","5647323,613",6.926804728,50.95910552,0,"5,2011E+18"
99672,5,3,15,0,2020,11,13,3,3,2,6,0,1,0,0,0,0,0,"348289,2139","5645167,477",6.840705861,50.93815281,0,"5,2011E+18"
99717,5,3,15,0,2020,11,16,3,2,6,4,0,0,0,1,0,0,1,"352070,7195","5644954,643",6.894574951,50.93722265,0,"5,20111E+18"
99772,5,3,15,0,2020,11,7,4,2,6,4,0,0,1,1,0,0,0,"362102,2208","5644279,135",7.037512569,50.93363782,1,"5,20111E+18"
99787,5,3,15,0,2020,11,11,3,3,1,6,0,0,0,0,0,1,1,"354521,9256","5639453,09",6.931631031,50.88840508,0,"5,20111E+18"
99796,5,3,15,0,2020,11,18,2,2,5,3,2,0,1,0,0,0,0,"364177,8813","5641425,168",7.068097031,50.90848034,0,"5,20111E+18"
99797,5,3,15,0,2020,11,14,4,3,5,3,0,0,1,0,0,0,1,"353352,3761","5644888,263",6.912830033,50.93695347,0,"5,20111E+18"
99799,5,3,15,0,2020,11,6,5,2,5,3,2,0,1,0,1,0,0,"366912,6306","5634936,432",7.109334893,50.85079801,0,"5,20111E+18"
99800,5,3,15,0,2020,11,10,2,3,5,3,0,1,1,0,0,0,0,"365123,443","5642306,492",7.081212619,50.91662303,0,"5,20111E+18"
99801,5,3,15,0,2020,11,11,2,3,2,6,0,0,1,0,0,0,0,"351476,2417","5644625,171",6.886254387,50.93410906,1,"5,20111E+18"
99803,5,3,15,0,2020,11,20,2,3,0,4,2,0,1,1,0,0,0,"353723,1869","5646443,652",6.917479242,50.95102537,0,"5,20111E+18"
99804,5,3,15,0,2020,11,19,2,3,2,6,2,0,1,0,0,0,0,"355717,758","5640051,248",6.948385132,50.89408058,0,"5,20111E+18"
99807,5,3,15,0,2020,11,22,2,3,5,3,2,1,1,0,0,0,0,"353001,476","5644259,37",6.908093049,50.93121252,0,"5,20111E+18"
99858,5,3,15,0,2020,11,14,3,3,5,2,0,0,1,0,0,0,0,"352951,4253","5643823,528",6.907557105,50.92728301,0,"5,20111E+18"
99864,5,3,15,0,2020,11,17,4,3,1,7,2,0,1,0,0,0,0,"364728,8302","5649321,62",7.072996163,50.97957911,0,"5,20111E+18"
99871,5,3,15,0,2020,11,10,3,3,0,7,0,0,1,0,1,0,0,"356743,9169","5646253,463",6.960530305,50.95007486,0,"5,20111E+18"
99890,5,3,15,0,2020,11,8,4,3,0,1,0,1,0,0,0,0,0,"355069,5652","5644788,697",6.937292583,50.93649281,1,"5,20111E+18"
99904,5,3,15,0,2020,11,10,6,1,0,7,0,0,1,0,0,0,0,"362004,6004","5646882,941",7.035137581,50.95701564,0,"5,20111E+18"
99909,5,3,15,0,2020,11,15,3,3,3,6,0,1,1,0,0,0,0,"365102,5647","5638401,54",7.082358342,50.88152196,0,"5,20111E+18"
99960,5,3,15,0,2020,11,14,4,3,5,2,0,0,1,0,0,0,1,"354484,6979","5647385,688",6.927936562,50.9596839,1,"5,20111E+18"
99993,5,3,15,0,2020,11,10,5,3,2,7,0,0,1,0,0,0,0,"347508,728","5644150,181",6.830031371,50.92880538,0,"5,20111E+18"
100005,5,3,15,0,2020,11,19,3,3,0,7,2,0,0,0,0,0,1,"350701,6819","5648501,913",6.873649456,50.96874696,0,"5,20111E+18"
100049,5,3,15,0,2020,11,14,1,2,0,1,0,1,0,0,0,0,0,"351088,8481","5658851,232",6.874911159,51.06184923,1,"5,20111E+18"
100051,5,3,15,0,2020,11,23,1,1,6,4,2,0,0,1,0,0,1,"353483,3365","5646116,358",6.914198645,50.94802318,1,"5,20111E+18"
100057,5,3,15,0,2020,11,12,4,2,5,3,0,1,1,0,0,0,0,"358308,6727","5644791,664",6.983360812,50.93732443,0,"5,20111E+18"
100083,5,3,15,0,2020,11,16,4,2,6,4,0,0,0,1,1,0,0,"352390,11","5642188,98",6.900237037,50.91245067,0,"5,20111E+18"
100084,5,3,15,0,2020,11,14,3,3,2,6,0,0,1,0,0,0,0,"364103,886","5641366,281",7.067067105,50.90793368,0,"5,20111E+18"
100085,5,3,15,0,2020,11,8,5,3,6,7,0,0,1,1,0,0,0,"350178,088","5645072,464",6.867609172,50.93779283,0,"5,20111E+18"
100150,5,3,15,0,2020,11,17,4,3,4,6,0,0,1,0,0,0,0,"348864,9151","5653417,173",6.8454644,51.01243727,0,"5,20111E+18"
100152,5,3,15,0,2020,11,16,5,2,2,1,0,0,1,0,0,0,1,"351253,5808","5651264,415",6.880373457,50.99371461,0,"5,20111E+18"
100155,5,3,15,0,2020,11,15,3,2,2,6,0,0,1,0,0,0,0,"353062,072","5640710,363",6.91038414,50.89933431,0,"5,20111E+18"
100191,5,3,15,0,2020,11,16,4,3,0,7,0,0,0,0,0,0,1,"358154,0659","5645345,361",6.980946232,50.9422625,0,"5,20112E+18"
100193,5,3,15,0,2020,11,16,3,3,2,6,1,0,1,0,0,0,0,"357149,8344","5637814,374",6.969609046,50.87433372,0,"5,20112E+18"
100200,5,3,15,0,2020,11,14,1,3,0,7,0,1,0,0,0,0,0,"356921,197","5644720,583",6.963654575,50.93634305,0,"5,20112E+18"
100205,5,3,15,0,2020,11,15,6,3,2,6,0,0,1,0,0,0,0,"362297,511","5645560,201",7.039805893,50.94519784,0,"5,20112E+18"
100207,5,3,15,0,2020,11,14,1,3,5,3,0,0,1,0,1,0,0,"347544,03","5647336,79",6.829199623,50.95745,0,"5,20112E+18"
100217,5,3,15,0,2020,11,12,5,3,2,6,0,0,1,0,0,0,1,"352296,21","5651248,974",6.89522637,50.99384438,1,"5,20112E+18"
100223,5,3,15,0,2020,11,11,2,2,5,3,0,0,1,0,1,0,0,"366306,1073","5635852,528",7.100388991,50.85889181,1,"5,20112E+18"
100226,5,3,15,0,2020,11,10,2,3,2,2,0,0,1,0,0,0,1,"352849,8974","5651790,534",6.902891287,50.99885293,1,"5,20112E+18"
100227,5,3,15,0,2020,11,7,3,3,0,1,0,1,0,0,0,0,0,"351810,7865","5643571,984",6.891440208,50.92473063,1,"5,20112E+18"
100232,5,3,15,0,2020,11,15,5,3,0,1,0,1,0,0,0,0,0,"355096,5431","5644182,544",6.937917283,50.93105224,1,"5,20112E+18"
100239,5,3,15,0,2020,11,7,2,3,2,6,0,0,1,0,0,0,0,"357684,9314","5640080,089",6.976327254,50.89482786,1,"5,20112E+18"
100247,5,3,15,0,2020,11,9,2,3,5,3,0,0,1,0,0,0,0,"357422,3","5636715,784",6.973907342,50.86452789,1,"5,20112E+18"
100265,5,3,15,0,2020,11,8,2,3,0,1,0,1,0,0,0,0,0,"355407,4989","5643884,288",6.942457663,50.9284499,0,"5,20112E+18"
100272,5,3,15,0,2020,11,6,4,2,5,3,2,1,1,0,0,0,0,"359839,546","5644858,482",7.005109252,50.93829905,0,"5,20112E+18"
100292,5,3,15,0,2020,11,13,4,3,2,6,0,0,1,0,0,0,0,"363702,9958","5641303,127",7.061392068,50.90727156,0,"5,20112E+18"
100301,5,3,15,0,2020,11,15,4,3,0,7,0,0,1,0,0,0,1,"352741,6094","5644911,608",6.904134035,50.93700762,0,"5,20112E+18"
100316,5,3,15,0,2020,11,6,5,3,0,1,1,0,0,0,0,0,1,"366154,7773","5635848,799",7.098241423,50.85882329,0,"5,20112E+18"
100379,5,3,15,0,2020,11,14,4,3,5,3,0,1,1,0,0,0,0,"359073,793","5644753,545",6.994258069,50.93716934,0,"5,20112E+18"
100418,5,3,15,0,2020,11,0,7,3,8,6,2,0,1,0,0,0,0,"358252,1184","5644575,429",6.982640544,50.93536723,1,"5,20111E+18"
100421,5,3,15,0,2020,11,12,7,3,6,4,0,0,1,1,0,0,0,"362249,7162","5648113,255",7.038159704,50.96813146,0,"5,20111E+18"
100423,5,3,15,0,2020,11,9,7,3,1,6,0,1,0,0,0,0,0,"355252,979","5651496,269",6.937232146,50.99681799,0,"5,20111E+18"
100430,5,3,15,0,2020,11,16,7,3,5,3,1,1,1,0,0,0,0,"356319,6889","5647778,836",6.95389272,50.96367754,0,"5,20111E+18"
100435,5,3,15,0,2020,11,20,7,2,5,3,2,0,1,0,1,0,0,"357419,6642","5636715,651",6.973869963,50.86452605,0,"5,20111E+18"
100437,5,3,15,0,2020,11,14,7,3,5,3,0,1,1,0,0,0,0,"352779,581","5641121,313",6.906203981,50.90295541,0,"5,20111E+18"
100442,5,3,15,0,2020,11,19,7,3,6,4,2,0,1,1,0,0,0,"355036,7707","5643523,309",6.9373294,50.92511282,0,"5,20111E+18"
100451,5,3,15,0,2020,11,17,3,3,5,2,1,0,1,0,1,0,0,"356289,751","5648106,696",6.953337159,50.96661649,0,"5,20112E+18"
100456,5,3,15,0,2020,11,19,5,3,1,5,2,1,1,0,0,0,0,"354037,0155","5642085,49",6.923689266,50.91193947,1,"5,20112E+18"
100496,5,3,15,0,2020,11,8,4,3,5,3,0,1,1,0,0,0,0,"366280,6057","5642807,072",7.097481441,50.92139137,0,"5,20112E+18"
100525,5,3,15,0,2020,11,13,4,3,2,6,0,0,1,0,0,0,0,"349190,6046","5643100,4",6.85438079,50.91981389,0,"5,20112E+18"
100542,5,3,15,0,2020,11,7,5,3,5,3,0,0,1,0,1,0,0,"365160,1588","5636363,456",7.083928026,50.86321779,1,"5,20112E+18"
100603,5,3,15,0,2020,11,14,4,2,5,3,0,1,1,0,0,0,0,"360973,196","5640912,079",7.022738415,50.90310614,0,"5,20112E+18"
100624,5,3,15,0,2020,11,17,4,3,2,6,0,0,1,0,0,0,0,"361614,0683","5642037,981",7.031420335,50.91337896,0,"5,20112E+18"
100643,5,3,15,0,2020,11,15,3,3,5,3,0,1,1,0,0,0,0,"362401,9382","5645122,01",7.041457017,50.94128461,0,"5,20112E+18"
100678,5,3,15,0,2020,11,10,5,3,0,5,0,1,1,0,0,0,1,"359449,8353","5644797,179",6.999589794,50.93765326,0,"5,20112E+18"
100687,5,3,15,0,2020,11,12,6,3,0,5,0,1,1,0,0,0,0,"359313,894","5644781,575",6.997662267,50.93747988,0,"5,20111E+18"
100692,5,3,15,0,2020,11,12,6,3,1,6,0,0,1,0,0,0,0,"358334,8551","5643987,79",6.984045686,50.93010642,0,"5,20111E+18"
100694,5,3,15,0,2020,11,15,6,2,0,4,0,0,0,1,0,0,1,"352063,0262","5644975,28",6.894457155,50.93740613,0,"5,20111E+18"
100697,5,3,15,0,2020,11,13,6,3,2,1,0,0,1,0,0,0,0,"354793,2194","5646165,702",6.932813336,50.94879807,0,"5,20111E+18"
100699,5,3,15,0,2020,11,17,6,3,5,3,2,0,1,0,0,0,0,"357422,3","5636715,784",6.973907342,50.86452789,0,"5,20111E+18"
100701,5,3,15,0,2020,11,14,6,3,3,6,0,0,1,0,0,0,0,"357406,0337","5636919,95",6.973596773,50.86635873,0,"5,20111E+18"
100707,5,3,15,0,2020,11,14,6,3,2,6,0,0,1,0,0,0,0,"353626,113","5642617,792",6.917634783,50.91661904,0,"5,20111E+18"
100758,5,3,15,0,2020,11,16,2,3,5,2,0,0,1,0,0,0,0,"350917,607","5652285,306",6.875170224,51.00280172,0,"5,20112E+18"
100807,5,3,15,0,2020,11,11,2,3,6,4,0,0,1,1,0,0,0,"354214,4546","5647144,8",6.92418763,50.95745082,0,"5,20112E+18"
100848,5,3,15,0,2020,11,6,3,3,3,6,2,0,1,0,0,1,0,"363792,0525","5646150,097",7.060846932,50.95085454,0,"5,20112E+18"
100849,5,3,15,0,2020,11,13,7,3,5,3,0,1,1,0,0,0,0,"362403,9557","5645122,396",7.04148557,50.94128856,0,"5,20112E+18"
100850,5,3,15,0,2020,11,11,7,3,3,2,0,1,1,0,0,0,0,"356244,825","5648432,039",6.952569195,50.96952908,0,"5,20112E+18"
100852,5,3,15,0,2020,11,17,7,3,6,4,2,0,1,1,0,0,0,"354763,96","5646128,977",6.932411732,50.94846067,0,"5,20112E+18"
100854,5,3,15,0,2020,11,12,7,2,5,2,0,1,1,0,0,0,0,"352389,8624","5647326,75",6.898152395,50.95862143,0,"5,20112E+18"
100855,5,3,15,0,2020,11,18,7,2,0,1,0,0,1,0,0,0,0,"347946,7375","5645171,476",6.835833451,50.93809855,0,"5,20112E+18"
100862,5,3,15,0,2020,11,18,2,2,1,6,2,0,1,0,0,0,0,"361510,26","5647894,877",7.027718163,50.96599155,1,"5,20112E+18"
100912,5,3,15,0,2020,11,10,2,3,5,3,0,0,1,0,1,0,0,"354972,4151","5646391,024",6.935272875,50.95086809,0,"5,20112E+18"
100928,5,3,15,0,2020,11,16,6,3,2,6,0,0,1,0,0,1,0,"351680,1367","5651446,164",6.886373195,50.99545796,0,"5,20112E+18"
100930,5,3,15,0,2020,11,13,6,3,5,3,0,1,1,0,0,0,0,"361368,3137","5645400,722",7.026647838,50.94354186,0,"5,20112E+18"
100931,5,3,15,0,2020,11,11,6,3,4,2,0,1,1,0,0,0,0,"360492,7083","5646622,706",7.013723843,50.95431283,0,"5,20112E+18"
100933,5,3,15,0,2020,11,15,6,3,2,6,0,0,1,0,0,0,0,"363022,1898","5651192,325",7.047993943,50.99598822,0,"5,20112E+18"
100935,5,3,15,0,2020,11,8,6,3,2,6,1,1,1,0,1,0,0,"358981,0363","5644720,621",6.992951511,50.93685078,0,"5,20112E+18"
100936,5,3,15,0,2020,11,17,6,3,3,2,2,1,1,0,0,0,0,"356443,67","5646996,483",6.955965731,50.95667757,0,"5,20112E+18"
101000,5,3,15,0,2020,11,16,6,3,2,6,0,0,1,0,0,1,0,"363089,205","5644104,192",7.051615804,50.93230068,0,"5,20113E+18"
101041,5,3,15,0,2020,11,8,5,3,3,6,1,1,1,0,0,0,0,"354380,5","5643964,077",6.927821843,50.92890861,0,"5,20113E+18"
101042,5,3,15,0,2020,11,14,5,3,1,5,0,1,1,1,0,0,0,"355530,2137","5644713,638",6.943873952,50.93593386,0,"5,20113E+18"
101118,5,3,15,0,2020,11,7,6,2,3,6,1,1,0,0,0,0,0,"353675,084","5646344,026",6.916834931,50.95011786,0,"5,20113E+18"
101127,5,3,15,0,2020,11,12,4,3,0,2,0,0,1,1,0,0,0,"360973,196","5640912,079",7.022738415,50.90310614,0,"5,20113E+18"
101128,5,3,15,0,2020,11,19,4,3,9,1,2,0,1,0,0,0,0,"362968,1706","5645280,915",7.049451873,50.94284759,0,"5,20113E+18"
101129,5,3,15,0,2020,11,14,4,3,0,2,0,0,1,1,0,0,0,"356061,927","5646110,899",6.950884114,50.94862377,0,"5,20113E+18"
101131,5,3,15,0,2020,11,14,4,3,5,3,0,1,0,0,0,0,1,"354606,403","5643340,919",6.931282716,50.92336542,0,"5,20113E+18"
101232,5,3,15,0,2020,11,16,3,3,0,1,0,0,0,0,0,0,1,"355590,85","5643723,54",6.945128616,50.92705121,0,"5,20112E+18"
101237,5,3,15,0,2020,11,10,6,3,5,2,0,1,1,0,0,0,0,"362417,2832","5636751,381",7.044829938,50.86605807,0,"5,20113E+18"
101289,5,3,15,0,2020,12,10,3,2,8,1,0,0,1,0,0,1,0,"350684,1998","5653313,864",6.871422814,51.0119841,1,"5,2012E+18"
101290,5,3,15,0,2020,12,15,3,3,2,6,0,0,1,0,0,1,0,"360690,0178","5652373,355",7.014327243,51.0060424,1,"5,2012E+18"
101291,5,3,15,0,2020,12,13,3,3,2,2,0,1,1,0,0,0,0,"366934,5534","5634868,32",7.109670903,50.85019088,1,"5,2012E+18"
101293,5,3,15,0,2020,12,19,3,3,8,1,2,0,1,0,0,0,0,"360729,8185","5649031,768",7.016175339,50.97602081,1,"5,2012E+18"
101294,5,3,15,0,2020,12,16,3,3,6,4,2,0,1,1,0,0,0,"362189,1139","5648096,563",7.037303471,50.96796695,1,"5,2012E+18"
101295,5,3,15,0,2020,12,8,3,3,5,3,0,1,1,0,0,0,0,"363798,4846","5648824,517",7.059937279,50.97489214,1,"5,2012E+18"
101296,5,3,15,0,2020,12,22,3,3,2,2,2,0,1,0,0,1,0,"355401,4285","5639504,26",6.944106693,50.88908576,1,"5,2012E+18"
101298,5,3,15,0,2020,12,8,3,3,5,3,0,1,0,0,0,0,0,"353432,8926","5641239,552",6.915441443,50.9041842,1,"5,2012E+18"
101299,5,3,15,0,2020,12,8,3,3,0,3,0,1,1,0,0,0,0,"357512,5758","5641223,211",6.973431986,50.90505863,1,"5,2012E+18"
101300,5,3,15,0,2020,12,11,3,3,2,1,0,0,1,0,1,0,0,"357710,9028","5641357,013",6.976198709,50.90631003,1,"5,2012E+18"
101301,5,3,15,0,2020,12,6,3,3,0,1,2,0,0,0,1,0,0,"355726,0273","5643635,705",6.947085559,50.92629568,1,"5,2012E+18"
101302,5,3,15,0,2020,12,7,3,3,0,1,1,1,0,0,0,0,0,"355437,4489","5645712,011",6.942158446,50.94488277,1,"5,2012E+18"
101407,5,3,15,0,2020,11,16,2,3,2,6,2,0,1,0,0,0,0,"350339,4568","5653710,955",6.866348149,51.01546286,0,"5,20113E+18"