OBJECTID,ULAND,UREGBEZ,UKREIS,UGEMEINDE,UJAHR,UMONAT,USTUNDE,UWOCHENTAG,UKATEGORIE,UART,UTYP1,ULICHTVERH,IstRad,IstPKW,IstFuss,IstKrad,IstGkfz,IstSonstige,LINREFX,LINREFY,XGCSWGS84,YGCSWGS84,USTRZUSTAND,UIDENTSTLAE
206707,5,3,15,0,2020,5,12,5,3,5,2,0,1,1,0,0,0,0,"355568,3363","5641869,232",6.945542716,50.91038122,0,"5,20051E+18"
206708,5,3,15,0,2020,5,7,4,3,5,3,0,0,1,0,0,0,0,"356862,8763","5645763,57",6.96241529,50.9457018,0,"5,20051E+18"
206713,5,3,15,0,2020,5,18,3,3,4,2,0,1,1,0,0,0,0,"359080,8963","5644563,716",6.994432513,50.93546507,0,"5,20051E+18"
206715,5,3,15,0,2020,5,22,6,2,1,1,2,0,1,0,0,0,0,"353226,3481","5644291,221",6.911278059,50.93155601,0,"5,20051E+18"
206716,5,3,15,0,2020,5,11,3,3,0,1,0,1,1,0,0,0,0,"359875,9495","5646276,424",7.005081523,50.95105113,0,"5,20051E+18"
206717,5,3,15,0,2020,5,18,3,3,6,4,0,0,1,1,0,0,0,"359387,6319","5647492,93",6.997664003,50.96186504,0,"5,20051E+18"
206719,5,3,15,0,2020,5,18,3,3,0,1,0,1,0,0,0,0,0,"359246,517","5646086,358",6.996199739,50.94918963,0,"5,20051E+18"
206724,5,3,15,0,2020,5,20,7,3,2,6,1,0,1,0,0,0,0,"356312,4022","5643710,887",6.95539393,50.92711768,0,"5,20051E+18"
206725,5,3,15,0,2020,5,19,3,3,0,2,0,1,1,0,0,0,0,"356557,8217","5648940,417",6.956823483,50.97417581,0,"5,20051E+18"
206727,5,3,15,0,2020,5,0,3,3,0,1,2,0,1,0,0,0,0,"352579,761","5649667,061",6.899905879,50.97970126,0,"5,20051E+18"
206729,5,3,15,0,2020,5,12,3,3,0,1,0,1,0,0,0,0,0,"354838,8729","5642470,057",6.934934677,50.91559771,0,"5,20051E+18"
206735,5,3,15,0,2020,5,15,3,2,0,1,0,1,0,0,0,0,0,"354879,4161","5643827,694",6.934970814,50.92780869,0,"5,20051E+18"
206738,5,3,15,0,2020,5,15,3,3,0,7,0,1,0,1,0,1,0,"355306,7263","5644513,135",6.940775035,50.93407595,0,"5,20051E+18"
206746,5,3,15,0,2020,5,11,3,3,5,5,0,1,1,0,0,0,0,"356328,0027","5645032,209",6.955094896,50.93899611,0,"5,20051E+18"
206747,5,3,15,0,2020,5,7,5,2,0,1,0,1,0,0,0,0,0,"358292,2447","5652222,764",6.980231599,51.0041034,0,"5,20051E+18"
206752,5,3,15,0,2020,5,10,6,3,5,3,0,1,1,0,0,0,0,"349087,8526","5645957,86",6.85173686,50.94546496,0,"5,20051E+18"
206756,5,3,15,0,2020,5,11,5,3,0,1,0,1,0,0,0,0,0,"354860,8161","5642941,878",6.935058896,50.91984339,0,"5,20051E+18"
206759,5,3,15,0,2020,5,10,4,2,6,7,0,0,1,1,0,0,0,"353929,8129","5643033,278",6.921785899,50.92042985,0,"5,20051E+18"
206761,5,3,15,0,2020,5,7,4,3,0,6,0,0,1,0,0,0,0,"356276,4549","5644100,451",6.954729179,50.93060969,0,"5,20051E+18"
206762,5,3,15,0,2020,5,20,4,3,5,3,0,1,0,0,0,0,0,"355359,3502","5645760,245",6.941028326,50.94529665,0,"5,20051E+18"
206837,5,3,15,0,2020,5,17,3,3,5,3,0,1,1,0,0,0,0,"365652,1392","5636324,121",7.090929348,50.86297879,0,"5,20051E+18"
206839,5,3,15,0,2020,5,12,3,3,0,4,0,0,1,1,0,0,0,"360560,63","5647620,224",7.014308071,50.96329413,0,"5,20051E+18"
206841,5,3,15,0,2020,5,10,3,2,3,6,0,1,1,0,0,0,0,"353268,9789","5647178,448",6.910721159,50.95751323,0,"5,20051E+18"
206842,5,3,15,0,2020,5,10,3,3,1,5,0,1,1,0,0,0,0,"356292,5447","5645325,097",6.954475027,50.94161942,0,"5,20051E+18"
206854,5,3,15,0,2020,5,19,5,3,0,1,0,1,0,0,0,0,0,"354430,4028","5646728,273",6.927426901,50.95376221,0,"5,20051E+18"
206863,5,3,15,0,2020,5,8,5,3,0,5,0,1,1,0,0,0,0,"361606,3329","5637650,42",7.0329727,50.87394453,0,"5,20051E+18"
206898,5,3,15,0,2020,5,13,5,3,0,7,0,1,1,0,0,0,0,"353689,1791","5643953,402",6.917995498,50.92863774,0,"5,20051E+18"
206906,5,3,15,0,2020,5,17,2,3,5,7,0,0,1,0,1,0,0,"361890,2573","5649451,171",7.032535323,50.98006956,0,"5,20051E+18"
206908,5,3,15,0,2020,5,15,2,2,1,5,0,1,1,0,0,0,0,"357406,3571","5648650,622",6.969015433,50.97178216,0,"5,20051E+18"
206910,5,3,15,0,2020,5,13,2,3,0,7,0,1,1,0,0,0,0,"356144,7228","5646495,588",6.951910008,50.95210156,0,"5,20051E+18"
206912,5,3,15,0,2020,5,12,2,3,1,6,0,1,1,0,0,0,0,"354497,5735","5642382,632",6.930117594,50.9147261,0,"5,20051E+18"
206972,5,3,15,0,2020,5,10,1,3,1,5,0,0,1,0,0,0,1,"355586,0799","5648479,167",6.943174767,50.96978782,0,"5,20051E+18"
206974,5,3,15,0,2020,5,17,1,3,4,4,0,0,1,1,0,0,0,"348592,3727","5644876,929",6.845138169,50.93562156,1,"5,20051E+18"
206997,5,3,15,0,2020,5,17,4,3,3,6,0,1,0,0,0,0,0,"360930,0154","5640869,8",7.02214079,50.90271577,0,"5,20051E+18"
207003,5,3,15,0,2020,5,15,4,3,6,4,0,0,1,1,0,0,0,"358468,4556","5651083,785",6.983185449,50.99391086,0,"5,20051E+18"
207006,5,3,15,0,2020,5,7,4,3,8,7,0,0,1,0,0,0,1,"353201,0462","5650685,867",6.908338597,50.98901552,0,"5,20051E+18"
207014,5,3,15,0,2020,5,9,4,3,5,2,0,1,1,0,0,0,0,"357394,4518","5648303,604",6.968982047,50.9686606,0,"5,20051E+18"
207024,5,3,15,0,2020,5,18,4,2,0,1,0,1,0,0,0,0,0,"350841,9548","5644399,62",6.877326322,50.93191846,0,"5,20051E+18"
207028,5,3,15,0,2020,5,18,7,3,4,2,0,0,1,0,0,0,0,"355817,332","5648892,987",6.946302056,50.97356465,0,"5,20052E+18"
207035,5,3,15,0,2020,5,11,2,3,1,5,0,1,1,0,0,0,0,"356232,6585","5647664,896",6.952699215,50.96263187,0,"5,20052E+18"
207046,5,3,15,0,2020,5,9,3,3,0,1,0,1,0,0,0,0,0,"354885,8165","5643833,189",6.93505964,50.92785968,0,"5,20052E+18"
207052,5,3,15,0,2020,5,13,7,3,0,1,0,1,0,0,0,0,0,"354258,4388","5640279,244",6.927557869,50.89576313,0,"5,20052E+18"
207065,5,3,15,0,2020,5,14,7,3,0,5,0,1,1,0,0,0,0,"355181,0002","5644067,942",6.939163869,50.93004354,0,"5,20052E+18"
207076,5,3,15,0,2020,5,12,7,3,6,4,0,0,1,1,0,0,0,"364887,839","5639900,257",7.078753536,50.89494168,0,"5,20052E+18"
207083,5,3,15,0,2020,5,7,2,3,5,2,0,1,1,0,0,0,0,"359166,5626","5639251,652",6.997701093,50.88774576,0,"5,20052E+18"
207095,5,3,15,0,2020,5,17,3,3,0,7,0,1,0,1,0,0,0,"357235,8058","5642945,711",6.968824239,50.92047033,0,"5,20052E+18"
207099,5,3,15,0,2020,5,18,1,2,8,1,0,0,0,0,1,0,0,"352324,9602","5653943,003",6.894539634,51.01806142,0,"5,20052E+18"
207134,5,3,15,0,2020,5,12,6,3,0,7,0,1,1,0,0,0,0,"363028,9574","5646409,1",7.049892234,50.95300145,0,"5,20052E+18"
207135,5,3,15,0,2020,5,19,2,3,1,6,0,0,1,0,0,0,0,"355879,4287","5646807,639",6.948012023,50.95483964,0,"5,20052E+18"
207136,5,3,15,0,2020,5,5,6,3,4,1,0,0,1,0,0,0,0,"363621,0781","5644497,36",7.059033131,50.93596026,0,"5,20052E+18"
207142,5,3,15,0,2020,5,13,6,3,5,3,0,1,1,0,0,0,0,"362164,0578","5650587,282",7.036002384,50.99034567,0,"5,20052E+18"
207145,5,3,15,0,2020,5,9,6,3,5,3,0,0,1,0,0,0,1,"360060,1948","5648010,379",7.007036126,50.96667916,0,"5,20052E+18"
207146,5,3,15,0,2020,5,17,2,3,1,3,0,1,1,0,0,0,0,"356723,9696","5645534,556",6.960529355,50.94360917,0,"5,20052E+18"
207147,5,3,15,0,2020,5,13,3,3,0,5,0,1,0,0,0,0,1,"349187,4494","5657488,273",6.848364874,51.04910529,0,"5,20052E+18"
207148,5,3,15,0,2020,5,10,6,3,0,2,0,1,1,0,0,0,0,"353943,1597","5649652,268",6.919320533,50.97991577,0,"5,20052E+18"
207153,5,3,15,0,2020,5,13,6,2,4,6,0,1,1,0,0,0,0,"356018,0666","5645951,948",6.950322988,50.94718435,0,"5,20052E+18"
207157,5,3,15,0,2020,5,12,6,2,5,2,0,1,1,0,0,0,0,"355751,7815","5644073,807",6.947278425,50.93023927,0,"5,20052E+18"
207160,5,3,15,0,2020,5,7,3,3,0,7,0,1,1,0,0,0,0,"355407,96","5644612,042",6.942175522,50.93499019,0,"5,20052E+18"
207185,5,3,15,0,2020,5,11,2,3,0,1,0,1,0,0,0,0,1,"356958,0162","5640522,74",6.965824336,50.89862638,0,"5,20052E+18"
207197,5,3,15,0,2020,5,9,3,2,5,2,0,1,0,0,0,0,1,"357252,3976","5642726,351",6.96914599,50.91850305,0,"5,20052E+18"
207232,5,3,15,0,2020,5,18,2,3,5,6,0,1,1,0,0,0,0,"354035,6446","5642783,574",6.923390489,50.91821261,0,"5,20052E+18"
207245,5,3,15,0,2020,5,17,3,3,1,3,0,1,1,0,0,0,0,"356466,9922","5646280,818",6.956579753,50.9502518,0,"5,20052E+18"
207251,5,3,15,0,2020,5,13,1,2,0,1,0,1,0,0,0,0,0,"358960,365","5639860,172",6.994536481,50.89316432,0,"5,20052E+18"
207277,5,3,15,0,2020,5,9,4,3,5,2,0,1,0,0,0,0,0,"355698,4192","5649947,575",6.944190837,50.98301218,0,"5,20052E+18"
207279,5,3,15,0,2020,5,17,7,3,5,3,0,1,1,0,0,0,0,"349862,519","5650253,395",6.86098344,50.98426813,0,"5,20052E+18"
207280,5,3,15,0,2020,5,2,7,3,0,4,2,0,1,1,0,0,0,"353327,0318","5642783,042",6.913316521,50.91802816,0,"5,20052E+18"
207281,5,3,15,0,2020,5,12,7,3,0,7,0,0,0,0,0,0,1,"354740,2253","5644298,588",6.932803896,50.93200547,0,"5,20052E+18"
207282,5,3,15,0,2020,5,20,4,3,0,1,0,1,1,0,0,0,0,"353770,709","5642213,306",6.919852523,50.91302071,0,"5,20052E+18"
207342,5,3,15,0,2020,5,11,6,3,0,6,0,0,1,0,0,1,0,"356001,686","5650093,125",6.948450723,50.98439613,0,"5,20052E+18"
207343,5,3,15,0,2020,5,15,6,3,5,3,0,1,1,0,0,0,0,"350888,745","5652431,677",6.87469904,51.00410958,0,"5,20052E+18"
207344,5,3,15,0,2020,5,17,6,3,6,3,0,0,1,1,0,0,0,"352935,3097","5648265,638",6.905534063,50.96719825,0,"5,20052E+18"
207346,5,3,15,0,2020,5,19,6,2,2,7,0,0,1,0,1,0,0,"354476,3315","5643591,65",6.929333235,50.92558589,0,"5,20052E+18"
207349,5,3,15,0,2020,5,13,6,2,5,2,0,0,1,0,1,0,0,"357147,9412","5642088,829",6.967910531,50.91274782,0,"5,20052E+18"
207350,5,3,15,0,2020,5,20,6,3,0,1,0,0,0,0,0,0,1,"354914,7675","5642126,612",6.936150177,50.91253033,1,"5,20052E+18"
207351,5,3,15,0,2020,5,17,6,3,5,3,0,1,0,0,0,0,0,"354414,2475","5641623,431",6.929235935,50.90788233,0,"5,20052E+18"
207352,5,3,15,0,2020,5,22,6,3,6,2,2,0,1,1,0,0,0,"356451,2208","5645892,753",6.956508355,50.9467604,1,"5,20052E+18"
207378,5,3,15,0,2020,5,19,1,3,1,3,0,1,1,0,0,0,0,"355386,066","5647250,914",6.940816246,50.95869965,1,"5,20052E+18"
207381,5,3,15,0,2020,5,15,1,3,1,5,0,1,1,0,0,0,0,"354265,4738","5643518,523",6.926364253,50.92487549,0,"5,20052E+18"
207433,5,3,15,0,2020,5,18,5,2,0,1,0,1,0,0,0,0,0,"361345,7689","5636006,388",7.029894658,50.85910654,0,"5,20052E+18"
207435,5,3,15,0,2020,5,12,5,3,3,6,0,1,1,0,0,0,0,"362769,454","5637014,232",7.049732888,50.86850415,0,"5,20052E+18"
207437,5,3,15,0,2020,5,14,5,3,5,3,0,1,1,0,0,0,0,"357613,2954","5647506,798",6.972408639,50.96155391,0,"5,20052E+18"
207440,5,3,15,0,2020,5,19,5,3,5,3,0,1,1,0,0,0,0,"354479,2789","5645362,218",6.928668182,50.94149824,0,"5,20052E+18"
207442,5,3,15,0,2020,5,19,5,3,5,3,0,1,1,0,0,0,0,"355132,0725","5645922,334",6.937730773,50.94669624,0,"5,20052E+18"
207444,5,3,15,0,2020,5,12,5,3,0,7,0,1,0,0,0,0,0,"355785,7461","5648738,185",6.945913858,50.97216558,0,"5,20052E+18"
207519,5,3,15,0,2020,5,23,7,3,1,5,2,0,1,0,0,0,0,"366149,9563","5648384,006",7.093573933,50.97148436,0,"5,20052E+18"
207526,5,3,15,0,2020,5,20,4,3,6,4,0,0,1,1,0,0,0,"363657,901","5644493,475",7.059558333,50.93593405,0,"5,20052E+18"
207527,5,3,15,0,2020,5,11,4,3,6,2,0,0,1,1,0,0,0,"362213,8507","5651283,098",7.036447459,50.99661104,0,"5,20052E+18"
207534,5,3,15,0,2020,5,10,5,3,0,1,0,1,0,0,0,0,0,"353007,5372","5641349,815",6.909351703,50.90506696,0,"5,20053E+18"
207546,5,3,15,0,2020,5,12,4,3,5,2,0,1,1,0,0,0,0,"362339,907","5648507,897",7.039294021,50.97169978,0,"5,20053E+18"
207557,5,3,15,0,2020,5,14,3,3,6,6,0,0,1,1,0,0,0,"363724,1413","5639349,675",7.062421636,50.88971989,0,"5,20053E+18"
207558,5,3,15,0,2020,5,12,4,3,0,7,0,1,0,0,0,0,0,"352335,9965","5645968,742",6.897936754,50.94640387,0,"5,20053E+18"
207568,5,3,15,0,2020,5,17,3,3,0,1,0,1,0,0,0,0,0,"351879,1391","5652718,712",6.888687823,51.00694482,0,"5,20053E+18"
207573,5,3,15,0,2020,5,7,5,3,4,1,0,0,1,0,0,0,0,"354029,5234","5645337,665",6.922280725,50.9411639,0,"5,20053E+18"
207584,5,3,15,0,2020,5,18,5,3,2,7,0,1,1,0,0,0,0,"355669,6358","5643799,187",6.946218982,50.92775076,0,"5,20053E+18"
207606,5,3,15,0,2020,5,11,3,2,5,2,0,1,0,0,0,1,0,"354121,2352","5648886,48",6.922162827,50.97307907,0,"5,20053E+18"
207611,5,3,15,0,2020,5,1,4,2,8,1,2,0,1,0,0,0,0,"350110,0519","5656574,523",6.861895957,51.04113568,0,"5,20053E+18"
207620,5,3,15,0,2020,5,19,4,3,3,6,0,1,1,0,0,0,0,"354883,6216","5644873,43",6.934614252,50.93720753,0,"5,20053E+18"
207625,5,3,15,0,2020,5,16,3,3,5,3,0,1,1,0,0,0,0,"356098,9558","5642218,59",6.952947542,50.91365338,0,"5,20053E+18"
207631,5,3,15,0,2020,5,16,3,3,6,4,0,0,1,1,0,0,0,"354005,9982","5642583,675",6.923049013,50.91640867,0,"5,20053E+18"
207636,5,3,15,0,2020,5,15,3,3,1,7,0,1,1,0,0,0,0,"353702,1485","5643338,952",6.918426466,50.92311917,0,"5,20053E+18"
207637,5,3,15,0,2020,5,15,5,3,6,6,0,1,0,1,0,0,0,"357367,4979","5641208,407",6.97137574,50.90488977,0,"5,20053E+18"
207646,5,3,15,0,2020,5,18,3,2,5,2,0,0,1,0,1,0,0,"355906,9664","5645484,98",6.948927234,50.94296004,0,"5,20053E+18"
207650,5,3,15,0,2020,5,11,4,3,3,6,0,1,1,0,0,0,1,"364692,6343","5649000,187",7.07260049,50.97668174,0,"5,20053E+18"
207658,5,3,15,0,2020,5,9,3,3,1,5,0,1,1,0,0,0,0,"355819,7095","5645193,393",6.947801447,50.94031778,0,"5,20053E+18"
207662,5,3,15,0,2020,5,16,4,3,5,3,0,1,1,0,0,0,0,"353679,976","5648396,476",6.916079298,50.96856367,0,"5,20053E+18"
207671,5,3,15,0,2020,5,13,3,3,1,5,0,1,0,0,0,1,0,"357939,2295","5648339,404",6.976721718,50.96911695,0,"5,20053E+18"
207672,5,3,15,0,2020,5,10,4,3,1,7,0,0,1,0,0,0,0,"356650,6847","5646199,525",6.959225137,50.94956695,0,"5,20053E+18"
207673,5,3,15,0,2020,5,15,2,3,0,7,0,1,0,0,0,0,0,"363920,3562","5638507,101",7.065523486,50.88219348,0,"5,20053E+18"
207677,5,3,15,0,2020,5,14,5,3,1,6,0,0,1,0,0,0,0,"353638,5572","5648353,728",6.915507022,50.96816899,0,"5,20053E+18"
207685,5,3,15,0,2020,5,13,2,3,4,5,0,1,1,0,0,0,0,"359424,4396","5644626,014",6.999294614,50.93610879,0,"5,20053E+18"
207688,5,3,15,0,2020,5,14,5,3,2,7,0,0,1,0,1,0,0,"357162,9679","5641715,266",6.968270365,50.90939433,0,"5,20053E+18"
207691,5,3,15,0,2020,5,15,2,3,5,2,0,1,1,0,0,0,0,"357890,8499","5648125,764",6.976116608,50.96718505,0,"5,20053E+18"
207712,5,3,15,0,2020,5,7,3,3,2,6,0,0,1,0,0,0,0,"357353,112","5649788,904",6.967810933,50.98199858,0,"5,20053E+18"
207713,5,3,15,0,2020,5,11,4,2,0,1,0,1,0,0,0,0,0,"354205,5793","5643377,361",6.92556906,50.92359177,0,"5,20053E+18"
207716,5,3,15,0,2020,5,7,4,3,3,6,0,1,0,0,0,0,0,"355046,8557","5648409,765",6.935527811,50.96902868,0,"5,20053E+18"
207727,5,3,15,0,2020,5,7,5,2,5,2,0,1,0,0,0,1,0,"360079,0687","5636801,113",7.011604056,50.86594385,0,"5,20053E+18"
207753,5,3,15,0,2020,5,19,4,3,5,3,0,1,1,0,0,0,0,"362950,2821","5649417,349",7.047639416,50.98001887,0,"5,20053E+18"
207764,5,3,15,0,2020,5,16,4,3,5,2,0,1,1,0,0,0,0,"354977,1579","5651193,478",6.933425107,50.99402747,0,"5,20053E+18"
207771,5,3,15,0,2020,5,9,3,3,5,3,0,1,1,0,0,0,0,"354488,3949","5648983,863",6.927349864,50.9740471,0,"5,20053E+18"
207772,5,3,15,0,2020,5,13,4,3,2,6,0,0,1,0,0,0,0,"356205,8151","5645037,365",6.953354932,50.93901199,0,"5,20053E+18"
207860,5,3,15,0,2020,5,18,7,3,0,1,0,1,0,0,0,0,0,359355,"5643115,714",6.99888968,50.92251862,0,"5,20053E+18"
207861,5,3,15,0,2020,5,17,7,3,2,6,0,0,1,0,0,0,0,"357284,7946","5646828,398",6.967999953,50.95537593,0,"5,20053E+18"
207862,5,3,15,0,2020,5,13,7,3,2,6,0,0,1,0,0,0,1,"357395,4333","5648491,51",6.96892234,50.97034954,0,"5,20053E+18"
207863,5,3,15,0,2020,5,0,7,3,1,5,2,1,1,0,0,0,0,"356166,1509","5646257,752",6.952308833,50.94996952,0,"5,20053E+18"
207920,5,3,15,0,2020,5,18,1,3,5,3,0,0,1,1,0,0,0,"356738,8406","5651149,9",6.958529115,50.99407707,0,"5,20053E+18"
207931,5,3,15,0,2020,5,19,1,3,0,2,0,0,1,1,0,0,0,"353423,9089","5647075,73",6.912966982,50.95662957,0,"5,20053E+18"
207942,5,3,15,0,2020,5,11,1,3,0,1,0,1,0,0,0,0,0,"357847,1027","5641349,092",6.978137698,50.9062724,0,"5,20053E+18"
207983,5,3,15,0,2020,5,20,1,3,6,6,1,1,0,1,0,0,0,"355373,4724","5644982,412",6.941538034,50.93830998,0,"5,20053E+18"
207986,5,3,15,0,2020,5,0,1,3,0,1,2,1,0,0,0,0,0,"354825,6643","5644986,207",6.933745008,50.93820644,0,"5,20053E+18"
207990,5,3,15,0,2020,5,5,6,3,0,3,0,0,1,0,1,0,0,"359520,4668","5644688,865",7.000636176,50.93669704,0,"5,20053E+18"
207993,5,3,15,0,2020,5,18,6,3,1,5,0,1,1,0,0,0,0,"357766,456","5644752,147",6.975664212,50.93683581,0,"5,20053E+18"
207994,5,3,15,0,2020,5,9,6,3,5,3,0,1,1,0,0,0,0,"354420,1253","5645419,739",6.927803795,50.94200023,0,"5,20053E+18"
207995,5,3,15,0,2020,5,11,6,3,0,7,0,1,0,0,0,0,0,"353346,3726","5641647,4",6.914047921,50.90782743,0,"5,20053E+18"
207996,5,3,15,0,2020,5,11,6,3,0,7,0,1,0,0,0,0,0,"353786,0325","5642237,704",6.920060574,50.91324385,0,"5,20053E+18"
207999,5,3,15,0,2020,5,11,6,3,0,7,0,1,0,0,0,0,0,"353755,3624","5642188,872",6.919644161,50.91279724,0,"5,20053E+18"
208017,5,3,15,0,2020,5,14,5,3,2,6,0,0,1,0,0,0,0,"358995,7531","5645112,219",6.993009278,50.94037369,0,"5,20053E+18"
208023,5,3,15,0,2020,5,17,5,3,5,3,0,0,0,0,1,0,1,"361088,0667","5648968,822",7.021299172,50.97554163,0,"5,20053E+18"
208025,5,3,15,0,2020,5,14,5,3,1,5,0,1,1,0,0,0,0,"356097,9368","5648051,114",6.950629274,50.96606911,0,"5,20053E+18"
208032,5,3,15,0,2020,5,16,5,3,0,1,0,1,0,0,0,0,0,"356534,3979","5651364,128",6.955533163,50.99595137,0,"5,20053E+18"
208040,5,3,15,0,2020,5,19,5,3,2,6,0,0,1,0,0,0,0,"355371,9309","5648198,121",6.940238594,50.96720841,0,"5,20053E+18"
208055,5,3,15,0,2020,6,16,5,3,1,6,0,0,1,0,1,0,0,"352228,359","5648424,228",6.895408631,50.96844251,1,"5,2006E+18"
208056,5,3,15,0,2020,6,0,4,3,1,7,2,0,1,0,1,0,0,"355078,8706","5644790,727",6.937424122,50.93651339,0,"5,2006E+18"
208058,5,3,15,0,2020,6,8,4,2,5,2,0,1,1,0,0,0,0,"352858,2008","5651027,119",6.903318845,50.99199464,0,"5,2006E+18"
208095,5,3,15,0,2020,6,16,3,3,5,2,0,1,1,0,0,0,0,"359558,8929","5644285,581",7.001338135,50.93308204,0,"5,2006E+18"
208097,5,3,15,0,2020,6,16,4,2,0,6,0,1,0,0,0,1,0,"361329,3341","5641036,523",7.027752987,50.9043102,0,"5,2006E+18"
208104,5,3,15,0,2020,6,12,4,2,3,6,0,0,1,0,0,0,0,"361959,1053","5646625,581",7.034587806,50.95469178,0,"5,2006E+18"
208107,5,3,15,0,2020,6,16,3,3,0,5,0,1,1,0,0,0,0,"354743,7835","5645110,969",6.932530676,50.93930702,0,"5,2006E+18"
208108,5,3,15,0,2020,6,18,5,3,5,3,1,1,1,0,0,0,0,"357891,8619","5648126,176",6.97613085,50.967189,1,"5,2006E+18"
208109,5,3,15,0,2020,6,14,4,3,2,6,0,0,1,0,0,0,0,"353304,8211","5647925,01",6.910930181,50.96423139,0,"5,2006E+18"
208118,5,3,15,0,2020,6,14,5,3,6,7,0,0,1,1,0,0,0,"354292,2538","5641981,109",6.927359146,50.91106591,1,"5,2006E+18"
208138,5,3,15,0,2020,6,6,3,3,6,7,0,0,0,1,0,0,1,"356722,1767","5645526,175",6.960507147,50.94353341,0,"5,2006E+18"
208144,5,3,15,0,2020,6,7,3,3,8,1,0,0,0,0,0,0,1,"352911,008","5653812,866",6.902941918,51.01704216,0,"5,2006E+18"
208147,5,3,15,0,2020,6,13,4,3,0,1,0,1,0,0,0,0,0,"359265,9164","5646081,743",6.996477516,50.94915289,0,"5,2006E+18"
208159,5,3,15,0,2020,6,20,5,3,0,7,0,0,0,0,1,0,0,"356006,991","5651107,14",6.94812435,50.99351016,1,"5,2006E+18"
208160,5,3,15,0,2020,6,19,4,3,0,1,0,1,0,0,0,0,0,"354249,9555","5642568,014",6.926523442,50.9163296,0,"5,2006E+18"
208171,5,3,15,0,2020,6,21,5,3,5,3,1,1,1,0,0,0,0,"355611,4486","5643804,716",6.945389373,50.92778589,1,"5,2006E+18"
208211,5,3,15,0,2020,6,15,5,3,0,3,0,0,1,0,0,0,1,"354469,1802","5646348,964",6.928130238,50.95036327,1,"5,2006E+18"
208214,5,3,15,0,2020,6,14,3,3,1,7,0,1,1,0,0,0,0,"359699,5695","5638910,824",7.005405055,50.88481236,0,"5,2006E+18"
208215,5,3,15,0,2020,6,14,5,3,5,2,0,1,0,0,0,0,1,"360430,363","5645004,944",7.013456773,50.93975864,1,"5,2006E+18"
208216,5,3,15,0,2020,6,13,4,3,2,6,0,0,1,0,0,0,0,"354047,209","5645325,618",6.922537109,50.94106011,0,"5,2006E+18"
208252,5,3,15,0,2020,6,17,3,3,5,3,0,1,1,0,0,0,0,"359953,644","5647760,425",7.005615882,50.9644069,0,"5,2006E+18"
208254,5,3,15,0,2020,6,7,4,3,5,3,0,1,0,0,0,0,0,"357646,1365","5643296,231",6.974521485,50.92372183,0,"5,2006E+18"
208259,5,3,15,0,2020,6,19,2,3,0,7,0,1,0,0,0,0,0,"358863,7504","5647939,51",6.99003553,50.96575037,0,"5,2006E+18"
208261,5,3,15,0,2020,6,20,2,2,5,3,0,1,1,0,0,0,0,"352516,6978","5648476,262",6.899491153,50.96898401,0,"5,2006E+18"
208263,5,3,15,0,2020,6,12,3,3,6,4,0,1,0,1,0,0,0,"355579,852","5645141,221",6.944410451,50.9397889,0,"5,2006E+18"
208264,5,3,15,0,2020,6,14,5,3,6,4,0,1,0,1,0,0,0,"355971,3713","5647745,694",6.948948951,50.96329273,1,"5,2006E+18"
208265,5,3,15,0,2020,6,10,4,3,2,6,0,0,1,0,0,0,1,"352996,2819","5646481,006",6.907122689,50.95117613,0,"5,2006E+18"
208267,5,3,15,0,2020,6,14,2,3,0,7,0,0,1,0,0,0,0,"353880,0652","5643375,851",6.920941355,50.92349585,0,"5,2006E+18"
208270,5,3,15,0,2020,6,9,2,3,0,1,0,1,0,0,0,0,0,"354732,8478","5643303,106",6.933095634,50.92305746,0,"5,2006E+18"
208272,5,3,15,0,2020,6,15,5,3,6,4,0,0,1,1,0,0,0,"356015,7831","5643277,529",6.951347188,50.92314919,1,"5,2006E+18"
208274,5,3,15,0,2020,6,13,2,3,0,1,0,1,0,0,0,0,0,"356035,0763","5643159,948",6.951667928,50.92209732,0,"5,2006E+18"
208276,5,3,15,0,2020,6,19,5,3,1,1,0,1,1,0,0,0,0,"353759,4329","5643145,117",6.91931868,50.92139176,1,"5,2006E+18"
208300,5,3,15,0,2020,6,9,3,3,5,2,0,1,1,0,0,0,0,"352493,023","5644787,983",6.900648591,50.93583313,0,"5,2006E+18"
208337,5,3,15,0,2020,6,21,1,3,5,2,0,1,0,0,0,0,0,"360319,47","5649522,822",7.010145238,50.98033458,0,"5,20061E+18"
208338,5,3,15,0,2020,6,17,1,3,5,3,0,1,1,0,0,0,0,"349444,9575","5657604,327",6.851987703,51.05021572,0,"5,20061E+18"
208342,5,3,15,0,2020,6,16,1,2,0,1,0,1,0,0,0,0,0,"349940,5738","5642646,722",6.865229562,50.91593248,0,"5,20061E+18"
208343,5,3,15,0,2020,6,3,1,3,0,1,2,1,0,0,0,0,0,"355257,9836","5642314,018",6.940954738,50.91430069,0,"5,20061E+18"
208344,5,3,15,0,2020,6,16,1,3,2,2,0,0,1,0,0,0,0,"355891,2108","5642816,525",6.949758104,50.91897512,0,"5,20061E+18"