OBJECTID,ULAND,UREGBEZ,UKREIS,UGEMEINDE,UJAHR,UMONAT,USTUNDE,UWOCHENTAG,UKATEGORIE,UART,UTYP1,ULICHTVERH,IstRad,IstPKW,IstFuss,IstKrad,IstGkfz,IstSonstige,LINREFX,LINREFY,XGCSWGS84,YGCSWGS84,USTRZUSTAND,UIDENTSTLAE
214978,5,3,15,0,2020,9,7,3,3,2,2,0,0,1,0,0,0,0,"352731,0775","5647099,318",6.903099563,50.95666491,0,"5,20092E+18"
214979,5,3,15,0,2020,9,20,2,3,5,2,2,1,1,0,0,0,0,"352350,6701","5645757,342",6.898231191,50.94450788,0,"5,20091E+18"
214981,5,3,15,0,2020,9,14,2,3,5,3,0,0,1,0,1,0,0,"358840,1901","5637639,545",6.993686451,50.87317783,0,"5,20091E+18"
214989,5,3,15,0,2020,9,10,2,3,1,6,0,1,1,0,0,0,0,"359093,9854","5639707,006",6.996494287,50.89182041,0,"5,20091E+18"
214996,5,3,15,0,2020,9,15,4,3,0,2,0,1,1,0,0,0,0,"363711,5371","5640155,095",7.061942032,50.89695564,0,"5,20092E+18"
214997,5,3,15,0,2020,9,9,2,3,5,3,0,1,1,0,0,0,1,"355975,6633","5644885,112",6.950141569,50.93758629,0,"5,20091E+18"
215003,5,3,15,0,2020,9,16,7,2,0,1,0,1,0,0,0,0,0,"355286,9788","5641948,508",6.941511889,50.91102319,0,"5,20092E+18"
215015,5,3,15,0,2020,9,18,6,3,1,5,0,0,1,0,0,0,1,"360286,6042","5647125,909",7.010598105,50.95878527,0,"5,20092E+18"
215026,5,3,15,0,2020,9,18,6,3,0,1,0,1,0,0,0,0,0,"356567,9438","5643760,736",6.959008085,50.92762925,0,"5,20092E+18"
215041,5,3,15,0,2020,9,2,7,3,0,1,2,0,0,0,0,0,1,"351062,591","5645564,093",6.879987935,50.94243995,0,"5,20092E+18"
215052,5,3,15,0,2020,9,15,7,3,2,6,0,1,0,0,0,0,0,"354976,1211","5643911,488",6.936312614,50.92858605,0,"5,20092E+18"
215078,5,3,15,0,2020,9,15,6,3,0,4,0,0,1,1,0,0,0,"352372,7696","5649443,018",6.897050265,50.97763487,0,"5,20092E+18"
215088,5,3,15,0,2020,9,9,7,2,0,1,0,1,0,0,0,0,0,"353725,6406","5647486,756",6.917094967,50.96039997,0,"5,20092E+18"
215118,5,3,15,0,2020,9,18,6,3,0,5,0,1,1,0,0,0,0,"362512,4836","5636690,583",7.046204826,50.8655343,0,"5,20092E+18"
215125,5,3,15,0,2020,9,19,5,2,0,7,2,1,0,0,0,0,0,"359202,7303","5640544,97",6.997716462,50.89937784,0,"5,20092E+18"
215131,5,3,15,0,2020,9,16,6,3,0,2,0,1,0,0,0,0,1,"347775,1004","5645091,546",6.833425808,50.937335,0,"5,20092E+18"
215132,5,3,15,0,2020,9,13,5,3,5,2,0,1,1,0,0,0,0,"355269,6866","5647193,658",6.939183014,50.95815589,0,"5,20092E+18"
215135,5,3,15,0,2020,9,7,5,2,1,5,0,1,1,0,0,0,0,"354989,4176","5648193,295",6.934796627,50.96706887,0,"5,20092E+18"
215137,5,3,15,0,2020,9,13,5,3,6,4,0,1,0,1,0,0,0,"354785,2864","5646916,074",6.932401178,50.95553945,0,"5,20092E+18"
215143,5,3,15,0,2020,9,15,5,3,6,4,0,0,0,1,0,0,1,"356832,9511","5637984,693",6.965041395,50.87578597,0,"5,20092E+18"
215145,5,3,15,0,2020,9,17,7,3,0,1,0,0,0,0,0,0,1,"356964,5835","5646815,314",6.963448959,50.95517896,0,"5,20092E+18"
215155,5,3,15,0,2020,9,14,5,3,0,7,0,1,0,0,0,0,0,"354790,9704","5642384,946",6.934287563,50.91482079,0,"5,20092E+18"
215157,5,3,15,0,2020,9,2,7,3,1,1,2,0,1,0,0,0,1,"355699,1949","5645990,629",6.94577143,50.94745223,0,"5,20092E+18"
215182,5,3,15,0,2020,9,7,6,3,0,7,0,1,0,0,0,0,0,"355209,338","5644983,986",6.939202906,50.93828294,0,"5,20092E+18"
215185,5,3,15,0,2020,9,7,6,3,0,1,0,1,0,0,0,0,0,"354399,2183","5647042,222",6.926857637,50.95657569,0,"5,20092E+18"
215197,5,3,15,0,2020,9,20,7,2,1,1,1,1,1,0,0,0,0,"348083,3836","5645031,546",6.837835187,50.93687712,0,"5,20092E+18"
215236,5,3,15,0,2020,9,9,6,3,0,7,0,1,0,0,0,0,0,"354310,1999","5647124,086",6.925558265,50.95728888,0,"5,20092E+18"
215248,5,3,15,0,2020,9,13,7,3,3,2,0,0,1,0,0,0,0,"363887,512","5644370,222",7.062870231,50.93488056,0,"5,20092E+18"
215290,5,3,15,0,2020,9,15,3,3,2,6,0,1,1,0,0,0,0,"352241,1068","5644644,528",6.89712401,50.93447947,0,"5,20092E+18"
215295,5,3,15,0,2020,9,21,2,3,0,1,1,1,0,0,0,0,0,"365133,5219","5648102,373",7.079209967,50.96871607,0,"5,20092E+18"
215297,5,3,15,0,2020,9,19,4,3,0,1,2,1,0,0,0,0,0,"353243,6151","5644798,024",6.911319529,50.93611486,0,"5,20092E+18"
215305,5,3,15,0,2020,9,14,2,3,0,2,0,1,1,0,0,0,0,"356556,9701","5648939,157",6.956811859,50.97416427,0,"5,20092E+18"
215328,5,3,15,0,2020,9,17,3,3,6,4,0,0,1,1,0,0,0,"362149,8408","5651607,796",7.035412576,50.99951384,0,"5,20092E+18"
215339,5,3,15,0,2020,9,17,3,2,0,1,0,1,0,0,0,0,0,"353729,7145","5643132,275",6.918901302,50.92126881,0,"5,20092E+18"
215344,5,3,15,0,2020,9,18,2,3,5,2,0,1,1,0,0,0,0,"357112,5597","5649258,909",6.964594605,50.97717595,0,"5,20092E+18"
215346,5,3,15,0,2020,9,6,4,3,5,2,1,1,1,0,0,0,0,"356062,9225","5643471,729",6.951940788,50.9249062,0,"5,20092E+18"
215350,5,3,15,0,2020,9,22,4,3,5,2,2,0,1,0,0,0,0,"355783,3507","5652125,744",6.944535148,51.00260806,0,"5,20092E+18"
215356,5,3,15,0,2020,9,17,2,3,5,3,0,1,1,0,0,0,0,"350180,3278","5644449,802",6.867897011,50.93219795,0,"5,20092E+18"
215357,5,3,15,0,2020,9,8,2,3,2,6,0,0,1,0,1,0,0,"353215,4704","5647213,126",6.909945816,50.95781124,0,"5,20092E+18"
215364,5,3,15,0,2020,9,12,2,3,0,1,0,0,0,0,0,0,1,"353303,1688","5645794,12",6.911765411,50.94508154,0,"5,20092E+18"
215368,5,3,15,0,2020,9,19,2,3,0,3,2,0,0,0,1,1,0,"359707,9075","5638905,062",7.005525728,50.8847626,0,"5,20092E+18"
215378,5,3,15,0,2020,9,20,2,3,3,2,2,0,1,0,0,0,0,"356762,8355","5641884,756",6.962516155,50.91081837,0,"5,20092E+18"
215381,5,3,15,0,2020,9,10,3,3,5,3,0,1,1,0,0,0,0,"354537,236","5645319,209",6.929509737,50.94112635,0,"5,20092E+18"
215390,5,3,15,0,2020,9,15,2,3,0,7,0,0,1,0,0,0,1,"354333,1264","5643216,336",6.92744691,50.9221769,0,"5,20092E+18"
215393,5,3,15,0,2020,9,23,3,3,0,1,2,0,0,0,0,0,1,"356359,7388","5646034,261",6.955151131,50.94800932,0,"5,20092E+18"
215399,5,3,15,0,2020,9,15,2,3,0,1,0,1,0,0,0,0,0,"353672,0438","5652584,466",6.914279751,51.00619728,1,"5,20092E+18"
215403,5,3,15,0,2020,9,17,2,2,5,3,0,0,1,0,1,0,0,"359650,0344","5646820,229",7.001657645,50.95588339,0,"5,20092E+18"
215405,5,3,15,0,2020,9,15,4,3,0,2,0,0,1,1,0,0,0,"351267,5787","5648291,466",6.881789273,50.96700219,0,"5,20092E+18"
215410,5,3,15,0,2020,9,15,2,3,5,3,0,0,1,0,0,0,0,"353215,8484","5643739,078",6.911351065,50.92659144,0,"5,20092E+18"
215412,5,3,15,0,2020,9,7,2,2,5,3,1,1,1,0,0,0,0,"355429,6539","5643261,216",6.943019759,50.92285602,0,"5,20092E+18"
215437,5,3,15,0,2020,9,17,3,3,1,2,0,0,1,0,1,0,0,"363913,456","5638705,053",7.06535175,50.88397096,1,"5,20092E+18"
215444,5,3,15,0,2020,9,9,4,3,0,2,0,1,1,0,0,0,0,"359354,111","5643118,751",6.998875868,50.92254569,0,"5,20092E+18"
215449,5,3,15,0,2020,9,18,3,3,5,3,0,1,1,0,0,0,0,"356230,7462","5640935,681",6.955326384,50.90215684,0,"5,20092E+18"
215454,5,3,15,0,2020,9,20,2,3,0,1,2,1,0,0,0,0,0,"362461,628","5649035,256",7.040827139,50.97646838,0,"5,20092E+18"
215457,5,3,15,0,2020,9,17,4,3,0,4,0,1,0,1,0,0,0,"354237,3358","5642038,86",6.926555436,50.91157104,0,"5,20092E+18"
215465,5,3,15,0,2020,9,17,2,3,5,3,0,1,1,0,0,0,0,"356234,212","5650151,004",6.951738365,50.98497439,0,"5,20092E+18"
215476,5,3,15,0,2020,9,11,1,3,0,6,0,0,1,0,1,0,0,"359897,8413","5645750,086",7.005595502,50.94632619,0,"5,20092E+18"
215478,5,3,15,0,2020,9,14,1,3,5,3,0,0,1,0,0,0,0,"364428,198","5649479,802",7.068657111,50.98093005,0,"5,20092E+18"
215481,5,3,15,0,2020,9,10,1,2,6,4,0,1,0,1,0,0,0,"356398,8654","5648068,402",6.95490518,50.96629955,0,"5,20092E+18"
215483,5,3,15,0,2020,9,14,1,3,6,4,0,0,1,1,0,0,0,"353710,1538","5646117,353",6.917424918,50.94808973,0,"5,20092E+18"
215488,5,3,15,0,2020,9,13,3,3,5,3,0,1,0,0,0,0,1,"357428,906","5649163,671",6.969135218,50.97639846,0,"5,20092E+18"
215489,5,3,15,0,2020,9,13,1,3,0,7,0,0,0,0,0,0,1,"356550,9107","5641485,52",6.959660583,50.90717784,0,"5,20092E+18"
215491,5,3,15,0,2020,9,12,1,2,5,3,0,0,1,0,0,0,0,"355183,283","5643730,716",6.939330291,50.92701353,0,"5,20092E+18"
215494,5,3,15,0,2020,9,0,1,3,0,1,2,1,0,0,0,0,0,"355134,6949","5644047,758",6.938513402,50.92985052,0,"5,20092E+18"
215499,5,3,15,0,2020,9,19,3,3,0,5,1,1,1,0,0,0,0,"356402,9108","5645623,329",6.955927333,50.94432709,0,"5,20092E+18"
215504,5,3,15,0,2020,9,17,2,3,5,3,0,1,1,0,0,0,0,"351917,1677","5654435,908",6.888528528,51.02238597,0,"5,20092E+18"
215509,5,3,15,0,2020,9,8,4,3,0,1,0,0,0,0,0,0,1,"349982,396","5659211,975",6.85898331,51.06480287,0,"5,20092E+18"
215540,5,3,15,0,2020,9,7,5,3,0,1,1,1,0,0,0,0,0,"366323,8866","5636395,907",7.100442972,50.86377968,1,"5,20092E+18"
215543,5,3,15,0,2020,9,15,5,3,2,6,0,0,1,0,1,0,0,"363253,667","5639558,474",7.05565836,50.89148528,0,"5,20092E+18"
215548,5,3,15,0,2020,9,15,5,3,2,6,0,0,1,0,0,0,0,"357764,0991","5648314,408",6.974238892,50.96884909,0,"5,20092E+18"
215552,5,3,15,0,2020,9,9,5,3,3,6,0,0,1,0,1,0,0,"357417,341","5648837,114",6.96909865,50.97346087,0,"5,20092E+18"
215553,5,3,15,0,2020,9,19,7,3,1,5,1,0,1,0,1,0,0,"362959,9991","5639753,891",7.051412082,50.89317199,1,"5,20093E+18"
215554,5,3,15,0,2020,9,13,5,3,6,1,0,0,1,1,0,0,0,"348859,2262","5646220,361",6.848375831,50.94776396,0,"5,20092E+18"
215556,5,3,15,0,2020,9,15,7,3,1,7,0,0,1,0,0,0,0,"356289,7289","5648536,135",6.953167169,50.97047577,1,"5,20093E+18"
215557,5,3,15,0,2020,9,11,5,3,0,3,0,1,1,0,0,0,0,"355211,4344","5648403,602",6.937872626,50.96901469,0,"5,20092E+18"
215558,5,3,15,0,2020,9,12,7,3,5,3,0,1,1,0,0,0,0,"357562,1275","5649460,386",6.97091537,50.97909797,1,"5,20093E+18"
215559,5,3,15,0,2020,9,20,7,3,4,2,1,0,1,0,0,0,1,"353023,907","5645826,275",6.907779964,50.94529937,1,"5,20093E+18"
215560,5,3,15,0,2020,9,19,7,2,1,7,2,0,1,0,0,0,0,"356770,0599","5635343,099",6.965182109,50.8520303,1,"5,20093E+18"
215561,5,3,15,0,2020,9,2,7,3,1,5,2,0,1,0,1,0,0,"360429,0243","5636928,576",7.016525409,50.86717399,1,"5,20093E+18"
215562,5,3,15,0,2020,9,14,5,3,3,6,0,0,1,0,0,1,0,"357439,2409","5649651,205",6.969091137,50.98078243,0,"5,20092E+18"
215563,5,3,15,0,2020,9,15,1,3,5,3,0,1,1,0,0,0,0,"360070,9938","5645405,536",7.00819117,50.94327172,0,"5,20093E+18"
215565,5,3,15,0,2020,9,5,7,3,2,6,2,0,1,0,0,0,0,"356209,9022","5645031,774",6.953415271,50.93896277,1,"5,20093E+18"
215566,5,3,15,0,2020,9,2,7,3,0,1,2,0,0,0,0,0,1,"356685,3969","5644703,592",6.960307544,50.9361318,1,"5,20093E+18"
215567,5,3,15,0,2020,9,17,5,3,2,6,0,0,1,0,0,0,0,"356713,3532","5642164,421",6.96170295,50.91331943,0,"5,20092E+18"
215568,5,3,15,0,2020,9,1,7,2,0,7,2,0,0,0,1,0,0,"357122,4219","5646739,601",6.965724478,50.95453768,1,"5,20093E+18"
215572,5,3,15,0,2020,9,21,5,3,1,7,2,1,1,0,0,0,0,"354772,5456","5643272,696",6.933672183,50.92279416,0,"5,20092E+18"
215578,5,3,15,0,2020,9,8,5,3,0,5,0,1,1,0,0,0,0,"354355,6502","5641670,542",6.928384249,50.90829092,0,"5,20092E+18"
215580,5,3,15,0,2020,9,18,5,3,0,1,0,1,0,0,0,0,0,"353713,9254","5643126,088",6.918679298,50.92120921,0,"5,20092E+18"
215583,5,3,15,0,2020,9,19,5,3,6,4,1,1,0,1,0,0,0,"354745,3275","5644912,036",6.932631945,50.93751965,0,"5,20092E+18"
215585,5,3,15,0,2020,9,10,5,3,6,7,0,0,1,1,0,0,0,"356653,819","5642624,077",6.960676025,50.91743554,0,"5,20092E+18"
215587,5,3,15,0,2020,9,7,5,3,1,5,0,1,1,0,0,0,0,"355715,0478","5644453,477",6.946605749,50.93364211,0,"5,20092E+18"
215646,5,3,15,0,2020,9,17,6,2,1,1,0,0,1,0,1,0,0,"357516,6362","5644261,313",6.972302941,50.93236303,1,"5,20093E+18"
215648,5,3,15,0,2020,9,16,6,3,6,4,0,0,1,1,0,0,0,"359950,7183","5648226,27",7.005394894,50.96859278,0,"5,20093E+18"
215651,5,3,15,0,2020,9,13,6,2,5,3,0,1,0,0,1,0,0,"359964,7403","5647237,505",7.005975055,50.95971006,0,"5,20093E+18"
215653,5,3,15,0,2020,9,4,6,2,5,3,2,0,1,0,1,0,0,"356299,6826","5648014,848",6.953514787,50.96579354,1,"5,20093E+18"
215654,5,3,15,0,2020,9,13,6,2,6,7,0,0,1,1,0,0,0,"354978,025","5649259,698",6.934209219,50.97664944,0,"5,20093E+18"
215656,5,3,15,0,2020,9,9,6,3,0,1,0,0,0,0,1,0,0,"354858,2349","5646763,839",6.933499813,50.95418974,0,"5,20093E+18"
215657,5,3,15,0,2020,9,15,6,3,6,5,0,0,1,1,0,0,0,"349706,4415","5644611,429",6.861091442,50.93352709,0,"5,20093E+18"
215661,5,3,15,0,2020,9,18,6,3,3,5,1,0,1,0,1,0,0,"352184,8083","5644648,25",6.896321849,50.9344985,1,"5,20093E+18"
215663,5,3,15,0,2020,9,9,6,1,5,3,0,1,1,0,0,0,0,"353238,6598","5647829,989",6.910026986,50.96336063,0,"5,20093E+18"
215664,5,3,15,0,2020,9,18,6,3,0,6,0,0,1,0,0,0,0,"361213,2273","5637670,331",7.027381358,50.87402921,1,"5,20093E+18"
215666,5,3,15,0,2020,9,11,6,3,0,7,0,0,1,0,0,0,0,"355502,5722","5642234,462",6.944463274,50.91364702,0,"5,20093E+18"
215801,5,3,15,0,2020,9,14,3,3,5,3,0,0,1,0,1,0,0,"355892,7955","5654173,679",6.94528055,51.02103966,1,"5,20093E+18"
215803,5,3,15,0,2020,9,11,3,3,0,7,0,0,0,0,0,0,1,"359338,814","5644562,764",6.99810118,50.93551948,1,"5,20093E+18"
215811,5,3,15,0,2020,9,7,3,3,0,5,0,1,1,0,0,0,0,"359843,9156","5638119,408",7.007759289,50.87773475,1,"5,20093E+18"
215845,5,3,15,0,2020,10,16,5,3,4,2,0,0,1,0,1,0,0,"356117,0195","5640732,496",6.953790143,50.9003025,1,"5,201E+18"
215850,5,3,15,0,2020,9,13,4,3,5,3,0,1,1,0,0,0,0,"359143,2261","5644993,978",6.995152683,50.93934709,0,"5,20093E+18"
215852,5,3,15,0,2020,9,8,4,3,0,1,0,1,0,0,0,0,0,"363707,325","5638606,371",7.062459916,50.88303546,1,"5,20093E+18"
215855,5,3,15,0,2020,9,14,3,3,1,5,0,1,0,0,0,1,0,"357797,4336","5644753,337",6.976104341,50.93685415,0,"5,20093E+18"
215858,5,3,15,0,2020,9,17,4,3,2,6,0,0,1,0,0,0,0,"356687,8824","5648255,183",6.958944829,50.9680501,0,"5,20093E+18"
215861,5,3,15,0,2020,9,14,4,3,0,1,0,1,0,0,0,0,0,"354043,9454","5645279,357",6.922509223,50.94064355,0,"5,20093E+18"
215863,5,3,15,0,2020,9,10,3,3,0,1,0,1,0,0,0,0,0,"355159,5862","5644068,706",6.938859045,50.93004503,1,"5,20093E+18"
215865,5,3,15,0,2020,9,8,3,3,0,7,0,1,1,0,0,0,0,"354192,4364","5646583,72",6.924099084,50.95240301,1,"5,20093E+18"
215868,5,3,15,0,2020,9,11,4,3,5,2,0,1,1,0,0,0,0,"355469,9959","5644629,237",6.943050984,50.93516027,0,"5,20093E+18"
215905,5,3,15,0,2020,9,5,3,3,7,1,2,0,0,0,1,0,0,"352122,2731","5652429,363",6.892268828,51.00440717,0,"5,20093E+18"
215918,5,3,15,0,2020,9,5,3,2,8,7,2,0,1,0,0,0,0,"353745,9312","5643813,638",6.918858581,50.92739612,0,"5,20093E+18"
215960,5,3,15,0,2020,9,10,3,3,0,7,0,0,0,1,0,1,0,"359598,6658","5645260,905",7.001527966,50.94185708,1,"5,20093E+18"
215968,5,3,15,0,2020,9,7,3,3,4,6,1,1,0,0,0,0,0,"356183,8048","5645039,799",6.953040909,50.93902838,1,"5,20093E+18"
215972,5,3,15,0,2020,9,14,3,3,1,2,0,1,1,0,0,0,0,"352493,005","5644828,916",6.900631766,50.93620097,1,"5,20093E+18"
216001,5,3,15,0,2020,10,11,5,3,5,3,0,0,1,0,0,0,0,"357437,1755","5641670,396",6.972185639,50.90905887,0,"5,201E+18"
216011,5,3,15,0,2020,9,14,3,2,8,1,0,0,1,0,0,0,0,"352146,3517","5653572,799",6.892145884,51.01468873,1,"5,20093E+18"
216023,5,3,15,0,2020,9,6,3,3,4,2,2,1,1,0,0,0,0,"353718,7506","5643881,258",6.918444952,50.92799691,0,"5,20093E+18"
216028,5,3,15,0,2020,9,16,2,3,2,2,0,0,1,0,0,0,0,"363271,6033","5640481,868",7.055567551,50.89978852,1,"5,20093E+18"
216039,5,3,15,0,2020,9,8,2,2,6,4,0,0,1,1,0,0,0,"352878,0293","5642649,861",6.906986925,50.91671702,0,"5,20093E+18"
216047,5,3,15,0,2020,9,14,2,3,1,6,0,0,1,0,0,0,0,"354537,762","5644205,703",6.929961713,50.93111971,0,"5,20093E+18"
216048,5,3,15,0,2020,10,20,1,3,0,7,2,0,1,0,1,0,0,"363083,8792","5651390,134",7.048797921,50.99778067,1,"5,201E+18"
216052,5,3,15,0,2020,10,14,7,3,5,3,0,0,1,0,0,0,0,"365852,698","5636341,733",7.093771127,50.86318365,1,"5,201E+18"
216073,5,3,15,0,2020,10,16,2,3,3,7,0,0,1,0,0,0,0,"349880,0402","5659583,955",6.857369218,51.06811877,1,"5,20101E+18"
216099,5,3,15,0,2020,10,1,1,2,0,1,2,1,0,0,0,0,0,"356032,6065","5646181,524",6.950439067,50.94925114,0,"5,201E+18"
216101,5,3,15,0,2020,10,16,6,3,1,6,0,0,1,0,0,0,1,"361443,336","5647376,585",7.026963064,50.96131745,0,"5,201E+18"
216103,5,3,15,0,2020,10,19,7,3,5,3,2,0,1,0,0,0,0,"353386,2409","5654847,159",6.909294331,51.02645817,1,"5,201E+18"
216125,5,3,15,0,2020,10,15,2,3,5,3,0,1,1,0,0,0,0,"361054,169","5638149,309",7.024940034,50.87829574,0,"5,20101E+18"
216138,5,3,15,0,2020,10,14,6,3,2,7,0,0,1,0,0,0,0,"353924,2042","5655539,322",6.916681276,51.03281526,0,"5,201E+18"
216143,5,3,15,0,2020,10,13,6,3,1,6,0,0,1,0,0,0,0,"352770,0285","5647176,761",6.903622446,50.95737081,0,"5,201E+18"
216153,5,3,15,0,2020,10,4,7,2,3,6,2,1,0,0,0,0,0,"352369,9582","5643037,53",6.899607197,50.92007108,0,"5,201E+18"
216181,5,3,15,0,2020,10,13,2,3,5,3,0,0,1,0,0,0,0,"366083,2091","5647741,739",7.092860294,50.96569643,1,"5,20101E+18"
216207,5,3,15,0,2020,10,17,1,3,4,2,0,0,1,0,1,0,0,"356760,9873","5641899,258",6.962484191,50.91094825,0,"5,201E+18"
216211,5,3,15,0,2020,10,16,7,3,0,7,0,0,0,0,0,0,1,"361229,3824","5651975,848",7.022162207,51.00260032,1,"5,201E+18"
216234,5,3,15,0,2020,10,14,2,3,5,3,0,0,1,0,0,0,0,"353257,0217","5645093,279",6.911391292,50.93877161,0,"5,20101E+18"
216264,5,3,15,0,2020,10,21,7,3,9,1,2,0,1,0,0,0,0,"351758,5128","5653271,164",6.886743984,51.01187829,1,"5,201E+18"
216292,5,3,15,0,2020,10,6,5,3,6,7,1,0,0,1,0,0,1,"363517,1313","5638893,748",7.059650454,50.88557337,0,"5,201E+18"
216294,5,3,15,0,2020,10,6,5,3,5,2,1,1,1,0,0,0,0,"356520,129","5652105,954",6.955036815,51.00261443,0,"5,201E+18"
216301,5,3,15,0,2020,10,20,5,3,4,5,2,0,1,0,0,1,0,"358455,0606","5649506,958",6.983608972,50.97973671,1,"5,201E+18"
216310,5,3,15,0,2020,10,17,5,3,5,3,0,0,1,0,0,0,0,"353491,6652","5650114,603",6.912706873,50.98395587,1,"5,201E+18"
216313,5,3,15,0,2020,10,8,5,3,0,1,0,1,0,0,0,0,0,"357700,9912","5645134,954",6.974583598,50.94025993,1,"5,20101E+18"
216315,5,3,15,0,2020,10,8,6,3,0,1,0,0,0,0,1,0,0,"355702,9606","5642372,225",6.947257442,50.91493521,1,"5,20101E+18"
216316,5,3,15,0,2020,10,7,5,3,0,3,0,1,1,0,0,0,0,"352414,206","5647353,406",6.898487969,50.95886721,0,"5,20101E+18"
216317,5,3,15,0,2020,10,13,5,3,5,3,0,0,1,0,0,0,1,"352921,0249","5645846,238",6.906308411,50.94545253,0,"5,20101E+18"
216318,5,3,15,0,2020,10,7,5,3,0,1,1,0,0,0,1,0,0,"353768,1663","5647412,057",6.917730111,50.95973947,1,"5,20101E+18"
216321,5,3,15,0,2020,10,14,5,3,5,3,0,0,1,0,0,0,1,"354261,2753","5646512,533",6.925106971,50.95178069,0,"5,20101E+18"
216323,5,3,15,0,2020,10,22,5,3,5,3,2,1,1,0,0,0,0,"355270,7027","5641576,872",6.941427906,50.90767927,1,"5,20101E+18"
216325,5,3,15,0,2020,10,22,5,3,0,3,2,1,1,0,0,0,0,"356403,1443","5645423,268",6.956009525,50.94252922,1,"5,20101E+18"
216340,5,3,15,0,2020,10,10,6,3,6,4,0,0,1,1,0,0,0,"355969,8197","5644762,447",6.950106943,50.93648245,1,"5,20101E+18"
216351,5,3,15,0,2020,10,9,6,3,0,1,0,0,0,0,1,0,0,"356197,8102","5645037,547",6.953241003,50.93901164,1,"5,20101E+18"
216447,5,3,15,0,2020,10,13,4,3,3,5,0,1,0,0,0,0,1,"353774,9632","5647456,896",6.91780881,50.96014415,0,"5,20101E+18"
216450,5,3,15,0,2020,10,16,4,3,0,1,0,0,0,0,0,0,1,"353400,2545","5646348,134",6.91292342,50.95008494,0,"5,20101E+18"
216451,5,3,15,0,2020,10,16,4,3,5,3,0,1,1,0,0,0,0,"360651,802","5637619,327",7.019426169,50.87343573,0,"5,20101E+18"
216452,5,3,15,0,2020,10,7,4,3,0,1,2,1,0,0,0,0,0,"354889,9517","5643836,739",6.935117029,50.92789263,1,"5,20101E+18"
216453,5,3,15,0,2020,10,15,4,3,5,2,0,1,0,0,0,1,0,"354262,3219","5640288,54",6.927609339,50.89584765,0,"5,20101E+18"
216479,5,3,15,0,2020,10,7,6,3,7,4,1,0,1,1,0,0,0,"359299,1658","5644514,503",6.997555906,50.93507608,1,"5,20101E+18"
216502,5,3,15,0,2020,10,12,6,3,6,4,0,0,0,1,0,0,1,"359904,6903","5648069,154",7.004800295,50.96716958,0,"5,20101E+18"
216511,5,3,15,0,2020,10,14,4,3,2,6,0,0,0,0,0,1,1,"356906,5949","5638918,81",6.965721812,50.88419913,0,"5,20101E+18"
216528,5,3,15,0,2020,10,8,5,3,2,6,0,0,1,0,0,0,0,"361949,8226","5646535,266",7.034489974,50.95387787,1,"5,20101E+18"
216535,5,3,15,0,2020,10,18,5,3,6,7,1,0,1,1,0,0,0,"363062,3522","5640917,674",7.052430146,50.90365572,1,"5,20101E+18"
216537,5,3,15,0,2020,10,8,5,2,6,4,0,1,0,1,0,0,0,"359318,3609","5644518,471",6.997827379,50.93511643,1,"5,20101E+18"
216541,5,3,15,0,2020,10,15,5,3,2,6,0,0,1,0,0,0,0,"362353,986","5643775,754",7.041283413,50.9291739,1,"5,20101E+18"
216546,5,3,15,0,2020,10,10,5,2,0,1,0,1,0,0,0,0,0,"357776,2467","5644170,873",6.976030311,50.93161432,1,"5,20101E+18"
216548,5,3,15,0,2020,10,8,5,3,0,3,0,1,0,0,1,0,0,"361960,0274","5647390,743",7.034310702,50.96156872,1,"5,20101E+18"
216551,5,3,15,0,2020,10,17,3,3,1,6,0,1,1,0,0,0,1,"365405,3992","5637346,797",7.08704901,50.87211289,1,"5,20101E+18"
216552,5,3,15,0,2020,10,22,3,3,9,1,2,0,1,0,0,0,0,"361811,4182","5650985,963",7.030829186,50.99384413,1,"5,20101E+18"
216553,5,3,15,0,2020,10,16,3,3,8,1,0,0,1,0,0,0,0,"351669,9454","5653217,231",6.88550438,51.0113708,1,"5,20101E+18"
216554,5,3,15,0,2020,10,9,5,3,0,3,0,1,1,0,0,0,0,"359787,0118","5647561,261",7.003321187,50.96257647,1,"5,20101E+18"
216556,5,3,15,0,2020,10,8,3,2,0,3,0,1,0,0,0,0,1,"354599,3729","5643319,06",6.931191474,50.92316721,1,"5,20101E+18"
216557,5,3,15,0,2020,10,14,3,3,0,1,0,1,0,0,0,0,0,"354915,5778","5643858,74",6.935472674,50.92809679,1,"5,20101E+18"
216558,5,3,15,0,2020,10,12,6,3,6,6,0,0,1,1,0,0,0,"357755,6203","5644190,501",6.975729315,50.93178564,1,"5,20101E+18"
216559,5,3,15,0,2020,10,13,3,3,0,1,0,1,0,0,0,0,0,"354916,9127","5643859,887",6.935491199,50.92810743,1,"5,20101E+18"
216561,5,3,15,0,2020,10,10,6,3,2,6,0,0,1,0,0,0,1,"355973,0207","5652129,352",6.947235153,51.002688,1,"5,20101E+18"