OBJECTID,ULAND,UREGBEZ,UKREIS,UGEMEINDE,UJAHR,UMONAT,USTUNDE,UWOCHENTAG,UKATEGORIE,UART,UTYP1,ULICHTVERH,IstRad,IstPKW,IstFuss,IstKrad,IstGkfz,IstSonstige,LINREFX,LINREFY,XGCSWGS84,YGCSWGS84,USTRZUSTAND,UIDENTSTLAE
218137,5,3,15,0,2020,11,7,4,3,6,4,1,0,1,1,0,0,0,"354678,954","5646856,9",6.930911873,50.95498087,1,"5,20111E+18"
218141,5,3,15,0,2020,11,14,5,3,0,1,0,0,0,0,1,0,0,"355866,5057","5649138,304",6.946904745,50.97578157,0,"5,20111E+18"
218142,5,3,15,0,2020,11,18,4,3,5,3,2,0,1,0,1,0,0,"358924,1511","5639203,706",6.994275374,50.88725571,0,"5,20111E+18"
218146,5,3,15,0,2020,11,13,4,2,0,3,0,1,0,0,0,0,0,"357432,8086","5640785,319",6.972469232,50.9011036,1,"5,20111E+18"
218176,5,3,15,0,2020,11,16,3,3,6,4,0,0,1,1,0,0,0,"353389,3084","5648043,915",6.912084583,50.96532145,0,"5,20111E+18"
218206,5,3,15,0,2020,11,16,5,3,5,3,2,0,1,0,0,0,1,"356768,8976","5641849,139",6.962616307,50.91049979,0,"5,20111E+18"
218213,5,3,15,0,2020,11,17,3,3,0,1,2,1,0,0,0,0,0,"363004,5637","5645963,686",7.049712746,50.94899256,0,"5,20111E+18"
218219,5,3,15,0,2020,11,15,6,3,6,4,0,0,1,1,0,0,0,"364742,3488","5649107,183",7.073268416,50.97765504,0,"5,20111E+18"
218228,5,3,15,0,2020,11,18,3,3,0,1,2,1,0,0,0,0,0,"355028,0464","5642804,173",6.937491217,50.9186479,0,"5,20111E+18"
218249,5,3,15,0,2020,11,15,5,3,9,1,0,1,0,0,0,0,0,"366026,9724","5636360,768",7.09623913,50.86339514,0,"5,20111E+18"
218267,5,3,15,0,2020,11,16,3,2,5,2,0,0,1,0,1,0,0,"353034,7633","5645718,65",6.907977823,50.94433496,0,"5,20111E+18"
218291,5,3,15,0,2020,11,13,6,3,0,7,0,1,1,0,0,0,0,"355927,1051","5646120,661",6.948962229,50.94867782,0,"5,20111E+18"
218301,5,3,15,0,2020,11,13,5,3,0,7,0,1,0,0,0,0,0,"351670,003","5646986,299",6.888048362,50.95537714,1,"5,20111E+18"
218327,5,3,15,0,2020,11,16,6,3,1,5,0,0,1,0,0,0,1,"358808,5222","5642206,193",6.991471494,50.91421119,1,"5,20111E+18"
218334,5,3,15,0,2020,11,16,3,3,5,2,0,1,1,0,0,0,0,"354935,3811","5642880,725",6.936143342,50.91931256,0,"5,20111E+18"
218362,5,3,15,0,2020,11,20,5,3,5,3,2,1,1,0,0,0,0,"355652,241","5644793,058",6.945578017,50.93667815,0,"5,20111E+18"
218364,5,3,15,0,2020,11,15,4,3,8,7,0,0,1,0,0,0,0,"363802,3044","5644739,584",7.061520253,50.93818007,0,"5,20111E+18"
218370,5,3,15,0,2020,11,16,3,3,6,7,1,0,1,1,0,0,0,"360201,8489","5647273,78",7.009335234,50.96009364,0,"5,20111E+18"
218388,5,3,15,0,2020,11,14,4,3,5,3,0,1,1,0,0,0,0,"365148,076","5637064,113",7.083498165,50.86951225,0,"5,20112E+18"
218394,5,3,15,0,2020,11,17,7,2,6,4,2,0,1,1,0,0,0,"361103,7826","5641002,089",7.024560213,50.90394652,0,"5,20111E+18"
218396,5,3,15,0,2020,11,13,7,3,0,1,0,1,0,0,0,0,0,"359322,8026","5647728,442",6.99665037,50.96396577,0,"5,20111E+18"
218398,5,3,15,0,2020,11,11,4,3,5,7,0,0,1,0,1,0,0,"359980,1494","5646787,024",7.006367642,50.95566528,0,"5,20112E+18"
218400,5,3,15,0,2020,11,7,3,3,0,3,0,1,0,0,0,0,0,"361847,5791","5649561,584",7.03188576,50.98105163,0,"5,20112E+18"
218402,5,3,15,0,2020,11,12,7,3,1,5,0,0,1,0,0,0,0,"360066,5903","5647469,975",7.007335007,50.96182403,0,"5,20111E+18"
218406,5,3,15,0,2020,11,15,7,3,6,6,0,1,0,1,0,0,0,"358134,0671","5648097,029",6.979589348,50.96698676,0,"5,20111E+18"
218408,5,3,15,0,2020,11,11,7,3,0,7,0,1,0,0,0,0,0,"354411,4789","5645428,329",6.927677374,50.94207523,0,"5,20111E+18"
218410,5,3,15,0,2020,11,9,2,3,0,7,0,1,0,0,0,0,0,"354776,394","5643772,15",6.93352798,50.9272836,1,"5,20112E+18"
218411,5,3,15,0,2020,11,0,7,3,0,1,2,1,0,0,0,0,0,"354318,3717","5643431,023",6.927151361,50.92410251,0,"5,20111E+18"
218417,5,3,15,0,2020,11,11,7,3,0,1,0,1,0,0,0,0,0,"355379,395","5640921,471",6.943232484,50.90181652,0,"5,20111E+18"
218448,5,3,15,0,2020,11,6,2,2,6,4,2,0,0,1,0,0,1,"353902,7969","5646757,701",6.919908492,50.95389317,0,"5,20112E+18"
218451,5,3,15,0,2020,11,15,4,3,6,2,0,0,1,1,0,0,0,"357781,446","5649012,677",6.974212703,50.97512867,0,"5,20112E+18"
218453,5,3,15,0,2020,11,7,3,3,7,4,0,0,1,1,0,0,0,"352677,889","5654963,127",6.899153387,51.02731921,0,"5,20112E+18"
218455,5,3,15,0,2020,11,12,4,3,6,4,0,0,0,1,1,0,0,"363917,8631","5640147,844",7.064876954,50.89693913,0,"5,20112E+18"
218461,5,3,15,0,2020,11,9,2,3,5,3,0,1,0,0,0,0,0,"355888,644","5644648,418",6.948997506,50.93543741,1,"5,20112E+18"
218508,5,3,15,0,2020,11,8,4,3,5,3,0,0,1,0,0,0,0,"363122,5891","5641702,061",7.052992169,50.91071964,0,"5,20112E+18"
218519,5,3,15,0,2020,11,20,1,3,0,3,2,1,1,0,0,0,0,"356402,1952","5645425,944",6.95599497,50.94255304,1,"5,20112E+18"
218520,5,3,15,0,2020,11,20,2,3,0,1,2,1,0,0,0,0,0,"354777,0019","5643772,463",6.933536499,50.92728657,1,"5,20112E+18"
218523,5,3,15,0,2020,11,8,4,3,0,1,0,1,0,0,0,0,0,"354186,9416","5646579,899",6.924022438,50.95236728,0,"5,20112E+18"
218525,5,3,15,0,2020,11,7,3,3,6,4,1,0,1,1,0,0,0,"356427,792","5642713,596",6.957427386,50.91818386,0,"5,20112E+18"
218549,5,3,15,0,2020,11,10,4,3,2,2,0,0,1,0,0,0,0,"359356,5164","5643120,655",6.998909336,50.92256339,0,"5,20112E+18"
218563,5,3,15,0,2020,11,9,4,3,2,6,0,0,1,0,0,0,0,"357352,6381","5649699,884",6.967839125,50.98119846,0,"5,20112E+18"
218565,5,3,15,0,2020,11,5,3,2,8,1,2,0,0,0,1,0,0,"358777,6096","5648111,639",6.988742756,50.96727618,1,"5,20112E+18"
218572,5,3,15,0,2020,11,14,2,3,2,7,0,0,1,0,1,0,0,"354923,3432","5644462,79",6.935342682,50.9335272,0,"5,20112E+18"
218611,5,3,15,0,2020,11,15,2,3,2,6,0,0,1,0,0,0,0,"351218,2125","5646125,649",6.881972077,50.94752651,0,"5,20112E+18"
218614,5,3,15,0,2020,11,9,4,3,5,3,0,1,1,0,0,0,0,"353106,981","5653222,219",6.905973082,51.01178442,0,"5,20112E+18"
218618,5,3,15,0,2020,11,13,4,2,0,4,0,1,0,1,0,0,0,"362719,4004","5643648,851",7.04652785,50.92812045,0,"5,20112E+18"
218630,5,3,15,0,2020,11,16,3,3,5,3,0,0,1,0,0,0,0,"352877,661","5647322,396",6.905095035,50.95870705,0,"5,20112E+18"
218662,5,3,15,0,2020,11,22,2,3,2,6,2,1,0,0,0,1,0,"354408,1954","5654960,176",6.923811692,51.02773354,0,"5,20112E+18"
218675,5,3,15,0,2020,11,7,6,3,0,3,0,1,1,0,0,0,0,"353680,1278","5648396,628",6.916081397,50.96856508,0,"5,20112E+18"
218678,5,3,15,0,2020,11,4,6,2,0,1,2,1,0,0,0,0,0,"356356,509","5642568,397",6.956471123,50.91686122,1,"5,20112E+18"
218679,5,3,15,0,2020,11,13,7,3,5,3,0,1,1,0,0,0,0,"357440,6581","5648985,748",6.969372273,50.9748024,0,"5,20112E+18"
218684,5,3,15,0,2020,11,16,6,3,5,3,0,1,1,0,0,0,0,"356639,6227","5642727,126",6.960433698,50.91835811,0,"5,20112E+18"
218719,5,3,15,0,2020,11,9,5,3,5,3,0,1,1,0,0,0,0,"359615,1469","5645702,811",7.001592084,50.94583255,0,"5,20112E+18"
218722,5,3,15,0,2020,11,13,5,3,2,6,0,0,1,0,0,0,0,"359563,1096","5637262,462",7.004099468,50.869965,1,"5,20112E+18"
218724,5,3,15,0,2020,11,11,7,3,0,7,0,0,0,0,0,0,1,"355347,1995","5641918,644",6.942379753,50.9107699,0,"5,20112E+18"
218727,5,3,15,0,2020,11,14,5,3,5,3,0,0,1,0,0,0,1,"355532,1364","5640967,606",6.945384996,50.90226937,1,"5,20112E+18"
218730,5,3,15,0,2020,11,14,7,2,2,6,0,0,0,0,1,0,0,"362136,4497","5646464,033",7.037172414,50.95328235,0,"5,20112E+18"
218732,5,3,15,0,2020,11,11,5,3,0,5,0,0,0,0,0,0,1,"360089,7502","5638655,682",7.011046191,50.88261396,0,"5,20112E+18"
218737,5,3,15,0,2020,11,2,1,3,0,1,2,0,0,0,0,0,1,"359762,8293","5645296,712",7.003849367,50.94221883,0,"5,20112E+18"
218741,5,3,15,0,2020,11,18,5,3,0,2,2,0,1,1,0,0,0,"356662,6738","5645575,663",6.959641251,50.94396336,1,"5,20112E+18"
218745,5,3,15,0,2020,11,11,1,3,0,1,0,1,0,0,0,0,0,"355805,8653","5649740,239",6.945802787,50.98117583,0,"5,20112E+18"
218765,5,3,15,0,2020,11,15,2,3,4,2,0,1,1,0,0,0,0,"356791,261","5649205,287",6.960041986,50.97661424,0,"5,20112E+18"
218816,5,3,15,0,2020,11,17,2,3,0,7,2,1,0,0,0,0,0,"353021,8706","5642936,585",6.90891628,50.91933035,0,"5,20112E+18"
218832,5,3,15,0,2020,11,1,7,2,1,1,2,0,1,0,0,0,1,"352846,3089","5643282,881",6.906280593,50.92239763,0,"5,20112E+18"
218842,5,3,15,0,2020,11,8,2,3,8,1,0,0,1,0,0,0,0,"361939,6526","5646213,886",7.034467146,50.9509871,1,"5,20112E+18"
218868,5,3,15,0,2020,11,7,2,3,2,6,0,0,1,0,0,1,0,"356124,7248","5651024,376",6.949833671,50.99279582,1,"5,20112E+18"
218898,5,3,15,0,2020,11,9,6,3,5,2,0,1,1,0,0,0,0,"356978,597","5640437,472",6.966150209,50.89786518,0,"5,20113E+18"
218920,5,3,15,0,2020,11,4,7,3,8,1,2,0,1,0,0,0,0,"354592,677","5654863,121",6.926479547,51.02690805,0,"5,20113E+18"
218936,5,3,15,0,2020,11,11,6,3,1,3,0,1,0,0,0,0,1,"352990,5523","5648332,27",6.906293325,50.96781115,0,"5,20113E+18"
218947,5,3,15,0,2020,11,19,6,3,5,2,2,1,0,0,0,0,0,"356068,6598","5645042,841",6.95140195,50.93902698,0,"5,20113E+18"
218978,5,3,15,0,2020,11,18,1,3,0,7,2,1,0,0,0,0,0,"354237,035","5643392,673",6.926010192,50.92373732,0,"5,20113E+18"
218983,5,3,15,0,2020,11,8,6,3,0,1,0,0,0,0,1,0,0,"353700,5587","5646889,162",6.916978279,50.95502326,0,"5,20113E+18"
218984,5,3,15,0,2020,11,15,7,3,6,7,0,0,1,1,0,0,0,"363911,8484","5639922,012",7.064875623,50.89490805,0,"5,20113E+18"
218987,5,3,15,0,2020,11,10,6,2,6,4,0,0,1,1,0,0,0,"363841,5833","5640147,199",7.063793138,50.89691536,0,"5,20113E+18"
219022,5,3,15,0,2020,11,20,5,2,8,1,2,1,1,0,0,0,0,"351600,0272","5646993,258",6.88704992,50.95542165,0,"5,20113E+18"
219023,5,3,15,0,2020,11,15,7,3,2,6,0,0,1,0,0,0,0,"361642,5719","5651059,886",7.028396508,50.99446793,0,"5,20113E+18"
219039,5,3,15,0,2020,11,15,6,3,5,3,0,1,0,0,0,0,1,"352963,5957","5651641,147",6.90457099,50.99753952,0,"5,20113E+18"
219050,5,3,15,0,2020,11,18,6,3,6,2,2,0,1,1,0,0,0,"355313,5545","5642608,29",6.941628017,50.91695919,0,"5,20113E+18"
219073,5,3,15,0,2020,11,17,7,2,0,5,2,1,1,0,0,0,0,"353895,7343","5642791,488",6.921398239,50.91824832,0,"5,20113E+18"
219077,5,3,15,0,2020,11,13,3,3,0,1,0,1,1,0,0,0,0,"362941,395","5645423,471",7.049017336,50.94412243,0,"5,20112E+18"
219080,5,3,15,0,2020,11,9,3,3,0,1,0,1,0,0,0,0,0,"355659,6381","5650400,293",6.943458892,50.98707091,0,"5,20112E+18"
219086,5,3,15,0,2020,11,18,3,3,3,3,2,0,1,0,1,0,0,"350918,5441","5652285,784",6.875183374,51.00280626,0,"5,20112E+18"
219087,5,3,15,0,2020,11,13,4,3,6,4,0,0,1,1,0,0,0,"359842,1578","5646341,351",7.004575754,50.95162642,0,"5,20113E+18"
219088,5,3,15,0,2020,11,16,6,3,7,4,0,0,1,1,0,0,0,"353218,707","5645723,248",6.91059251,50.94442314,0,"5,20113E+18"
219090,5,3,15,0,2020,11,10,4,3,0,1,0,1,0,0,0,0,0,"357860,4729","5642778,949",6.97777074,50.91912585,0,"5,20113E+18"
219097,5,3,15,0,2020,11,6,3,3,5,3,2,1,1,0,0,0,0,"355876,194","5644758,141",6.948777041,50.93642037,0,"5,20112E+18"
219098,5,3,15,0,2020,11,18,4,3,1,7,2,1,1,0,0,0,0,"353841,9138","5647244,936",6.918846617,50.95825633,0,"5,20113E+18"
219102,5,3,15,0,2020,11,15,3,3,6,4,0,0,1,1,0,0,0,"363251,5359","5639561,468",7.055626956,50.89151169,0,"5,20112E+18"
219123,5,3,15,0,2020,11,16,5,3,5,2,0,0,1,0,0,0,1,"354468,978","5651284,212",6.926152254,50.99471458,0,"5,20113E+18"
219130,5,3,15,0,2020,11,10,1,3,5,2,0,0,1,0,0,0,0,"359641,2462","5637289,971",7.005198676,50.87023121,0,"5,20113E+18"
219137,5,3,15,0,2020,11,18,4,3,0,1,2,1,0,0,0,0,0,"355398,6778","5644274,529",6.942177422,50.93195471,0,"5,20113E+18"
219138,5,3,15,0,2020,11,18,6,3,4,2,0,0,1,0,0,0,0,"354141,3169","5655484,61",6.919797551,51.03237872,0,"5,20113E+18"
219151,5,3,15,0,2020,12,18,6,3,1,5,2,1,1,0,0,0,0,"361265,0235","5644960,8",7.02534603,50.93956333,1,"5,2012E+18"
219172,5,3,15,0,2020,12,7,5,3,5,3,2,1,1,0,0,0,0,"358831,7798","5643294,49",6.991380927,50.92399752,1,"5,2012E+18"
219173,5,3,15,0,2020,12,6,5,3,6,2,2,0,1,1,0,0,0,"364085,8341","5644859,129",7.065508628,50.93932137,1,"5,2012E+18"
219176,5,3,15,0,2020,12,15,5,3,6,4,0,0,1,1,0,0,0,"354699,5804","5648407,3",6.930586229,50.96891904,0,"5,2012E+18"
219179,5,3,15,0,2020,12,7,5,3,5,3,2,1,1,0,0,0,0,"356879,7191","5650074,619",6.960958882,50.98444877,1,"5,2012E+18"
219182,5,3,15,0,2020,12,7,5,3,0,7,1,1,0,0,0,0,0,"354390,4732","5647069,888",6.926722139,50.95682211,0,"5,2012E+18"
219183,5,3,15,0,2020,12,5,5,3,5,2,2,1,1,0,0,0,0,"356477,2376","5646087,045",6.956801891,50.94851295,0,"5,2012E+18"
219184,5,3,15,0,2020,12,7,5,3,5,3,0,1,0,0,0,0,0,"356179,0898","5645314,381",6.952865447,50.94149483,0,"5,2012E+18"
219244,5,3,15,0,2020,12,16,6,3,5,3,2,1,0,0,0,0,0,"354812,5035","5645604,853",6.933311266,50.94376273,0,"5,2012E+18"
219251,5,3,15,0,2020,12,20,6,2,5,3,2,0,1,0,1,0,0,"353690,232","5643955,304",6.918009707,50.9286551,0,"5,2012E+18"
219253,5,3,15,0,2020,12,21,6,3,0,3,2,1,1,0,0,0,0,"355475,3899","5645683,559",6.942709452,50.94463659,1,"5,2012E+18"
219274,5,3,15,0,2020,12,17,4,3,0,2,2,1,1,0,0,0,0,"359601,2018","5645148,116",7.00160751,50.94084405,1,"5,2012E+18"
219276,5,3,15,0,2020,12,18,4,2,0,7,2,1,0,0,0,0,0,"354067,8192","5643427,118",6.923590408,50.92400409,1,"5,2012E+18"
219277,5,3,15,0,2020,12,16,4,3,0,1,0,1,0,0,0,0,0,"356422,9764","5644129,217",6.956801518,50.93090469,1,"5,2012E+18"
219278,5,3,15,0,2020,12,16,4,3,5,3,0,0,1,0,0,0,1,"355416,317","5644290,314",6.94242201,50.93210099,0,"5,2012E+18"
219307,5,3,15,0,2020,12,18,6,2,9,7,2,0,1,0,0,0,0,"358762,6066","5651860,168",6.987072333,51.00096044,1,"5,2012E+18"
219325,5,3,15,0,2020,11,22,2,3,5,3,2,0,1,0,0,0,0,"361163,2208","5649833,556",7.02203872,50.98333126,1,"5,20113E+18"
219331,5,3,15,0,2020,11,15,2,3,5,2,0,1,1,0,0,0,0,"362528,6482","5647770,57",7.042259279,50.96511829,0,"5,20113E+18"
219334,5,3,15,0,2020,11,7,2,3,1,5,0,1,1,0,0,0,0,"352029,6489","5647657,405",6.892892504,50.96150047,0,"5,20113E+18"
219336,5,3,15,0,2020,11,14,2,3,0,7,0,0,1,0,1,0,0,"354738,6959","5646179,589",6.932032131,50.94890913,0,"5,20113E+18"
219343,5,3,15,0,2020,11,11,2,3,0,1,0,1,0,0,0,0,0,"353764,8864","5642378,7",6.919703465,50.91450558,0,"5,20113E+18"
219355,5,3,15,0,2020,11,9,2,3,1,5,0,1,1,0,0,0,0,"352040,9018","5643141,541",6.894886757,50.9209215,0,"5,20113E+18"
219389,5,3,15,0,2020,12,16,3,3,5,3,2,0,1,0,0,0,0,"364166,6906","5638906,081",7.068874905,50.8858373,1,"5,2012E+18"
219390,5,3,15,0,2020,12,15,3,3,3,6,0,0,1,0,0,0,0,"357551,8028","5644270,414",6.972799509,50.93245351,1,"5,2012E+18"
219391,5,3,15,0,2020,12,16,3,3,5,2,1,1,1,0,0,0,0,"361838,6743","5648433,795",7.032187564,50.97091379,1,"5,2012E+18"
219392,5,3,15,0,2020,12,10,3,3,0,1,0,0,0,0,1,0,0,"356765,4844","5641869,238",6.9625599,50.91067958,1,"5,2012E+18"
219405,5,3,15,0,2020,12,17,6,3,0,3,1,0,1,0,0,0,0,"364585,4239","5640806,292",7.074119907,50.9030139,0,"5,2012E+18"
219409,5,3,15,0,2020,12,15,3,3,2,6,0,0,1,0,0,0,0,"353180,1595","5647747,246",6.909227887,50.96260215,0,"5,20121E+18"
219415,5,3,15,0,2020,12,13,4,2,6,4,0,1,0,1,0,0,0,"353890,7505","5646765,196",6.919734091,50.95395747,0,"5,20121E+18"
219432,5,3,15,0,2020,12,5,2,3,5,3,2,1,1,0,0,0,0,"359126,1374","5647000,781",6.994133249,50.9573782,1,"5,20121E+18"
219444,5,3,15,0,2020,12,8,2,3,1,6,1,0,1,0,0,1,0,"349135,23","5645338,431",6.852667323,50.939911,1,"5,20121E+18"
219448,5,3,15,0,2020,12,7,3,3,1,5,0,1,0,0,0,1,0,"359521,4235","5644862,165",7.000582969,50.93825474,0,"5,20121E+18"
219453,5,3,15,0,2020,12,7,5,3,0,1,0,1,0,0,0,0,0,"353385,768","5648038,951",6.9120362,50.96527594,0,"5,20121E+18"
219465,5,3,15,0,2020,12,18,4,3,5,3,2,0,1,0,1,0,0,"352441,408","5645085,582",6.899794007,50.93849431,0,"5,20121E+18"
219484,5,3,15,0,2020,12,13,2,3,5,3,0,1,1,0,0,0,0,"358172,207","5644798,77",6.981417069,50.93735475,1,"5,20121E+18"
219488,5,3,15,0,2020,12,13,1,3,1,5,0,0,1,0,0,0,0,"361009,443","5645723,398",7.021419607,50.94635542,1,"5,20121E+18"
219492,5,3,15,0,2020,12,15,2,3,0,1,0,0,0,0,1,0,0,"355588,121","5643717,25",6.945092302,50.926994,1,"5,20121E+18"
219493,5,3,15,0,2020,12,18,1,3,5,3,2,1,1,0,0,0,0,"353119,2598","5647148,515",6.908602931,50.95720609,1,"5,20121E+18"
219496,5,3,15,0,2020,12,13,2,2,5,3,0,1,1,0,0,0,0,"354194,7413","5646582,279",6.924132454,50.95239064,1,"5,20121E+18"
219503,5,3,15,0,2020,12,16,5,3,5,2,2,1,1,0,0,0,0,"357001,414","5643479,561",6.965282341,50.92520997,0,"5,20121E+18"
219511,5,3,15,0,2020,12,7,3,3,5,2,2,0,1,0,0,0,0,"354576,8628","5654906,957",6.926236609,51.02729798,1,"5,20121E+18"
219518,5,3,15,0,2020,12,16,4,3,5,3,1,1,1,0,0,0,0,"360802,6097","5646119,569",7.018325702,50.94986598,0,"5,20121E+18"
219537,5,3,15,0,2020,12,7,2,3,5,3,2,1,1,0,0,0,0,"352645,3975","5654741,53",6.898780455,51.02531952,0,"5,20121E+18"
219541,5,3,15,0,2020,12,13,7,3,5,3,0,1,1,0,0,0,0,"363624,5558","5640511,473",7.060572801,50.90013805,0,"5,20121E+18"
219544,5,3,15,0,2020,12,14,7,3,9,6,0,0,1,0,0,0,0,"352774,9577","5647182,689",6.903690183,50.95742534,0,"5,20121E+18"
219548,5,3,15,0,2020,12,15,2,3,0,3,2,0,1,0,1,0,0,"353316,7248","5648158,288",6.911005521,50.96633079,1,"5,20121E+18"
219549,5,3,15,0,2020,12,9,7,3,5,3,0,0,1,0,0,0,0,"359608,8115","5636161,688",7.005170948,50.86008317,1,"5,20121E+18"
219563,5,3,15,0,2020,12,10,3,3,5,3,0,1,1,0,0,0,0,"356715,3099","5642307,979",6.961674388,50.91461006,0,"5,20121E+18"
219569,5,3,15,0,2020,12,15,4,2,6,4,0,0,1,1,0,0,0,"351871,8143","5644662,435",6.891864831,50.93454566,0,"5,20121E+18"
219586,5,3,15,0,2020,12,18,2,3,1,5,2,1,1,0,0,0,0,"353425,3845","5650362,906",6.911663092,50.98617039,1,"5,20121E+18"
219599,5,3,15,0,2020,12,7,2,3,0,1,2,0,0,0,0,0,1,"354103,6539","5642723,201",6.924381513,50.91768726,1,"5,20121E+18"
219603,5,3,15,0,2020,12,16,3,3,5,3,1,1,1,0,0,0,0,"359003,696","5650293,467",6.99111431,50.98693967,0,"5,20121E+18"
219607,5,3,15,0,2020,12,15,5,3,6,4,0,0,1,1,0,0,0,"352781,1492","5643042,031",6.905451378,50.92021658,0,"5,20121E+18"
219639,5,3,15,0,2020,12,18,2,3,5,3,2,0,1,0,0,0,0,"364424,6323","5641415,86",7.071608092,50.90845469,1,"5,20121E+18"
219647,5,3,15,0,2020,12,10,2,3,5,3,0,1,1,0,0,0,0,"355854,56","5644464,888",6.948585345,50.93377954,1,"5,20121E+18"
219650,5,3,15,0,2020,12,15,2,3,1,1,0,1,1,0,0,0,0,"353623,7092","5647667,383",6.91557186,50.96199731,1,"5,20121E+18"
219658,5,3,15,0,2020,12,11,5,3,2,6,0,0,1,0,0,0,0,"356188,9119","5645167,677",6.953063072,50.94017888,0,"5,20121E+18"
219664,5,3,15,0,2020,12,16,3,3,0,1,2,1,0,0,0,0,0,"354983,7613","5642840,804",6.936847049,50.91896597,1,"5,20122E+18"
219667,5,3,15,0,2020,12,18,6,3,5,3,2,1,1,0,0,0,0,"355724,2208","5647327,692",6.94559754,50.9594744,1,"5,20121E+18"
219669,5,3,15,0,2020,12,14,6,3,5,3,0,1,1,0,0,0,0,"357225,6987","5648059,266",6.966676154,50.96642297,1,"5,20121E+18"
219672,5,3,15,0,2020,12,15,6,3,0,1,0,0,0,0,1,0,0,"356680,7623","5648185,472",6.958870961,50.96742185,1,"5,20121E+18"
219680,5,3,15,0,2020,12,15,6,3,0,1,0,1,0,0,0,0,0,"353700,3445","5643120,649",6.918488391,50.92115689,1,"5,20121E+18"
219683,5,3,15,0,2020,12,16,6,3,6,4,1,0,1,1,0,0,0,"356403,1443","5645423,268",6.956009525,50.94252922,1,"5,20121E+18"
219690,5,3,15,0,2020,12,19,3,3,6,7,2,0,1,1,0,0,0,"356370,9724","5644489,452",6.95592001,50.93412913,1,"5,20122E+18"
219704,5,3,15,0,2020,12,18,3,3,5,3,2,1,1,0,0,0,0,"354911,8185","5645315,69",6.934839169,50.9411891,0,"5,20122E+18"
219714,5,3,15,0,2020,12,18,3,3,0,1,2,0,0,0,0,0,1,"355022,2657","5643951,406",6.93695292,50.92895639,1,"5,20122E+18"
219746,5,3,15,0,2020,12,10,2,3,6,7,0,0,1,1,0,0,0,"364589,3741","5641052,623",7.074084681,50.90522875,0,"5,20121E+18"
219747,5,3,15,0,2020,12,18,2,3,5,2,2,0,1,0,1,0,0,"354121,7668","5648889,438",6.922169208,50.97310578,0,"5,20121E+18"
219748,5,3,15,0,2020,12,15,2,3,5,2,0,1,1,0,0,0,0,"349156,112","5645593,919",6.852858535,50.94221235,0,"5,20121E+18"
219749,5,3,15,0,2020,12,1,2,3,0,1,2,0,1,0,0,0,0,"354426,065","5636623,642",6.931395509,50.86295318,0,"5,20121E+18"
219751,5,3,15,0,2020,12,12,2,3,0,1,0,1,0,0,0,0,0,"353411,6091","5643023,604",6.914422253,50.9202115,0,"5,20121E+18"
219753,5,3,15,0,2020,12,15,2,3,3,6,0,0,1,0,0,0,0,"356190,3924","5644403,875",6.953385576,50.93331507,0,"5,20121E+18"
219818,5,3,15,0,2020,12,18,1,3,0,7,2,0,0,0,1,0,0,"353738,0111","5646983,48",6.917473253,50.95588036,0,"5,20121E+18"
219846,5,3,15,0,2020,12,16,7,3,5,3,2,1,1,0,0,0,0,"359113,8063","5645215,591",6.994648515,50.94133156,1,"5,20121E+18"
219848,5,3,15,0,2020,12,2,7,3,0,1,2,0,1,0,0,0,0,"359962,4232","5650019,544",7.004870733,50.98471192,1,"5,20121E+18"
219849,5,3,15,0,2020,12,13,7,3,0,2,0,0,1,1,0,0,0,"350006,6459","5659216,206",6.859327386,51.06484723,1,"5,20121E+18"
219857,5,3,15,0,2020,12,8,3,3,2,6,0,0,0,0,0,0,1,"358945,3816","5644595,975",6.99249264,50.93572185,0,"5,20122E+18"
219912,5,3,15,0,2020,12,9,5,2,3,1,0,1,1,0,0,0,0,"359559,3962","5644300,391",7.001339586,50.93321526,0,"5,20121E+18"
219916,5,3,15,0,2020,12,8,3,3,6,4,2,0,1,1,0,0,0,"355608,319","5644577,359",6.945038798,50.9347287,0,"5,20122E+18"
219918,5,3,15,0,2020,12,8,3,3,2,6,0,0,1,0,0,0,1,"355997,3116","5653262,351",6.94713155,51.01287601,0,"5,20122E+18"
219921,5,3,15,0,2020,12,9,5,2,7,7,0,1,0,0,0,0,0,"355889,6022","5647966,63",6.947697795,50.96525779,0,"5,20121E+18"
219936,5,3,15,0,2020,12,2,6,2,9,5,2,0,1,0,0,0,1,"358210,1327","5644178,705",6.982197746,50.93179154,0,"5,20122E+18"
219948,5,3,15,0,2020,12,13,6,2,0,1,0,1,0,0,0,0,0,"354353,4409","5646972,277",6.926234279,50.95593555,0,"5,20122E+18"
219952,5,3,15,0,2020,12,15,1,3,0,3,0,1,1,0,0,0,0,"354655,698","5644236,191",6.931626705,50.93142343,0,"5,20122E+18"