OBJECTID,ULAND,UREGBEZ,UKREIS,UGEMEINDE,UJAHR,UMONAT,USTUNDE,UWOCHENTAG,UKATEGORIE,UART,UTYP1,ULICHTVERH,IstRad,IstPKW,IstFuss,IstKrad,IstGkfz,IstSonstige,LINREFX,LINREFY,XGCSWGS84,YGCSWGS84,USTRZUSTAND,UIDENTSTLAE
29422,5,3,15,0,2021,5,11,3,3,0,2,0,1,1,0,0,0,0,"356243,2369","5648439,179",6.95254377,50.96959284,0,"5,21E+18"
29423,5,3,15,0,2021,7,14,3,3,5,2,0,1,0,0,0,0,1,"354470,0443","5645744,995",6.928383898,50.9449358,0,"5,21E+18"
29424,5,3,15,0,2021,12,20,6,3,5,2,2,1,1,0,0,0,0,"355383,386","5646703,261",6.940995705,50.95377735,1,"5,21E+18"
29431,5,3,15,0,2021,2,12,5,3,1,6,0,0,1,0,0,0,0,"357209,2848","5634736,937",6.971654197,50.84669126,0,"5,21E+18"
29436,5,3,15,0,2021,10,0,4,3,0,7,2,0,0,0,0,0,1,"355188,3969","5644781,078",6.938985701,50.9364542,0,"5,21E+18"
29442,5,3,15,0,2021,11,6,4,3,5,2,2,1,1,0,0,0,0,"352723,4688","5647107,545",6.902987975,50.9567369,1,"5,21E+18"
29449,5,3,15,0,2021,5,8,3,3,7,7,0,0,1,0,0,0,0,"357088,7051","5639059,169",6.968254143,50.88550561,0,"5,21E+18"
29450,5,3,15,0,2021,4,6,3,3,0,2,1,0,0,0,1,0,1,"350398,391","5648524,626",6.869323747,50.96887237,1,"5,21E+18"
29456,5,3,15,0,2021,11,15,4,2,0,7,0,1,0,0,0,0,0,"353200,5192","5653345,874",6.907255527,51.01291953,1,"5,21E+18"
29460,5,3,15,0,2021,6,11,7,3,5,2,0,1,1,0,0,0,0,"355375,3993","5648312,943",6.940242302,50.96824115,0,"5,21E+18"
29465,5,3,15,0,2021,6,20,1,2,0,1,0,0,0,0,0,0,1,"349116,15","5648640,226",6.851027366,50.96957674,0,"5,21E+18"
29467,5,3,15,0,2021,9,16,1,3,0,1,0,1,0,0,0,0,0,"357266,402","5638102,253",6.971152388,50.8769497,0,"5,21E+18"
29468,5,3,15,0,2021,6,22,4,3,3,6,1,0,1,0,0,0,0,"348509,0621","5643957,636",6.844335444,50.92733869,0,"5,21E+18"
29471,5,3,15,0,2021,4,15,5,2,4,7,0,0,1,0,1,0,0,"353265,7612","5655255,317",6.9074123,51.03009532,0,"5,21E+18"
29474,5,3,15,0,2021,11,17,3,3,9,4,2,1,0,1,0,0,0,"355080,3575","5645326,927",6.93723199,50.94133247,0,"5,21E+18"
29480,5,3,15,0,2021,11,12,3,3,6,4,0,1,0,1,0,0,0,"353259,6993","5646793,431",6.910744339,50.95405088,1,"5,21E+18"
29481,5,3,15,0,2021,10,15,6,2,5,3,0,1,1,0,0,0,0,"352605,8101","5643739,161",6.902676762,50.92643664,1,"5,21E+18"
29482,5,3,15,0,2021,9,10,2,3,5,3,0,1,0,0,0,1,0,"355788,12","5637878,709",6.950242212,50.87457373,0,"5,21E+18"
29489,5,3,15,0,2021,2,8,3,3,5,2,0,0,1,0,0,0,1,"350086,8876","5645082,245",6.866308069,50.93785703,1,"5,21E+18"
29490,5,3,15,0,2021,12,17,1,3,3,6,2,0,1,0,0,0,1,"349526,4932","5650283,915",6.856187006,50.98445466,1,"5,21E+18"
29491,5,3,15,0,2021,7,10,3,3,3,6,0,0,1,0,0,0,0,"356451,7139","5643925,768",6.957290312,50.92908347,0,"5,21E+18"
29497,5,3,15,0,2021,7,18,2,3,5,2,0,1,0,0,0,1,0,"355189,6485","5644665,544",6.939049414,50.93541623,0,"5,21E+18"
29503,5,3,15,0,2021,10,15,3,3,2,6,0,0,1,0,0,0,1,"357175,2479","5638784,543",6.969591004,50.88305895,1,"5,21E+18"
29508,5,3,15,0,2021,9,13,5,3,0,6,0,1,0,1,0,0,0,"353971,8431","5642027,301",6.922786131,50.91140006,0,"5,21E+18"
29514,5,3,15,0,2021,5,17,5,2,4,6,0,1,0,0,0,0,0,"356713,9763","5644637,959",6.960739826,50.93554907,0,"5,21E+18"
29519,5,3,15,0,2021,6,17,1,3,3,1,0,1,1,0,0,0,0,"356294,7692","5648044,439",6.953433172,50.96605825,0,"5,21E+18"
29520,5,3,15,0,2021,7,18,5,3,3,2,0,1,1,0,0,0,0,"351204,0287","5645042,035",6.882212943,50.93778502,1,"5,21E+18"
29521,5,3,15,0,2021,9,18,6,3,2,6,0,0,1,0,0,0,1,"357146,602","5647263,922",6.965862728,50.95925569,0,"5,21E+18"
29525,5,3,15,0,2021,3,15,6,3,1,5,0,1,0,0,0,0,1,"356361,3709","5647028,773",6.954781965,50.95694725,0,"5,21E+18"
29527,5,3,15,0,2021,5,17,7,3,9,1,0,0,0,1,0,0,1,"357532,8108","5644043,038",6.972618285,50.9304054,0,"5,21E+18"
29528,5,3,15,0,2021,9,8,3,2,1,1,0,0,1,0,1,0,0,"349139,5647","5653629,026",6.849288673,51.01441312,0,"5,21E+18"
29531,5,3,15,0,2021,1,16,6,3,4,6,0,1,0,0,0,0,0,"354194,473","5644486,926",6.92496737,50.9335603,0,"5,21E+18"
29532,5,3,15,0,2021,10,18,5,3,0,1,2,0,1,0,1,0,0,"355128,7556","5644784,92",6.938135923,50.93647374,1,"5,21E+18"
29534,5,3,15,0,2021,3,17,6,3,0,7,0,0,1,0,0,0,1,"357916,1318","5644657,32",6.977830025,50.9360205,0,"5,21E+18"
29540,5,3,15,0,2021,9,0,1,3,0,6,2,1,0,0,0,0,1,"353336,6747","5644050,658",6.912943783,50.92942222,0,"5,21E+18"
29543,5,3,15,0,2021,7,16,5,3,5,2,0,0,1,0,0,0,0,"351771,3638","5644995,909",6.890300626,50.93751661,1,"5,21E+18"
29546,5,3,15,0,2021,2,22,2,3,0,6,2,0,1,0,0,0,1,"354759,1679","5644685,068",6.932919261,50.93548343,0,"5,21E+18"
29547,5,3,15,0,2021,11,0,1,3,2,1,2,0,1,0,0,0,0,"350455,44","5642529,491",6.872596781,50.91501263,0,"5,21E+18"
29548,5,3,15,0,2021,3,15,3,3,5,3,0,1,1,0,0,0,0,"349696,826","5649295,298",6.859020736,50.9756152,0,"5,21E+18"
29555,5,3,15,0,2021,12,17,3,3,2,6,2,0,1,0,0,0,0,"356134,8775","5646941,7",6.951593627,50.95610824,0,"5,21E+18"
29556,5,3,15,0,2021,9,17,4,2,0,3,0,1,0,0,0,0,1,"354490,5106","5644827,567",6.929041472,50.93669631,0,"5,21E+18"
29564,5,3,15,0,2021,6,18,3,3,4,6,0,1,0,0,0,0,1,"357600,7397","5646796,063",6.972508059,50.95516349,0,"5,21E+18"
29574,5,3,15,0,2021,3,9,3,3,6,4,0,0,1,1,0,0,0,"353354,4486","5646692,283",6.912133146,50.95316602,1,"5,21E+18"
29575,5,3,15,0,2021,4,9,4,3,2,6,0,0,1,0,0,0,1,"352750,883","5649419,319",6.902442224,50.97751871,0,"5,21E+18"
29577,5,3,15,0,2021,9,18,4,3,0,1,0,0,0,0,1,0,0,"353585,9837","5648759,008",6.91459564,50.97179771,1,"5,21E+18"
29585,5,3,15,0,2021,2,11,7,3,5,3,0,0,1,0,0,0,1,"356507,295","5646459,705",6.957082635,50.95186947,0,"5,21E+18"
29586,5,3,15,0,2021,4,18,1,2,5,3,0,0,1,0,0,0,0,"357764,8266","5645087,485",6.975510127,50.93984909,0,"5,21E+18"
29588,5,3,15,0,2021,11,6,1,3,8,1,2,0,1,0,0,0,0,"352335,9057","5651780,549",6.895575476,50.99863153,1,"5,21E+18"
29590,5,3,15,0,2021,9,17,5,3,2,6,0,0,1,0,0,0,0,"354451,682","5647441,641",6.927444382,50.9601784,0,"5,21E+18"
29592,5,3,15,0,2021,10,13,3,3,2,6,0,0,1,0,0,0,0,"353847,1757","5651871,506",6.917061316,50.99983476,0,"5,21E+18"
29594,5,3,15,0,2021,9,8,5,3,2,6,0,0,1,0,0,0,0,"356871,5171","5644572,688",6.963006081,50.9350016,0,"5,21E+18"
29601,5,3,15,0,2021,10,14,2,3,0,1,0,1,0,0,0,0,0,"352975,98","5646967,266",6.906637475,50.95554075,0,"5,21E+18"
29608,5,3,15,0,2021,3,10,2,3,3,6,0,0,1,0,0,1,0,"356834,0659","5645341,298",6.962171423,50.94189973,0,"5,21E+18"
29611,5,3,15,0,2021,4,14,5,3,3,3,0,1,1,0,0,0,0,"353249,0913","5645274,276",6.911205593,50.94039614,0,"5,21E+18"
29614,5,3,15,0,2021,10,5,7,2,0,1,2,0,0,0,0,0,1,"353434,5805","5644109,121",6.914312514,50.9299725,0,"5,21E+18"
29617,5,3,15,0,2021,11,7,1,2,0,1,0,0,1,0,0,0,0,"351240,84","5642251,529",6.883874948,50.91271771,1,"5,21E+18"
29619,5,3,15,0,2021,9,13,1,2,0,7,0,1,0,0,0,0,0,"350167,76","5648724,563",6.865959092,50.97060912,0,"5,21E+18"
29620,5,3,15,0,2021,12,11,5,1,2,6,0,0,1,0,0,1,1,"349687,3978","5654400,472",6.856773183,51.02148891,0,"5,21E+18"
29623,5,3,15,0,2021,10,16,6,3,1,6,0,0,1,0,0,0,0,"357707,4721","5646835,193",6.974011411,50.95554151,0,"5,21E+18"
29631,5,3,15,0,2021,3,13,2,3,8,1,0,0,1,0,0,1,0,"354621,6636","5639413,005",6.933064043,50.88806995,0,"5,21E+18"
29636,5,3,15,0,2021,5,7,5,3,5,3,0,1,0,0,0,0,1,"356334,282","5641119,111",6.956725677,50.90383108,0,"5,21E+18"
29642,5,3,15,0,2021,11,14,6,3,2,6,0,0,1,0,0,0,0,"355319,8016","5646700,081",6.940092301,50.95373281,0,"5,21E+18"
29643,5,3,15,0,2021,6,17,4,3,1,5,0,1,1,0,0,0,0,"353717,8779","5646297,675",6.91746236,50.94971218,0,"5,21E+18"
29646,5,3,15,0,2021,10,6,2,2,5,2,2,1,1,0,0,0,0,"358004,015","5640423,364",6.980728038,50.89799144,1,"5,21E+18"
29647,5,3,15,0,2021,10,16,3,3,5,3,0,1,1,0,0,0,0,"349010,734","5642442,885",6.852095768,50.91385822,1,"5,21E+18"
29649,5,3,15,0,2021,11,12,2,3,0,1,0,0,0,0,0,0,1,"357472,738","5644755,733",6.971485272,50.93679552,0,"5,21E+18"
29654,5,3,15,0,2021,9,16,6,3,0,1,0,1,0,0,0,0,0,"352081,8007","5643625,228",6.89527204,50.92527866,0,"5,21E+18"
29657,5,3,15,0,2021,11,3,1,3,0,7,2,0,0,1,0,0,1,"354899,9881","5644365,33",6.935049336,50.93264547,1,"5,21E+18"
29664,5,3,15,0,2021,11,8,6,3,3,6,0,0,1,0,0,1,1,"352302,8856","5641150,018",6.899417581,50.90309163,1,"5,21E+18"
29667,5,3,15,0,2021,10,23,7,3,0,7,2,0,0,0,0,0,1,"351632,0692","5647927,359",6.887124974,50.96382415,0,"5,21E+18"
29670,5,3,15,0,2021,12,13,2,3,1,5,0,0,1,0,0,0,0,"357032,4186","5643410,525",6.965750274,50.92459723,0,"5,21E+18"
29673,5,3,15,0,2021,4,17,3,3,0,1,0,1,0,0,0,0,0,"356488,1156","5651564,123",6.954795025,50.99773714,0,"5,21E+18"
29675,5,3,15,0,2021,7,6,5,2,0,1,0,0,0,0,1,0,0,"357697,9203","5643827,739",6.975050354,50.92851127,1,"5,21E+18"
29676,5,3,15,0,2021,1,20,6,3,5,2,2,0,1,0,0,0,0,"349087,2718","5649613,639",6.850212379,50.97831647,0,"5,21E+18"
29683,5,3,15,0,2021,4,21,7,2,0,1,2,0,0,0,1,0,0,"357957,6024","5644044,324",6.97865876,50.93052172,0,"5,21E+18"
29696,5,3,15,0,2021,9,2,7,2,3,6,2,1,0,0,0,0,0,"349599,5231","5642306,487",6.860521581,50.91278623,0,"5,21E+18"
29697,5,3,15,0,2021,12,17,3,2,0,7,2,0,0,1,0,0,1,"356609,023","5643036,558",6.959877007,50.92113135,1,"5,21E+18"
29700,5,3,15,0,2021,5,17,2,3,5,3,0,1,0,0,0,0,1,"355949,889","5644630,869",6.949875488,50.93529501,0,"5,21E+18"
29703,5,3,15,0,2021,9,18,5,2,5,3,0,1,0,0,0,0,1,"351204,6353","5645020,315",6.88223044,50.93758999,0,"5,21E+18"
29705,5,3,15,0,2021,11,8,2,3,0,3,0,1,1,0,0,0,0,"351726,6125","5654596,967",6.885747574,51.02378419,1,"5,21E+18"
29708,5,3,15,0,2021,1,12,4,3,5,3,0,0,1,0,0,0,0,"357514,1581","5641224,175",6.973454099,50.90506769,1,"5,21E+18"
29729,5,3,15,0,2021,1,16,2,3,2,6,0,0,1,0,0,0,0,"350089,6694","5659752,749",6.860289008,51.06969036,0,"5,21E+18"
29730,5,3,15,0,2021,10,22,1,3,5,2,2,0,1,0,1,0,0,"356571,9315","5647114,474",6.957744249,50.95776987,0,"5,21E+18"
29735,5,3,15,0,2021,11,17,6,3,0,6,0,0,1,0,0,0,0,"355898,548","5644718,422",6.949110681,50.936069,1,"5,21E+18"
29738,5,3,15,0,2021,6,14,1,3,1,2,0,0,1,0,0,0,0,"355150,5118","5639075,89",6.940711439,50.8851732,0,"5,21E+18"
29741,5,3,15,0,2021,5,8,3,3,3,6,0,0,1,0,0,0,1,"351168,7948","5652693,701",6.878580253,51.00653672,0,"5,21E+18"
29745,5,3,15,0,2021,6,8,6,2,0,6,0,0,1,0,0,0,0,"348160,559","5643941,126",6.839387004,50.92709871,0,"5,21E+18"
29749,5,3,15,0,2021,2,18,4,3,5,2,2,0,1,0,0,0,0,"354041,7526","5642127,584",6.923739767,50.91231895,1,"5,21E+18"
29751,5,3,15,0,2021,11,18,5,3,0,6,2,1,0,1,0,0,0,"354993,6414","5644667,993",6.936260786,50.93538899,0,"5,21E+18"
29758,5,3,15,0,2021,9,15,4,3,0,2,0,0,1,0,0,0,1,"353355,1928","5645789,739",6.912507213,50.9450554,1,"5,21E+18"
29764,5,3,15,0,2021,1,12,3,3,6,4,0,0,1,1,0,0,0,"351220,2523","5643566,188",6.883046078,50.92452656,1,"5,21E+18"
29768,5,3,15,0,2021,3,19,5,3,5,2,2,1,1,0,0,0,0,"356334,0696","5641119,13",6.956722652,50.9038312,0,"5,21E+18"
29772,5,3,15,0,2021,6,8,4,3,3,2,0,1,0,0,0,0,1,"355726,9355","5643635,44",6.947098578,50.92629352,0,"5,21E+18"
29773,5,3,15,0,2021,11,19,4,3,0,1,2,1,0,0,0,0,0,"354416,8192","5645785,562",6.927610554,50.94528693,0,"5,21E+18"
29774,5,3,15,0,2021,12,13,5,3,4,6,0,1,0,0,0,0,1,"355285,9024","5645330,481",6.940154256,50.94141603,1,"5,21E+18"
29775,5,3,15,0,2021,10,10,3,3,1,6,0,0,1,0,0,0,0,"353657,3941","5644233,699",6.91743099,50.93114861,0,"5,21E+18"
29779,5,3,15,0,2021,10,14,2,3,5,3,0,1,1,0,0,0,0,"349407,7792","5658084,819",6.851257779,51.05452372,0,"5,21E+18"
29781,5,3,15,0,2021,3,22,4,2,9,1,2,1,0,0,0,0,0,"357421,811","5647046,817",6.969863942,50.95737275,0,"5,21E+18"
29785,5,3,15,0,2021,2,14,7,3,5,3,0,0,1,0,0,0,0,"352333,766","5651876,999",6.895505779,50.99949772,0,"5,21E+18"
29786,5,3,15,0,2021,2,14,1,3,0,3,0,1,1,0,0,0,0,"353708,8341","5635705,99",6.921577588,50.85452541,0,"5,21E+18"
29792,5,3,15,0,2021,9,16,5,3,0,7,0,1,0,0,0,0,1,"356839,8591","5643847,58",6.962840632,50.92847726,1,"5,21E+18"
29794,5,3,15,0,2021,11,15,4,3,0,1,0,0,0,0,1,0,0,"352668,845","5650249,761",6.900937811,50.98496049,1,"5,21E+18"
29799,5,3,15,0,2021,12,11,5,3,5,3,0,1,0,0,0,0,1,"351169,2076","5645044,491",6.881716699,50.93779811,0,"5,21E+18"
29803,5,3,15,0,2021,12,20,2,3,0,2,2,1,1,0,0,0,0,"356419,015","5647051,09",6.955593376,50.95716217,0,"5,21E+18"
29804,5,3,15,0,2021,4,14,5,3,3,6,0,0,1,0,0,1,0,"348351,3356","5643142,398",6.842431775,50.91997133,0,"5,21E+18"
29806,5,3,15,0,2021,6,18,3,3,3,6,0,0,1,0,0,1,0,"349063,1302","5648713,358",6.850242446,50.97022004,0,"5,21E+18"
29808,5,3,15,0,2021,10,10,3,3,1,5,0,1,1,0,0,0,1,"355690,137","5644734,161",6.946140325,50.93615834,0,"5,21E+18"
29817,5,3,15,0,2021,6,9,2,3,5,2,0,0,1,0,1,0,0,"357208,4734","5641146,254",6.969139806,50.90429189,0,"5,21E+18"
29822,5,3,15,0,2021,12,1,1,3,0,1,2,1,0,0,0,0,0,"353538,6685","5642764,837",6.916332609,50.91791831,1,"5,21E+18"
29826,5,3,15,0,2021,10,15,4,2,5,2,0,0,1,0,0,0,1,"354871,6373","5644677,721",6.934521748,50.93544572,0,"5,21E+18"
29837,5,3,15,0,2021,2,15,5,3,2,6,0,0,1,0,0,0,0,"356886,8973","5641105,289",6.964585313,50.90384411,0,"5,21E+18"
29841,5,3,15,0,2021,11,14,5,3,0,7,0,1,0,0,0,0,0,"357469,0178","5642102,927",6.972469322,50.91295389,1,"5,21E+18"
29846,5,3,15,0,2021,6,15,7,3,5,3,0,0,1,0,0,0,1,"355189,6055","5644668,112",6.939047781,50.9354393,0,"5,21E+18"
29850,5,3,15,0,2021,6,14,6,3,3,2,0,0,1,0,0,0,1,"347034,739","5645238,745",6.822834771,50.93846184,0,"5,21E+18"
29853,5,3,15,0,2021,6,16,5,3,3,5,0,1,1,0,0,0,0,"353360,2077","5646686,1",6.912217574,50.95311192,0,"5,21E+18"
29854,5,3,15,0,2021,3,15,7,2,5,2,0,0,1,0,0,0,1,"352660,386","5644922,729",6.902974348,50.93708681,0,"5,21E+18"
29856,5,3,15,0,2021,3,21,7,2,0,1,2,1,1,0,0,0,0,"353584,618","5646222,493",6.915596786,50.94900272,1,"5,21E+18"
29858,5,3,15,0,2021,9,22,7,3,5,3,2,0,1,0,0,0,1,"355438,0889","5644714,706",6.942563292,50.93592037,0,"5,21E+18"
29859,5,3,15,0,2021,9,18,5,3,2,6,0,0,1,0,0,0,0,"354792,144","5646143,464",6.932806905,50.94859795,0,"5,21E+18"
29863,5,3,15,0,2021,6,7,3,3,2,6,0,0,1,0,0,0,0,"356619,8007","5646263,477",6.958760576,50.950134,0,"5,21E+18"
29875,5,3,15,0,2021,2,19,3,3,5,2,2,1,1,0,0,0,0,"353906,9583","5646142,618",6.920214506,50.94836669,0,"5,21E+18"
29881,5,3,15,0,2021,9,8,5,2,0,3,0,1,1,0,0,0,0,"356687,7162","5644622,951",6.960372244,50.93540767,0,"5,21E+18"
29883,5,3,15,0,2021,10,10,6,3,2,6,0,0,1,0,0,0,0,"352300,8587","5641151,562",6.89938815,50.90310499,0,"5,21E+18"
29885,5,3,15,0,2021,9,16,7,3,6,4,0,0,1,1,0,0,0,"356178,026","5644621,334",6.953123886,50.93526625,0,"5,21E+18"
29888,5,3,15,0,2021,11,9,2,2,3,6,0,0,1,0,0,1,0,"351433,4437","5652347,775",6.882491352,51.00349652,0,"5,21E+18"
29896,5,3,15,0,2021,6,21,5,3,3,2,1,1,0,0,0,0,0,"354205,8577","5644955,272",6.9249419,50.93777206,0,"5,21E+18"
29898,5,3,15,0,2021,5,13,7,3,0,3,0,0,1,0,1,0,0,"355091,5658","5644187,338",6.937844596,50.93109407,1,"5,21E+18"
29906,5,3,15,0,2021,3,19,4,3,5,3,0,0,1,0,0,0,1,"353675,084","5646344,026",6.916834931,50.95011786,0,"5,21E+18"
29910,5,3,15,0,2021,10,13,3,3,6,7,0,0,1,1,0,0,0,"354783,844","5646153,408",6.932684862,50.94868523,0,"5,21E+18"
29911,5,3,15,0,2021,6,13,4,3,5,3,0,0,1,0,0,0,0,"350281,5579","5643414,195",6.869761846,50.92291786,0,"5,21E+18"
29915,5,3,15,0,2021,7,19,4,2,3,6,0,0,1,0,0,1,0,"349830,7373","5643024,314",6.86351273,50.91929709,1,"5,21E+18"
29918,5,3,15,0,2021,9,12,4,3,6,7,0,0,1,1,0,0,0,"352236,7431","5644944,108",6.896940475,50.93717054,1,"5,21E+18"
29930,5,3,15,0,2021,11,20,6,2,7,4,2,0,0,1,0,0,1,"357350,244","5642394,239",6.970666976,50.91554257,0,"5,21E+18"
29933,5,3,15,0,2021,4,15,3,3,5,3,0,1,1,0,0,0,0,"354155,385","5644843,826",6.924268644,50.93675777,0,"5,21E+18"
29943,5,3,15,0,2021,4,14,5,3,0,5,0,1,1,0,0,0,0,"353602,0233","5646423,371",6.915763629,50.95081235,0,"5,21E+18"
29945,5,3,15,0,2021,5,17,7,3,0,5,0,1,1,0,0,0,0,"356339,7653","5647606,744",6.954246376,50.96213599,0,"5,21E+18"
29949,5,3,15,0,2021,9,14,4,3,0,3,0,1,1,0,0,0,0,"350127,9795","5643369,782",6.867596557,50.92247887,0,"5,21E+18"
29961,5,3,15,0,2021,12,23,4,3,8,1,2,0,1,0,0,0,0,"349126,92","5646628,108",6.852014877,50.9514982,0,"5,21E+18"
29963,5,3,15,0,2021,10,15,1,3,2,6,0,0,1,0,0,0,0,"357114,8205","5638583,054",6.968811303,50.88123322,0,"5,21E+18"
29974,5,3,15,0,2021,10,17,6,3,2,6,0,0,1,0,0,0,1,"356515,6661","5634979,298",6.961713017,50.84869775,1,"5,21E+18"
29975,5,3,15,0,2021,6,19,4,3,6,7,0,1,0,1,0,0,0,"353169,3613","5643626,956",6.910735204,50.92557201,0,"5,21E+18"
29981,5,3,15,0,2021,3,12,3,3,8,1,0,0,1,0,0,0,0,"351175,47","5645500,936",6.881619311,50.94190154,1,"5,21E+18"
29982,5,3,15,0,2021,9,16,1,3,4,6,0,1,0,0,0,0,1,"357085,5795","5643273,681",6.96655981,50.9233806,0,"5,21E+18"
29987,5,3,15,0,2021,2,16,1,3,5,3,0,1,0,0,0,0,0,"357615,5884","5645096,847",6.973383722,50.93989639,0,"5,21E+18"
29988,5,3,15,0,2021,10,11,6,3,2,6,0,0,1,0,0,0,0,"348900,0347","5645345,718",6.849319169,50.9399149,0,"5,21E+18"
29991,5,3,15,0,2021,7,1,1,2,7,7,2,1,0,0,0,0,0,"354286,5436","5641914,476",6.927304584,50.91046566,1,"5,21E+18"
29995,5,3,15,0,2021,6,9,5,3,1,5,0,1,1,0,0,0,0,"357944,9501","5644898,531",6.978145863,50.93819536,0,"5,21E+18"
29997,5,3,15,0,2021,12,12,5,3,9,1,0,0,1,0,0,0,0,"348201,662","5658208,864",6.834009247,51.05532085,1,"5,21E+18"
30001,5,3,15,0,2021,9,7,3,3,5,3,0,1,0,0,0,0,0,"353360,107","5645828,303",6.91256159,50.94540321,0,"5,21E+18"
30003,5,3,15,0,2021,2,17,1,3,2,6,0,0,1,0,0,0,0,"353533,6314","5641396,087",6.916810387,50.90561651,0,"5,21E+18"
30004,5,3,15,0,2021,10,15,1,3,6,4,0,0,1,1,0,0,0,"352084,365","5647576,131",6.893704139,50.96078415,0,"5,21E+18"
30007,5,3,15,0,2021,9,12,4,3,6,4,0,1,0,1,0,0,0,"354904,5523","5644796,901",6.934942418,50.93652505,0,"5,21E+18"
30012,5,3,15,0,2021,3,8,5,3,1,6,0,0,1,0,0,0,0,"352285,5469","5644941,002",6.897635841,50.93715513,0,"5,21E+18"
30016,5,3,15,0,2021,3,20,2,3,1,5,1,1,1,0,0,0,0,"355312,2993","5644074,469",6.941028429,50.93013515,0,"5,21E+18"
30017,5,3,15,0,2021,1,17,6,3,5,2,2,0,1,0,0,0,1,"353835,7387","5646589,512",6.919021937,50.95236471,0,"5,21E+18"
30026,5,3,15,0,2021,10,11,1,3,5,2,0,1,1,0,0,0,0,"354191,852","5644842,442",6.924787849,50.93675455,0,"5,21E+18"
30028,5,3,15,0,2021,3,17,5,3,2,6,0,1,0,0,0,0,1,"355191,45","5644814,375",6.939015891,50.93675419,0,"5,21E+18"
30036,5,3,15,0,2021,5,16,2,3,4,1,0,1,0,0,0,0,0,"353582,6687","5646444,325",6.915479851,50.95099574,0,"5,21E+18"
30037,5,3,15,0,2021,12,19,6,3,1,6,2,0,1,0,0,0,0,"351765,531","5644996,35",6.89021749,50.93751908,1,"5,21E+18"
30038,5,3,15,0,2021,11,10,3,3,0,7,0,1,0,0,0,0,1,"355395,5841","5645648,737",6.941588034,50.94430365,0,"5,21E+18"
30039,5,3,15,0,2021,10,20,6,3,0,2,2,0,1,1,0,0,0,"354717,2218","5643049,144",6.932974627,50.92077122,1,"5,21E+18"
30041,5,3,15,0,2021,1,10,6,3,9,1,0,0,1,0,0,0,0,"350398,069","5648523,358",6.869319686,50.9688609,1,"5,21E+18"
30042,5,3,15,0,2021,11,14,6,3,3,2,0,1,1,0,0,0,0,"349466,4216","5644286,489",6.85781234,50.93054449,0,"5,21E+18"
30043,5,3,15,0,2021,12,10,4,3,1,5,0,0,1,0,0,0,0,"356380,1452","5638050,145",6.958583919,50.87626184,1,"5,21E+18"
30044,5,3,15,0,2021,2,6,2,3,0,7,1,0,1,0,1,0,0,"357945,558","5647115,214",6.977289773,50.95811678,0,"5,21E+18"
30048,5,3,15,0,2021,6,17,6,2,2,6,0,0,1,0,1,0,0,"352273,2762","5647418,376",6.896456306,50.95941495,0,"5,21E+18"
30050,5,3,15,0,2021,6,13,3,2,5,2,0,0,1,0,1,0,0,"354260,3852","5640287,622",6.927582185,50.89583891,0,"5,21E+18"
30051,5,3,15,0,2021,3,9,5,3,5,2,0,1,1,0,0,0,0,"355289,504","5645352,731",6.940196647,50.94161689,1,"5,21E+18"
30054,5,3,15,0,2021,2,23,6,2,2,6,2,0,1,0,0,0,0,"356954,1229","5647266,835",6.963122659,50.95923413,0,"5,21E+18"
30058,5,3,15,0,2021,11,19,6,3,2,6,2,0,1,0,0,0,0,"357164,7003","5637403,254",6.969980766,50.87064264,1,"5,21E+18"
30072,5,3,15,0,2021,12,11,3,3,0,1,0,0,1,0,0,0,0,"352973,3246","5656102,133",6.902901244,51.03763044,0,"5,21E+18"
30074,5,3,15,0,2021,5,16,7,3,3,6,0,0,1,0,0,0,1,"353473,5892","5646562,692",6.913880366,50.95203174,0,"5,21E+18"
30076,5,3,15,0,2021,6,5,1,3,0,1,1,0,0,0,0,0,1,"356358,9573","5647309,358",6.954636879,50.95946821,1,"5,21E+18"
30085,5,3,15,0,2021,9,1,5,3,0,1,2,0,0,0,0,0,1,"355620,4016","5644696,946",6.945163257,50.93580644,0,"5,21E+18"
30089,5,3,15,0,2021,12,9,7,3,8,1,0,0,1,0,0,0,0,"354336,033","5634884,474",6.930809054,50.84730086,1,"5,21E+18"
30097,5,3,15,0,2021,3,15,5,3,0,3,0,0,1,0,0,0,0,"352131,1353","5647535,802",6.894386048,50.96043374,0,"5,21E+18"
30099,5,3,15,0,2021,5,15,2,3,5,3,0,1,0,0,0,0,1,"353000,1975","5644476,9",6.907987135,50.93316705,0,"5,21E+18"
30101,5,3,15,0,2021,5,12,3,3,0,1,0,1,0,0,0,0,0,"355950,4393","5649870,496",6.947809356,50.9823826,1,"5,21E+18"
30104,5,3,15,0,2021,2,7,2,3,2,6,0,0,1,0,0,0,0,"353664,0206","5640089,884",6.919187064,50.89391109,0,"5,21E+18"
30106,5,3,15,0,2021,2,16,3,3,2,6,0,0,1,0,0,0,0,"356788,046","5638919,369",6.964037386,50.88417479,0,"5,21E+18"
30110,5,3,15,0,2021,6,19,1,3,1,5,0,1,1,0,0,0,0,"357427,005","5644312,494",6.971008223,50.93280085,0,"5,21E+18"
30111,5,3,15,0,2021,4,18,2,3,5,2,0,0,1,0,0,0,0,"348661,4596","5645140,97",6.846011022,50.93801242,1,"5,21E+18"
30115,5,3,15,0,2021,9,13,6,3,2,6,0,0,1,0,0,0,1,"354173,966","5644843,07",6.924533214,50.93675567,0,"5,21E+18"