OBJECTID,ULAND,UREGBEZ,UKREIS,UGEMEINDE,UJAHR,UMONAT,USTUNDE,UWOCHENTAG,UKATEGORIE,UART,UTYP1,ULICHTVERH,IstRad,IstPKW,IstFuss,IstKrad,IstGkfz,IstSonstige,LINREFX,LINREFY,XGCSWGS84,YGCSWGS84,USTRZUSTAND,UIDENTSTLAE
30122,5,3,15,0,2021,11,12,7,3,8,1,0,0,1,0,0,0,0,"347794,6403","5660121,805",6.827401116,51.07240267,0,"5,21E+18"
30124,5,3,15,0,2021,11,6,3,3,5,2,2,1,1,0,0,0,0,"353209,276","5645205,334",6.910667059,50.93976645,0,"5,21E+18"
30128,5,3,15,0,2021,2,10,7,3,0,5,0,1,1,0,0,0,0,"353504,4387","5646528,999",6.914332822,50.9517368,0,"5,21E+18"
30131,5,3,15,0,2021,6,20,1,3,1,6,0,0,1,0,0,0,0,"354732,9015","5644533,87",6.932605965,50.93411804,0,"5,21E+18"
30135,5,3,15,0,2021,6,13,6,2,5,3,0,1,1,0,0,0,0,"349360,0766","5643149,399",6.856769887,50.92029847,0,"5,21E+18"
30136,5,3,15,0,2021,6,14,4,3,0,1,0,1,0,0,0,0,0,"356493,8891","5644618,507",6.95761731,50.93531954,0,"5,21E+18"
30137,5,3,15,0,2021,7,15,1,3,1,6,0,0,1,0,1,0,0,"357670,09","5643852,774",6.97464482,50.92872939,0,"5,21E+18"
30138,5,3,15,0,2021,9,16,6,2,5,3,0,1,1,0,0,0,0,"347543,9857","5647370,911",6.829184699,50.9577566,0,"5,21E+18"
30139,5,3,15,0,2021,9,13,1,3,2,6,0,0,1,0,0,0,0,"355694,341","5645893,211",6.945740981,50.94657554,0,"5,21E+18"
30140,5,3,15,0,2021,11,13,5,2,6,2,0,0,1,1,0,0,0,"354324,4706","5642494,373",6.927612177,50.91568662,0,"5,21E+18"
30142,5,3,15,0,2021,4,14,2,3,6,4,0,1,0,1,0,0,0,"353751,6647","5646457,172",6.91787896,50.95115409,0,"5,21E+18"
30151,5,3,15,0,2021,3,10,3,3,5,2,0,1,1,0,0,0,0,"352708,2436","5644933,856",6.9036505,50.93719903,0,"5,21E+18"
30153,5,3,15,0,2021,11,12,6,3,2,5,0,0,1,0,0,0,0,"353889,4824","5642280,489",6.921514012,50.91365455,0,"5,21E+18"
30157,5,3,15,0,2021,6,16,5,3,8,6,0,1,0,0,0,0,0,"350746,4044","5650051,9",6.873649651,50.98268725,0,"5,21E+18"
30159,5,3,15,0,2021,12,7,2,3,3,2,0,1,1,0,0,0,0,"356837,6665","5643981,005",6.962757055,50.9296758,1,"5,21E+18"
30162,5,3,15,0,2021,3,15,2,3,1,6,0,0,1,0,0,0,0,"355962,754","5646863,01",6.949175685,50.95535807,0,"5,21E+18"
30164,5,3,15,0,2021,10,14,5,3,2,7,0,1,1,0,0,0,0,"356179,7655","5644620,776",6.953148846,50.93526167,0,"5,21E+18"
30165,5,3,15,0,2021,9,15,6,3,2,6,0,0,1,0,0,0,0,"351178,4052","5645496,246",6.881662976,50.94186015,0,"5,21E+18"
30170,5,3,15,0,2021,2,19,2,3,1,5,2,1,1,0,0,0,0,"356419,0677","5646262,915",6.955904996,50.95007898,1,"5,21E+18"
30172,5,3,15,0,2021,2,9,6,3,5,3,0,1,1,0,0,0,0,"357381,7431","5637149,882",6.973162171,50.86841916,0,"5,21E+18"
30175,5,3,15,0,2021,4,19,5,2,4,6,0,1,0,0,0,0,0,"355539,9317","5645790,117",6.943585299,50.94561039,0,"5,21E+18"
30177,5,3,15,0,2021,4,18,2,3,0,2,0,1,1,0,0,0,0,"355187,024","5643735,861",6.939381444,50.92706071,0,"5,21E+18"
30179,5,3,15,0,2021,10,20,6,2,2,7,2,0,1,0,1,0,0,"354557,2423","5643491,239",6.93052377,50.92470392,1,"5,21E+18"
30180,5,3,15,0,2021,10,13,6,3,0,1,0,0,0,0,0,0,1,"357913,883","5643457,781",6.978265622,50.92523969,0,"5,21E+18"
30196,5,3,15,0,2021,10,7,6,3,3,6,2,0,1,0,0,0,0,"353237,9916","5652564,036",6.908105552,51.00590311,0,"5,21E+18"
30199,5,3,15,0,2021,1,18,6,3,2,1,2,0,1,0,1,0,0,"356102,754","5643383,611",6.952541932,50.92412423,0,"5,21E+18"
30200,5,3,15,0,2021,3,17,5,3,5,3,1,1,0,0,0,0,1,"354512,9359","5644825,799",6.929361122,50.93668608,1,"5,21E+18"
30202,5,3,15,0,2021,11,15,5,2,3,5,1,1,1,0,0,0,0,"353883,9226","5646159,325",6.919880096,50.94851099,1,"5,21E+18"
30204,5,3,15,0,2021,3,13,2,3,2,2,0,0,1,0,1,0,0,"356929,595","5639870,984",6.96567574,50.89276202,0,"5,21E+18"
30211,5,3,15,0,2021,11,12,6,3,5,2,0,1,1,0,0,0,0,"354191,129","5644819,757",6.924786644,50.93655051,0,"5,21E+18"
30224,5,3,15,0,2021,1,20,7,3,6,2,2,0,1,1,0,0,0,"354732,8818","5644533,09",6.932605995,50.93411103,1,"5,21E+18"
30226,5,3,15,0,2021,10,16,3,2,9,1,0,0,1,0,0,0,0,"356957,751","5634614,363",6.968131421,50.84552754,0,"5,21E+18"
30229,5,3,15,0,2021,3,19,2,3,0,5,0,1,1,0,0,0,0,"356477,8208","5643073,153",6.957997169,50.92142761,0,"5,21E+18"
30230,5,3,15,0,2021,3,15,5,3,2,6,0,0,1,0,0,0,0,"357930,8031","5646597,333",6.977281955,50.95345897,0,"5,21E+18"
30234,5,3,15,0,2021,9,15,3,3,0,6,0,0,0,0,1,0,0,"352250,4012","5647436,404",6.896123494,50.95957109,0,"5,21E+18"
30238,5,3,15,0,2021,6,13,1,3,4,2,0,0,1,0,1,0,0,"353957,228","5654042,961",6.917754722,51.01937658,0,"5,21E+18"
30245,5,3,15,0,2021,10,23,4,2,9,1,2,0,0,0,1,0,0,"348618,4333","5643744,59",6.845979037,50.92545292,1,"5,21E+18"
30251,5,3,15,0,2021,10,19,5,3,1,6,1,0,1,0,0,0,0,"354754,142","5638222,739",6.93541925,50.87740655,0,"5,21E+18"
30256,5,3,15,0,2021,10,15,4,3,2,6,0,0,1,0,0,0,0,"353194,2092","5645184,152",6.910461294,50.93957226,0,"5,21E+18"
30257,5,3,15,0,2021,9,11,3,2,2,6,0,0,0,0,0,1,0,"352378,6323","5641092,313",6.900517428,50.90259242,0,"5,21E+18"
30259,5,3,15,0,2021,9,14,3,3,4,2,0,0,1,0,0,0,0,"353553,0329","5648797,403",6.914111187,50.97213437,0,"5,21E+18"
30268,5,3,15,0,2021,6,12,6,2,2,6,0,0,1,0,1,0,0,"357479,0164","5635526,053",6.975176055,50.85384965,0,"5,21E+18"
30272,5,3,15,0,2021,9,20,6,3,5,2,2,1,1,0,0,0,0,"354075,1185","5636350,824",6.926520835,50.86041295,0,"5,21E+18"
30273,5,3,15,0,2021,6,14,5,3,1,5,0,1,1,0,0,0,0,"355185,7807","5644095,362",6.939220957,50.93029116,0,"5,21E+18"
30276,5,3,15,0,2021,6,18,1,3,0,1,0,0,0,0,0,0,1,"358089,4987","5647208,661",6.979301539,50.95899205,0,"5,21E+18"
30278,5,3,15,0,2021,5,16,2,3,1,6,0,0,1,0,0,0,0,"348414,3483","5656476,472",6.837766971,51.03980972,1,"5,21E+18"
30279,5,3,15,0,2021,12,17,7,3,1,6,2,0,1,0,0,0,0,"357147,2973","5637883,234",6.969546108,50.87495194,1,"5,21E+18"
30289,5,3,15,0,2021,10,20,5,2,0,1,2,0,1,0,0,0,0,"350754,0473","5650068,725",6.873751545,50.98284044,0,"5,21E+18"
30296,5,3,15,0,2021,1,7,4,3,4,2,1,1,1,0,0,0,0,"351227,938","5648230,9",6.881249903,50.96644768,1,"5,21E+18"
30297,5,3,15,0,2021,2,15,5,3,2,6,0,0,1,0,0,0,1,"356827,83","5633854,935",6.966583962,50.83867037,0,"5,21E+18"
30302,5,3,15,0,2021,6,20,1,2,8,1,0,0,0,0,1,0,0,"357422,748","5636713,786",6.973914483,50.86451005,0,"5,21E+18"
30306,5,3,15,0,2021,11,18,6,2,4,1,2,1,0,0,0,0,0,"354191,129","5644819,757",6.924786644,50.93655051,1,"5,21E+18"
30313,5,3,15,0,2021,3,5,7,3,6,4,2,0,1,1,0,0,0,"353346,491","5644888,749",6.912746137,50.93695634,0,"5,21E+18"
30319,5,3,15,0,2021,3,9,6,3,0,1,0,1,0,0,0,0,0,"354749,0702","5643138,559",6.933391827,50.92158279,0,"5,21E+18"
30323,5,3,15,0,2021,9,17,3,3,2,6,0,0,1,0,0,0,1,"357777,3796","5639454,918",6.97788435,50.88923219,0,"5,21E+18"
30330,5,3,15,0,2021,7,22,3,3,0,1,2,1,0,0,0,0,0,"355286,17","5644185,634",6.940612721,50.93112761,1,"5,21E+18"
30331,5,3,15,0,2021,9,14,5,3,1,5,0,1,1,0,0,0,0,"353790,1682","5646227,417",6.918519003,50.94909914,0,"5,21E+18"
30333,5,3,15,0,2021,3,10,3,3,1,7,0,0,1,0,0,0,0,"353886,4948","5641869,282",6.921636196,50.90995838,0,"5,21E+18"
30335,5,3,15,0,2021,10,6,2,3,5,3,2,0,1,0,0,0,1,"354924,29","5643339,187",6.935803285,50.92342988,1,"5,21E+18"
30341,5,3,15,0,2021,10,12,6,3,0,7,0,0,1,1,0,0,0,"352566,431","5647198,775",6.900716624,50.95751658,0,"5,21E+18"
30342,5,3,15,0,2021,9,16,5,3,5,3,0,1,1,0,0,0,0,"356005,9272","5646891,197",6.94977882,50.95562217,0,"5,21E+18"
30346,5,3,15,0,2021,6,13,3,3,5,2,0,1,1,0,0,0,0,"357026,839","5641116,149",6.966570029,50.90397638,1,"5,21E+18"
30347,5,3,15,0,2021,9,15,7,3,1,3,0,1,1,0,0,0,0,"351478,1382","5644619,231",6.886283779,50.93405616,0,"5,21E+18"
30350,5,3,15,0,2021,9,9,5,3,3,2,0,1,1,0,0,0,0,"356429,9083","5647045,303",6.955750659,50.95711288,0,"5,21E+18"
30353,5,3,15,0,2021,6,20,4,3,0,1,1,0,1,0,0,0,0,"348848,7557","5644880,543",6.848782809,50.93572128,1,"5,21E+18"
30355,5,3,15,0,2021,3,22,2,3,5,3,2,1,1,0,0,0,0,"355531,7389","5643780,259",6.944265598,50.92754614,0,"5,21E+18"
30356,5,3,15,0,2021,1,19,7,3,2,6,2,0,1,0,0,0,0,"354191,852","5644842,442",6.924787849,50.93675455,0,"5,21E+18"
30357,5,3,15,0,2021,11,16,7,3,3,6,0,0,1,0,1,0,0,"355118,0427","5644660,453",6.938033044,50.93535249,0,"5,21E+18"
30366,5,3,15,0,2021,1,7,4,3,5,2,1,1,0,0,0,0,1,"353538,0541","5642766,862",6.91632306,50.91793635,0,"5,21E+18"
30367,5,3,15,0,2021,5,17,4,3,2,2,0,0,1,0,0,0,0,"351735,7258","5643568,131",6.890374522,50.92467672,1,"5,21E+18"
30374,5,3,15,0,2021,4,15,3,2,3,6,0,0,1,0,0,0,0,"357931,7838","5646596,288",6.977296315,50.95344982,1,"5,21E+18"
30380,5,3,15,0,2021,6,18,5,3,5,3,0,0,1,0,0,0,1,"354542,8979","5647449,951",6.928739035,50.96027611,0,"5,21E+18"
30381,5,3,15,0,2021,11,8,6,3,2,6,0,0,1,0,1,0,0,"355279,6004","5644006,58",6.940590383,50.92951684,1,"5,21E+18"
30383,5,3,15,0,2021,6,13,2,3,2,6,0,0,1,0,0,0,0,"351136,2193","5650601,426",6.878973976,50.98772641,0,"5,21E+18"
30388,5,3,15,0,2021,12,3,1,2,0,1,2,0,0,0,0,0,1,"357475,5054","5644775,395",6.971516942,50.93697291,1,"5,21E+18"
30391,5,3,15,0,2021,11,19,7,2,5,2,2,0,1,0,0,0,0,"354088,3774","5644846,458",6.923314574,50.93676447,1,"5,21E+18"
30393,5,3,15,0,2021,12,18,1,3,1,6,2,0,1,0,0,0,0,"355137,605","5646571,528",6.937551198,50.95253178,1,"5,21E+18"
30398,5,3,15,0,2021,6,19,5,3,2,6,0,1,0,0,0,0,1,"353331,6774","5646716,728",6.911799323,50.9533799,0,"5,21E+18"
30399,5,3,15,0,2021,7,18,5,2,3,6,0,0,1,0,0,0,1,"352749,417","5650656,385",6.901920127,50.98863522,1,"5,21E+18"
30416,5,3,15,0,2021,2,16,1,3,0,7,0,0,1,0,1,0,0,"355271,31","5644014,759",6.940469243,50.92958826,0,"5,21E+18"
30419,5,3,15,0,2021,9,13,3,3,6,4,0,1,0,1,0,0,0,"356856,0627","5644266,678",6.962906475,50.93224769,0,"5,21E+18"
30420,5,3,15,0,2021,12,18,7,2,0,6,2,0,1,0,0,0,0,"358061,3936","5644009,79",6.980148232,50.93023692,1,"5,21E+18"
30423,5,3,15,0,2021,10,15,2,3,2,6,0,0,1,0,0,0,0,"357359,1643","5642400,508",6.97079134,50.91560111,0,"5,21E+18"
30427,5,3,15,0,2021,12,17,4,3,0,1,1,1,0,0,0,0,0,"352850,9405","5641190,723",6.907190169,50.90359737,0,"5,21E+18"
30431,5,3,15,0,2021,5,19,6,3,2,6,0,0,1,0,0,1,0,"354855,718","5641522,94",6.935550864,50.90709041,1,"5,21E+18"
30437,5,3,15,0,2021,9,8,2,3,6,4,0,0,1,1,0,0,0,"352603,7816","5647176,294",6.901257177,50.95732412,0,"5,21E+18"
30448,5,3,15,0,2021,9,14,4,3,3,6,0,0,1,0,0,0,0,"357713,2722","5646829,101",6.974096322,50.95548819,1,"5,21E+18"
30453,5,3,15,0,2021,9,4,7,3,0,1,2,1,0,0,0,0,0,"355219,722","5644982,933",6.939351018,50.93827608,0,"5,21E+18"
30455,5,3,15,0,2021,6,16,2,3,5,2,0,1,1,0,0,0,0,"354576,6829","5644817,059",6.930271253,50.93662362,0,"5,21E+18"
30460,5,3,15,0,2021,6,13,5,2,5,3,0,1,1,0,0,0,0,"357165,8734","5638776,656",6.969460905,50.88298575,0,"5,21E+18"
30463,5,3,15,0,2021,10,8,4,3,5,2,0,0,1,0,0,0,1,"352739,8863","5644932,049",6.904101267,50.93719087,0,"5,21E+18"
30465,5,3,15,0,2021,5,14,4,3,2,6,0,0,1,0,0,0,0,"353924,3928","5646745,687",6.920220572,50.95379067,1,"5,21E+18"
30479,5,3,15,0,2021,3,15,5,3,2,6,0,0,1,0,0,0,1,"351503,8039","5644528,407",6.886685784,50.93324658,0,"5,21E+18"
30482,5,3,15,0,2021,10,17,7,3,5,2,0,1,1,0,0,0,0,"357710,8246","5646910,62",6.974029628,50.9562202,0,"5,21E+18"
30487,5,3,15,0,2021,3,10,4,2,6,4,0,0,0,1,0,1,0,"355103,135","5644660,468",6.937821018,50.93534888,0,"5,21E+18"
30490,5,3,15,0,2021,10,13,3,3,6,4,0,0,1,1,0,0,0,"347861,5867","5645204,209",6.834608762,50.93837023,0,"5,21E+18"
30495,5,3,15,0,2021,11,10,7,3,0,5,0,1,1,0,0,0,1,"353534,1317","5642862,433",6.916228922,50.91879422,0,"5,21E+18"
30499,5,3,15,0,2021,6,17,6,3,0,2,0,1,1,0,0,0,0,"354917,206","5647910,709",6.933881623,50.96451117,0,"5,21E+18"
30508,5,3,15,0,2021,11,14,2,3,5,3,0,0,1,0,1,0,0,"355721,141","5640043,406",6.948436301,50.89401095,0,"5,21E+18"
30509,5,3,15,0,2021,6,15,3,3,3,2,0,0,1,0,1,0,0,"356101,9253","5643384,28",6.952529884,50.92413004,0,"5,21E+18"
30510,5,3,15,0,2021,10,9,4,3,3,6,0,0,1,0,0,0,1,"354526,7576","5647207,497",6.92860628,50.95809318,1,"5,21E+18"
30511,5,3,15,0,2021,5,16,4,3,5,2,0,1,1,0,0,0,0,"355478,2558","5651030,909",6.940625493,50.99269257,0,"5,21E+18"
30524,5,3,15,0,2021,6,21,6,3,2,2,0,1,1,0,0,0,0,"355030,6946","5644243,723",6.936956528,50.93158548,0,"5,21E+18"
30530,5,3,15,0,2021,9,12,5,3,5,3,0,1,0,0,1,0,0,"353276,9855","5643428,876",6.912345213,50.92381932,0,"5,21E+18"
30537,5,3,15,0,2021,5,8,5,3,0,3,0,1,0,0,0,0,1,"357116,8617","5643216,047",6.967027187,50.92287039,1,"5,21E+18"
30542,5,3,15,0,2021,6,15,3,3,3,2,0,0,1,0,1,0,0,"350251,5793","5659640,922",6.862644574,51.06872773,1,"5,21E+18"
30543,5,3,15,0,2021,7,18,6,3,5,2,0,1,1,0,0,0,0,"355746,846","5644060,411",6.94721354,50.93011765,0,"5,21E+18"
30544,5,3,15,0,2021,5,6,3,3,5,3,0,0,1,0,0,0,0,"354260,4832","5640287,574",6.927583596,50.8958385,1,"5,21E+18"
30557,5,3,15,0,2021,10,12,6,3,3,6,0,0,1,0,0,1,0,"354148,5326","5647958,05",6.92292367,50.96474253,0,"5,21E+18"
30562,5,3,15,0,2021,6,8,3,3,0,1,0,1,0,0,0,0,0,"349857,2878","5650243,21",6.860913174,50.98417524,1,"5,21E+18"
30563,5,3,15,0,2021,6,19,5,3,5,2,0,0,1,0,0,0,0,"356872,153","5645471,943",6.962661856,50.94308328,0,"5,21E+18"
30567,5,3,15,0,2021,12,7,4,3,5,3,0,1,1,0,0,0,0,"349201,7818","5645133,851",6.85369855,50.93808999,0,"5,21E+18"
30580,5,3,15,0,2021,6,9,4,3,4,6,0,1,1,0,0,0,0,"353238,4457","5643502,644",6.911767548,50.92447244,0,"5,21E+18"
30582,5,3,15,0,2021,10,8,5,3,0,3,0,1,0,0,0,0,1,"353484,2278","5644138,59",6.91500667,50.93024994,0,"5,21E+18"
30595,5,3,15,0,2021,1,7,3,2,5,2,2,1,1,0,0,0,0,"354467,255","5645760,332",6.928338091,50.94507293,1,"5,21E+18"
30596,5,3,15,0,2021,9,20,2,2,0,7,2,0,0,0,1,0,0,"355270,386","5645234,533",6.939971669,50.94054988,0,"5,21E+18"
30599,5,3,15,0,2021,7,9,5,3,0,1,0,1,0,0,0,0,0,"356838,8728","5644143,91",6.962710229,50.93114012,0,"5,21E+18"
30602,5,3,15,0,2021,12,14,6,3,0,2,0,0,1,0,0,0,1,"348027,771","5645194,765",6.836976205,50.93832918,1,"5,21E+18"
30603,5,3,15,0,2021,7,21,7,2,0,1,0,0,0,0,0,0,1,"357426,2099","5644264,738",6.971015596,50.93237147,0,"5,21E+18"
30606,5,3,15,0,2021,6,20,6,3,0,1,0,1,0,0,0,0,0,"352972,8004","5644411,404",6.907623935,50.93257148,0,"5,21E+18"
30613,5,3,15,0,2021,12,10,4,3,5,3,0,1,1,0,0,0,0,"356861,3793","5645473,215",6.962508102,50.94309204,0,"5,21E+18"
30614,5,3,15,0,2021,6,18,4,3,0,1,0,1,0,0,0,0,0,"347488,9583","5646615,386",6.828718301,50.95095282,0,"5,21E+18"
30617,5,3,15,0,2021,12,15,2,3,0,7,0,0,1,1,0,0,0,"356130,915","5648904,585",6.950760997,50.9737473,0,"5,21E+18"
30620,5,3,15,0,2021,7,1,7,3,8,1,2,1,0,0,0,0,0,"356313,522","5646232,574",6.954415387,50.94978001,0,"5,21E+18"
30621,5,3,15,0,2021,3,18,1,2,8,7,0,0,1,0,0,0,0,"351279,1783","5645099,695",6.883258219,50.93832257,0,"5,21E+18"
30625,5,3,15,0,2021,12,18,4,3,8,1,2,0,1,0,0,0,0,"349359,9416","5643149,36",6.856767985,50.92029809,1,"5,21E+18"
30626,5,3,15,0,2021,9,8,2,3,5,3,0,1,0,0,0,0,1,"356575,0248","5653976,696",6.955079219,51.01944001,0,"5,21E+18"
30629,5,3,15,0,2021,11,18,3,3,2,6,2,0,1,0,0,0,0,"349026,8252","5647044,002",6.850418421,50.95520932,1,"5,21E+18"
30632,5,3,15,0,2021,5,17,6,3,5,3,0,1,0,0,0,0,0,"354335,7839","5644835,197",6.92683782,50.93672582,0,"5,21E+18"
30636,5,3,15,0,2021,10,21,3,3,4,1,2,0,1,0,0,0,0,"357739,834","5635003,216",6.979082211,50.84921505,1,"5,21E+18"
30640,5,3,15,0,2021,3,14,4,3,2,6,0,0,1,0,0,0,0,"357114,5833","5639170,26",6.968578365,50.88651039,0,"5,21E+18"
30644,5,3,15,0,2021,10,8,5,3,5,2,0,1,1,0,0,0,0,"351968,0002","5644961,818",6.893111124,50.93726077,0,"5,21E+18"
30648,5,3,15,0,2021,6,11,3,2,2,6,0,0,1,0,0,0,1,"350391,2559","5642602,085",6.87165461,50.91564836,0,"5,21E+18"
30649,5,3,15,0,2021,5,16,5,3,5,3,0,0,1,0,0,0,1,"349840,1714","5649470,091",6.860988891,50.97722333,1,"5,21E+18"
30654,5,3,15,0,2021,7,14,3,2,5,2,0,0,1,0,0,0,0,"356181,2449","5644620,301",6.953170073,50.93525777,0,"5,21E+18"
30658,5,3,15,0,2021,1,16,4,3,1,6,1,0,1,0,0,0,0,"356740,4781","5634909,161",6.964931898,50.84812315,0,"5,21E+18"
30666,5,3,15,0,2021,5,15,5,3,5,3,0,1,1,0,0,0,0,"354247,8751","5645174,505",6.925451804,50.93975287,0,"5,21E+18"
30668,5,3,15,0,2021,12,1,1,3,4,6,2,1,0,0,0,0,1,"355188,007","5644776,491",6.938981978,50.93641287,0,"5,21E+18"
30679,5,3,15,0,2021,2,10,5,3,3,3,0,1,1,0,0,0,0,"355472,298","5645755,454",6.94263694,50.94528193,0,"5,21E+18"
30681,5,3,15,0,2021,9,15,3,3,0,1,2,0,0,0,1,0,0,"354823,589","5646205,525",6.933229504,50.9491636,0,"5,21E+18"
30683,5,3,15,0,2021,12,16,4,3,2,6,2,0,1,0,0,0,0,"349883,588","5654173,719",6.859662326,51.01950252,0,"5,21E+18"
30684,5,3,15,0,2021,6,17,4,3,3,7,0,0,1,0,0,0,1,"356514,658","5644622,624",6.957911072,50.9353617,0,"5,21E+18"
30685,5,3,15,0,2021,4,15,4,3,4,6,0,1,1,0,0,0,0,"357761,5537","5643721,744",6.975996605,50.92757438,0,"5,21E+18"
30688,5,3,15,0,2021,1,16,4,2,0,1,1,1,0,0,0,0,0,"353040,7873","5643937,928",6.90878167,50.92833386,0,"5,21E+18"
30693,5,3,15,0,2021,12,14,6,3,7,1,0,1,0,0,0,0,0,"355478,1691","5651031,057",6.9406242,50.99269387,0,"5,21E+18"
30696,5,3,15,0,2021,7,18,4,3,1,7,0,0,1,0,1,0,0,"351030,907","5651851,845",6.876961727,50.99893585,0,"5,21E+18"
30697,5,3,15,0,2021,12,11,5,3,1,6,0,0,1,0,0,0,1,"356850,304","5644295,591",6.962813222,50.93250609,0,"5,21E+18"
30701,5,3,15,0,2021,5,15,4,3,2,6,0,0,1,0,0,0,0,"357155,0927","5637143,09",6.96994591,50.86830216,1,"5,21E+18"
30708,5,3,15,0,2021,7,16,1,2,1,7,0,0,1,0,1,0,0,"350870,6957","5645059,402",6.877465042,50.93785498,1,"5,21E+18"
30713,5,3,15,0,2021,6,18,1,3,0,1,0,1,0,0,0,0,0,"353244,1881","5646809,289",6.910517257,50.95418944,0,"5,21E+18"
30722,5,3,15,0,2021,11,14,1,2,5,3,0,1,1,0,0,0,0,"349358,992","5643149,086",6.856754598,50.92029537,1,"5,21E+18"
30723,5,3,15,0,2021,10,14,2,3,2,6,0,0,1,0,0,0,0,"356552,9545","5647093,37",6.95748254,50.95757549,0,"5,21E+18"
30726,5,3,15,0,2021,10,7,5,3,5,3,0,1,1,0,0,0,0,"355684,1255","5639978,932",6.947935795,50.89342228,1,"5,21E+18"
30728,5,3,15,0,2021,7,20,4,2,0,7,0,0,1,0,0,0,0,"355262,9944","5645195,994",6.939881843,50.94020168,1,"5,21E+18"
30729,5,3,15,0,2021,10,11,6,3,6,4,0,0,1,1,0,0,0,"353598,6142","5642616,784",6.917244255,50.91660302,0,"5,21E+18"
30731,5,3,15,0,2021,6,17,5,3,5,2,0,1,1,0,0,0,0,"354785,769","5647745,31",6.932077154,50.96299167,0,"5,21E+18"
30732,5,3,15,0,2021,10,12,5,3,9,7,0,0,1,0,0,0,0,"358033,973","5644016,709",6.979755588,50.93029235,0,"5,21E+18"
30735,5,3,15,0,2021,12,14,6,3,1,6,0,0,1,0,0,0,0,"357351,185","5646874,241",6.968926628,50.95580435,0,"5,21E+18"
30740,5,3,15,0,2021,7,14,3,3,5,2,0,1,1,0,0,0,0,"354039,0729","5646881,569",6.921797719,50.95504086,1,"5,21E+18"
30746,5,3,15,0,2021,5,17,3,2,3,3,0,1,1,0,0,0,0,"356813,2968","5644712,896",6.962122961,50.93624719,1,"5,21E+18"
30749,5,3,15,0,2021,3,7,4,3,2,6,0,0,1,0,1,0,0,"355827,3394","5641175,338",6.949498448,50.90421002,1,"5,21E+18"
30751,5,3,15,0,2021,2,8,2,3,3,6,0,0,1,0,0,0,0,"356198,2232","5646183,907",6.952794283,50.9493139,1,"5,21E+18"
30755,5,3,15,0,2021,5,15,2,3,2,6,0,0,1,0,0,0,0,"349234,8705","5643113,248",6.855004795,50.9199409,0,"5,21E+18"
30759,5,3,15,0,2021,5,17,3,3,2,7,0,0,1,0,0,0,1,"349056,0702","5649568,001",6.849787189,50.97789818,1,"5,21E+18"
30761,5,3,15,0,2021,4,11,5,3,0,2,0,0,1,0,1,0,0,"355830,4935","5650303,997",6.94592975,50.98624834,0,"5,21E+18"
30762,5,3,15,0,2021,9,9,5,3,5,2,0,1,1,0,0,0,0,"354299,372","5644203,598",6.926572457,50.93104062,0,"5,21E+18"
30766,5,3,15,0,2021,2,12,6,3,0,2,0,0,1,0,0,0,1,"357878,1201","5644434,306",6.977376369,50.93400691,1,"5,21E+18"
30772,5,3,15,0,2021,7,12,4,3,1,3,0,1,0,0,0,0,0,"353380,78","5645565,318",6.912961527,50.94304512,0,"5,21E+18"
30774,5,3,15,0,2021,9,20,7,3,2,6,2,0,1,0,1,0,0,"353496,531","5641343,958",6.916304004,50.90513862,0,"5,21E+18"
30782,5,3,15,0,2021,4,15,3,3,0,6,0,1,1,0,0,0,0,"353064,4491","5644912,991",6.908725041,50.9371024,0,"5,21E+18"
30784,5,3,15,0,2021,5,19,2,3,2,6,0,0,1,0,0,0,0,"355723,0128","5640050,528",6.948460085,50.89407542,0,"5,21E+18"
30788,5,3,15,0,2021,5,19,4,3,6,4,0,1,0,1,0,0,0,"353889,8083","5646155,056",6.91996554,50.94847412,0,"5,21E+18"
30789,5,3,15,0,2021,3,15,6,3,2,6,0,0,1,0,0,0,1,"351252,373","5652586,604",6.879814583,51.00559593,0,"5,21E+18"
30790,5,3,15,0,2021,7,18,4,2,3,6,0,1,0,0,0,0,0,"356937,6392","5643609,924",6.964324355,50.92636572,0,"5,21E+18"
30791,5,3,15,0,2021,5,14,3,3,6,7,0,0,0,1,0,0,1,"358208,3926","5645453,498",6.981676918,50.94324769,1,"5,21E+18"
30797,5,3,15,0,2021,12,15,3,3,5,3,0,1,1,0,0,0,0,"353197,129","5645188,257",6.910501169,50.93960989,0,"5,21E+18"
30800,5,3,15,0,2021,11,7,5,3,2,6,1,0,1,0,0,1,1,"353337,377","5640360,655",6.914436942,50.89626158,1,"5,21E+18"
30802,5,3,15,0,2021,4,11,5,3,5,2,0,1,1,0,0,0,0,"356179,4314","5644620,883",6.953144053,50.93526255,0,"5,21E+18"
30805,5,3,15,0,2021,7,6,5,3,2,6,0,0,1,0,0,0,0,"351589,147","5647962,229",6.886499949,50.96412646,1,"5,21E+18"
30806,5,3,15,0,2021,10,8,7,2,2,6,0,0,1,0,1,0,0,"358378,2034","5646101,355",6.983840545,50.94911173,0,"5,21E+18"
30810,5,3,15,0,2021,4,14,7,3,1,5,0,1,1,0,0,0,0,"357598,4345","5643911,448",6.973602925,50.929239,0,"5,21E+18"
30813,5,3,15,0,2021,1,12,3,3,5,2,0,1,1,0,0,0,0,"355694,341","5645893,211",6.945740981,50.94657554,1,"5,21E+18"
30814,5,3,15,0,2021,9,20,3,2,6,1,1,0,0,1,1,0,0,"354235,9523","5642404,559",6.926389677,50.91485714,0,"5,21E+18"