OBJECTID,ULAND,UREGBEZ,UKREIS,UGEMEINDE,UJAHR,UMONAT,USTUNDE,UWOCHENTAG,UKATEGORIE,UART,UTYP1,ULICHTVERH,IstRad,IstPKW,IstFuss,IstKrad,IstGkfz,IstSonstige,LINREFX,LINREFY,XGCSWGS84,YGCSWGS84,USTRZUSTAND,UIDENTSTLAE
32105,5,3,15,0,2021,4,18,6,3,2,6,0,0,1,0,1,0,0,"355362,6934","5646700,725",6.940702301,50.95374937,0,"5,21E+18"
32106,5,3,15,0,2021,6,1,7,2,0,1,2,0,0,0,0,0,1,"353881,0252","5646655,83",6.91963962,50.95297217,1,"5,21E+18"
32109,5,3,15,0,2021,11,9,4,3,6,2,0,0,1,1,0,0,0,"356779,0168","5638449,069",6.964093386,50.87994596,1,"5,21E+18"
32110,5,3,15,0,2021,9,13,4,3,5,3,0,1,1,0,0,0,0,"358301,506","5644791,37",6.983258992,50.93732003,0,"5,21E+18"
32118,5,3,15,0,2021,4,9,5,3,0,3,0,1,1,0,0,0,0,"355035,2259","5643522,591",6.937307721,50.92510597,0,"5,21E+18"
32121,5,3,15,0,2021,3,15,4,3,5,2,0,0,1,0,0,0,0,"347772,44","5645209,229",6.833338806,50.93839181,0,"5,21E+18"
32128,5,3,15,0,2021,5,17,7,3,4,6,0,1,0,0,0,0,0,"355556,3509","5648401,246",6.942782587,50.96908011,0,"5,21E+18"
32130,5,3,15,0,2021,9,15,6,3,1,1,0,0,1,0,0,0,0,"351268,6857","5645256,973",6.883044783,50.93973323,0,"5,21E+18"
32134,5,3,15,0,2021,9,7,5,3,5,3,0,1,1,0,0,0,0,"356333,5855","5641119,173",6.956715754,50.90383147,0,"5,21E+18"
32135,5,3,15,0,2021,9,15,3,3,5,7,0,0,1,0,0,0,0,"357571,9023","5639982,135",6.974759286,50.89391969,0,"5,21E+18"
32139,5,3,15,0,2021,10,14,6,3,2,6,0,0,1,0,0,0,0,"354465,7163","5647447,324",6.927641813,50.96023301,0,"5,21E+18"
32141,5,3,15,0,2021,3,10,2,3,2,6,0,0,1,0,0,1,0,"353751,9705","5648556,026",6.917039779,50.97001576,0,"5,21E+18"
32143,5,3,15,0,2021,6,15,2,3,0,1,0,0,0,0,0,0,1,"356886,5934","5646241,916",6.962564688,50.95000653,0,"5,21E+18"
32151,5,3,15,0,2021,12,17,5,3,5,3,2,1,1,0,0,0,0,"352196,504","5647479,406",6.895339115,50.95994371,0,"5,21E+18"
32158,5,3,15,0,2021,5,17,2,3,5,3,0,1,1,0,0,0,0,"356834,067","5643849,77",6.962757407,50.92849551,0,"5,21E+18"
32159,5,3,15,0,2021,6,18,2,3,0,3,0,1,1,0,0,0,0,"353237,3974","5645254,027",6.911047422,50.9402112,0,"5,21E+18"
32164,5,3,15,0,2021,4,13,3,3,5,3,0,1,1,0,0,0,0,"356050,2741","5637754,681",6.954014626,50.87352444,0,"5,21E+18"
32165,5,3,15,0,2021,10,5,6,3,9,7,2,0,1,0,0,0,0,"351378,0578","5650721,416",6.882368111,50.98886718,0,"5,21E+18"
32168,5,3,15,0,2021,1,9,5,3,2,6,0,0,1,0,0,0,0,"358274,4256","5643037,513",6.983555697,50.9215514,0,"5,21E+18"
32171,5,3,15,0,2021,11,7,6,3,2,6,0,0,1,0,0,0,1,"348615,0343","5649899,731",6.843371187,50.98076338,0,"5,21E+18"
32172,5,3,15,0,2021,11,9,4,3,2,6,0,0,1,0,0,0,0,"357490,992","5639265,196",6.973889216,50.88745656,0,"5,21E+18"
32173,5,3,15,0,2021,4,10,6,3,2,6,0,0,1,0,0,1,0,"349075,415","5649361,404",6.850148316,50.97604673,0,"5,21E+18"
32175,5,3,15,0,2021,7,0,5,3,0,1,0,0,0,0,0,0,1,"355636,1069","5643661,478",6.945796731,50.9265048,0,"5,21E+18"
32176,5,3,15,0,2021,11,12,4,3,2,2,0,0,1,0,0,0,0,"354348,609","5645495,487",6.926756251,50.94266289,1,"5,21E+18"
32181,5,3,15,0,2021,9,5,3,3,2,6,2,0,1,0,0,0,0,"350147,7802","5648755,247",6.86566209,50.97087967,0,"5,21E+18"
32186,5,3,15,0,2021,5,20,7,3,0,1,1,1,0,0,0,0,0,"353412,1121","5646629,386",6.912978873,50.95261546,0,"5,21E+18"
32188,5,3,15,0,2021,5,6,5,3,0,1,0,0,0,0,0,0,1,"353679,7167","5646378,607",6.916886941,50.9504298,0,"5,21E+18"
32190,5,3,15,0,2021,12,13,7,3,3,2,0,1,0,0,0,0,1,"353978,0666","5646092,505",6.921246189,50.94793436,0,"5,21E+18"
32203,5,3,15,0,2021,7,12,2,3,6,4,0,0,1,1,0,0,0,"352969,9342","5643834,835",6.907815731,50.92738934,0,"5,21E+18"
32207,5,3,15,0,2021,6,5,1,3,0,1,1,0,0,0,0,0,1,"354903,7557","5644361,762",6.935104337,50.93261436,0,"5,21E+18"
32226,5,3,15,0,2021,5,14,6,3,2,6,0,0,1,0,0,0,0,"349044,0023","5647398,972",6.850515585,50.95840366,0,"5,21E+18"
32235,5,3,15,0,2021,10,10,1,3,2,6,0,1,1,0,0,0,0,"348108,7973","5652640,73",6.835018614,51.00526092,0,"5,21E+18"
32240,5,3,15,0,2021,12,9,4,3,0,1,0,1,0,0,0,0,0,"352778,1018","5647076,605",6.90377783,50.95647281,0,"5,21E+18"
32242,5,3,15,0,2021,5,18,4,3,0,2,0,1,1,0,0,0,0,"353864,2997","5644333,556",6.920333306,50.93209845,1,"5,21E+18"
32248,5,3,15,0,2021,3,10,5,3,0,5,0,1,1,0,0,0,1,"353155,5861","5645089,948",6.909949918,50.93871585,0,"5,21E+18"
32249,5,3,15,0,2021,5,5,7,3,9,1,0,0,1,0,0,0,0,"352688,9504","5656709,476",6.898601035,51.04301542,0,"5,21E+18"
32251,5,3,15,0,2021,1,17,6,3,3,2,1,1,1,0,0,0,0,"356304,445","5647931,788",6.953615372,50.96504829,0,"5,21E+18"
32252,5,3,15,0,2021,11,7,3,3,3,6,0,1,0,0,0,0,0,"354508,2154","5643625,886",6.929772937,50.9259016,0,"5,21E+18"
32253,5,3,15,0,2021,5,20,6,3,5,2,2,0,1,0,0,0,0,"353843,1934","5642330,884",6.920835808,50.9140957,0,"5,21E+18"
32259,5,3,15,0,2021,9,13,7,2,0,1,0,1,0,0,0,0,0,"348604,4903","5657255,656",6.840151402,51.04686164,0,"5,21E+18"
32260,5,3,15,0,2021,11,17,2,3,0,7,2,1,0,1,0,0,0,"357390,8829","5641199,035",6.971711776,50.90481132,0,"5,21E+18"
32265,5,3,15,0,2021,3,10,3,3,0,7,0,0,0,0,0,0,1,"355289,948","5648290,896",6.93903491,50.96802156,0,"5,21E+18"
32271,5,3,15,0,2021,10,15,7,3,0,1,0,0,0,0,0,0,1,"353370,0479","5644070,568",6.913410346,50.92960963,0,"5,21E+18"
32272,5,3,15,0,2021,10,14,2,3,3,2,0,1,1,0,0,0,0,"352733,9659","5647101,41",6.903139814,50.95668445,0,"5,21E+18"
32274,5,3,15,0,2021,12,7,2,3,5,3,2,1,1,0,0,0,0,"353571,4339","5642661,596",6.916839865,50.91699883,1,"5,21E+18"
32276,5,3,15,0,2021,10,9,3,3,9,1,0,0,1,0,0,0,0,"355537,1434","5648351,117",6.942529127,50.9686248,0,"5,21E+18"
32285,5,3,15,0,2021,10,17,2,3,2,2,2,0,1,0,0,0,0,"353044,497","5643882,872",6.908856614,50.92784004,1,"5,21E+18"
32286,5,3,15,0,2021,3,6,4,2,0,1,2,0,0,0,1,0,0,"352235,4171","5643678,816",6.897434557,50.9257996,0,"5,21E+18"
32290,5,3,15,0,2021,9,11,2,3,0,1,0,0,1,0,0,0,0,"355355,268","5644710,425",6.941387079,50.93586113,0,"5,21E+18"
32291,5,3,15,0,2021,9,15,5,3,5,2,0,0,1,0,0,0,1,"353681,3302","5642555,158",6.918444888,50.91607018,0,"5,21E+18"
32295,5,3,15,0,2021,9,13,2,3,0,6,0,0,1,0,1,0,0,"358000,8219","5641095,394",6.980421304,50.90403023,0,"5,21E+18"
32299,5,3,15,0,2021,9,9,4,2,0,3,0,0,0,0,0,0,1,"348542,145","5645153,371",6.844308957,50.93809254,1,"5,21E+18"
32301,5,3,15,0,2021,12,1,7,3,8,4,2,0,1,1,1,0,0,"354185,1586","5647145,058",6.923770679,50.95744572,1,"5,21E+18"
32303,5,3,15,0,2021,4,17,5,3,3,6,0,0,1,0,1,0,0,"355082,5127","5644787,988",6.937477012,50.9364897,0,"5,21E+18"
32305,5,3,15,0,2021,10,15,2,2,0,5,0,0,1,0,1,0,0,"350868,4274","5648429,411",6.876052274,50.96813861,0,"5,21E+18"
32309,5,3,15,0,2021,9,21,1,3,3,6,2,0,1,0,0,0,0,"353437,3699","5649606,453",6.912138792,50.97937553,0,"5,21E+18"
32312,5,3,15,0,2021,6,12,5,3,2,6,0,0,1,0,0,0,0,"351651,7604","5641619,866",6.889972886,50.90714701,0,"5,21E+18"
32315,5,3,15,0,2021,7,19,1,3,0,3,0,1,1,0,0,0,0,"354698,1779","5645634,155",6.931673328,50.94399726,0,"5,21E+18"
32316,5,3,15,0,2021,6,16,6,3,0,7,0,0,0,0,1,0,0,"351287,9544","5645200,743",6.883341794,50.93923289,0,"5,21E+18"
32326,5,3,15,0,2021,5,16,6,3,0,7,0,0,0,0,0,0,1,"354142,583","5636517,79",6.927412236,50.86193046,0,"5,21E+18"
32328,5,3,15,0,2021,5,19,7,3,0,7,0,1,0,0,0,0,0,"353694,3707","5646400,534",6.917086606,50.95063057,1,"5,21E+18"
32330,5,3,15,0,2021,5,9,7,3,4,2,0,0,1,0,0,0,0,"357738,8437","5635001,837",6.979068688,50.84920242,0,"5,21E+18"
32333,5,3,15,0,2021,2,16,4,3,2,6,0,0,1,0,0,0,1,"357117,4026","5639179,39",6.968614852,50.88659314,0,"5,21E+18"
32345,5,3,15,0,2021,10,15,6,3,2,6,0,0,1,0,0,0,0,"353320,578","5652623,599",6.909257799,51.00645945,0,"5,21E+18"
32346,5,3,15,0,2021,4,11,3,3,5,3,0,0,1,0,1,0,0,"352456,8881","5644930,073",6.900077149,50.93710078,0,"5,21E+18"
32348,5,3,15,0,2021,10,22,6,3,3,6,2,0,1,0,0,0,0,"351799,6627","5651875,769",6.887899927,50.99934935,0,"5,21E+18"
32349,5,3,15,0,2021,5,12,1,3,0,7,0,1,0,0,0,0,0,"356287,4118","5648125,632",6.953296387,50.96678608,0,"5,21E+18"
32351,5,3,15,0,2021,7,14,5,3,6,4,0,0,1,1,0,0,0,"357135,9866","5646224,324",6.966119685,50.9499103,0,"5,21E+18"
32353,5,3,15,0,2021,6,15,6,3,5,3,0,1,1,0,0,0,0,"349311,782","5645127,327",6.855265701,50.93806013,0,"5,21E+18"
32354,5,3,15,0,2021,6,7,4,3,0,1,0,0,0,0,1,0,0,"356365,6051","5647283,471",6.954741693,50.95923723,0,"5,21E+18"
32357,5,3,15,0,2021,10,9,3,3,2,6,0,0,1,0,0,1,0,"348883,5839","5645055,68",6.849205488,50.93730424,0,"5,21E+18"
32360,5,3,15,0,2021,10,17,1,3,0,7,0,1,1,0,0,0,0,"354382,0301","5645808,68",6.927106431,50.9454859,0,"5,21E+18"
32363,5,3,15,0,2021,10,18,3,3,2,6,2,0,1,0,0,0,0,"354480,482","5641764,171",6.93012126,50.90916383,0,"5,21E+18"
32364,5,3,15,0,2021,9,16,5,3,6,7,0,0,0,1,0,0,1,"357921,6732","5644714,204",6.97788666,50.93653308,0,"5,21E+18"
32370,5,3,15,0,2021,2,11,7,2,5,3,0,0,1,0,0,0,0,"353379,548","5645782,283",6.912856665,50.94499459,1,"5,21E+18"
32372,5,3,15,0,2021,7,22,2,2,0,1,1,1,0,0,0,0,0,"353656,9199","5646319,624",6.916586327,50.94989396,0,"5,21E+18"
32385,5,3,15,0,2021,2,14,6,3,3,2,0,0,1,0,1,0,0,"353819,3104","5646566,631",6.918797395,50.95215493,0,"5,21E+18"
32388,5,3,15,0,2021,9,17,6,3,0,2,0,0,1,0,0,1,0,"358302,4671","5645567,668",6.982970713,50.94429687,0,"5,21E+18"
32389,5,3,15,0,2021,3,16,5,3,0,2,0,1,1,0,0,0,0,"349111,162","5645119,899",6.85241551,50.93794092,0,"5,21E+18"
32394,5,3,15,0,2021,12,17,3,3,2,6,2,0,1,0,0,0,0,"354170,8898","5644617,3",6.924579812,50.93472597,0,"5,21E+18"
32396,5,3,15,0,2021,9,7,2,3,3,6,0,0,1,0,0,0,1,"355188,168","5644777,985",6.938983674,50.93642634,0,"5,21E+18"
32403,5,3,15,0,2021,11,16,5,3,2,6,1,0,1,0,0,0,0,"353681,056","5651909,252",6.914680279,51.00013175,0,"5,21E+18"
32404,5,3,15,0,2021,3,11,5,3,2,6,0,0,1,0,0,0,0,"351741,5541","5643568,405",6.89045728,50.92468068,0,"5,21E+18"
32406,5,3,15,0,2021,6,13,3,3,5,3,0,1,0,0,0,0,0,"354741,601","5644805,463",6.932621428,50.93656097,0,"5,21E+18"
32417,5,3,15,0,2021,6,8,2,3,2,6,0,0,1,0,0,0,0,"354406,5701","5645619,521",6.927531132,50.94379218,1,"5,21E+18"
32418,5,3,15,0,2021,2,16,3,3,0,6,0,0,1,0,1,0,0,"355375,3492","5648312,933",6.940241593,50.96824105,1,"5,21E+18"
32419,5,3,15,0,2021,12,12,3,3,0,7,0,0,0,1,0,0,1,"353712,4342","5644260,576",6.918202914,50.93140411,0,"5,21E+18"
32425,5,3,15,0,2021,3,17,6,3,2,6,0,0,1,0,0,1,0,"357069,6781","5634795,037",6.969649736,50.84717894,0,"5,21E+18"
32426,5,3,15,0,2021,6,18,1,3,1,7,0,0,1,0,0,0,0,"348571,3486","5643741,782",6.845310738,50.92541533,0,"5,21E+18"
32429,5,3,15,0,2021,5,11,4,3,5,3,0,1,1,0,0,0,0,"352951,3454","5643823,479",6.907555988,50.92728255,1,"5,21E+18"
32432,5,3,15,0,2021,12,18,6,2,0,1,2,0,0,0,1,0,0,"355596,09","5636325,323",6.948127836,50.8605656,1,"5,21E+18"
32433,5,3,15,0,2021,11,20,6,3,5,3,2,0,1,0,0,0,1,"356099,7838","5643386,009",6.952498752,50.92414505,1,"5,21E+18"
32439,5,3,15,0,2021,2,11,2,3,3,6,0,0,1,0,0,1,0,"349264,0527","5643425,716",6.855290527,50.92275647,1,"5,21E+18"
32444,5,3,15,0,2021,4,9,6,3,2,6,0,0,1,0,1,0,1,"354191,5935","5644968,751",6.924733629,50.93788958,0,"5,21E+18"
32446,5,3,15,0,2021,12,22,1,3,0,1,2,0,0,0,1,0,0,"355197,8695","5644855,935",6.939090677,50.93712929,1,"5,21E+18"
32454,5,3,15,0,2021,12,16,2,3,0,2,1,1,1,0,0,0,0,"352728,673","5647104,595",6.903063215,50.95671172,0,"5,21E+18"
32456,5,3,15,0,2021,9,6,6,3,0,1,0,0,0,0,1,0,0,"353655,747","5648666,701",6.915625736,50.97098592,1,"5,21E+18"
32460,5,3,15,0,2021,12,17,5,2,2,6,2,0,1,0,0,0,1,"357091,8885","5639043,457",6.968305514,50.8853652,0,"5,21E+18"
32462,5,3,15,0,2021,12,16,7,3,6,7,1,0,1,1,0,0,0,"349767,6091","5653566,242",6.858261553,51.01401333,1,"5,21E+18"
32463,5,3,15,0,2021,6,20,2,3,5,3,0,0,1,0,0,0,1,"356619,6289","5646263,489",6.958758127,50.95013406,0,"5,21E+18"
32464,5,3,15,0,2021,9,12,1,3,2,6,0,0,1,0,0,0,0,"357856,9362","5646655,695",6.976208183,50.95396525,0,"5,21E+18"
32467,5,3,15,0,2021,12,17,2,3,5,2,1,1,1,0,0,0,0,"352180,4373","5643657,645",6.896661387,50.92559526,0,"5,21E+18"
32469,5,3,15,0,2021,6,13,3,2,0,6,0,1,0,0,0,0,0,"354580,468","5647450,002",6.929273626,50.96028605,0,"5,21E+18"
32470,5,3,15,0,2021,5,11,7,2,0,1,0,1,0,0,0,0,0,"355308,9709","5644747,924",6.940713735,50.93618651,0,"5,21E+18"
32471,5,3,15,0,2021,11,9,5,3,0,7,0,1,1,0,0,0,0,"353834,5187","5646195,181",6.919162881,50.94882069,0,"5,21E+18"
32474,5,3,15,0,2021,3,12,4,2,3,6,0,0,1,0,1,0,0,"358010,9077","5641080,518",6.980570441,50.90389902,0,"5,21E+18"
32475,5,3,15,0,2021,4,15,3,3,0,5,0,1,0,0,0,0,1,"349320,3997","5652173,607",6.852469054,51.00138189,0,"5,21E+18"
32484,5,3,15,0,2021,2,9,5,3,0,2,0,1,1,0,0,0,0,"355038,269","5643524,007",6.937350427,50.92511946,0,"5,21E+18"
32495,5,3,15,0,2021,9,14,4,3,5,3,0,1,1,0,0,0,0,"351948,179","5654646,008",6.888884601,51.02428199,1,"5,21E+18"
32497,5,3,15,0,2021,6,13,4,3,0,6,0,1,0,0,0,0,1,"354732,9661","5644536,429",6.932605864,50.93414105,0,"5,21E+18"
32502,5,3,15,0,2021,12,18,3,3,5,2,2,1,1,0,0,0,0,"356467,481","5646911,281",6.956338133,50.9559178,1,"5,21E+18"
32505,5,3,15,0,2021,5,18,6,3,0,3,0,1,0,0,0,0,0,"355819,6","5650330,347",6.945764194,50.98648241,1,"5,21E+18"
32507,5,3,15,0,2021,9,13,6,3,1,2,0,0,1,0,1,0,0,"354260,7059","5640287,465",6.927586804,50.89583758,0,"5,21E+18"
32509,5,3,15,0,2021,6,16,4,2,3,2,0,1,1,0,0,0,0,"353710,8556","5646425,2",6.917311221,50.95085642,0,"5,21E+18"
32513,5,3,15,0,2021,6,14,2,3,5,3,0,1,1,0,0,0,0,"348943,0941","5643031,295",6.850890635,50.91912814,0,"5,21E+18"
32520,5,3,15,0,2021,4,16,5,2,5,2,0,0,1,0,0,0,1,"353910,6505","5641939,556",6.921951421,50.91059604,0,"5,21E+18"
32522,5,3,15,0,2021,11,13,6,3,5,2,0,0,1,0,0,0,1,"354754,142","5638222,739",6.93541925,50.87740655,0,"5,21E+18"
32526,5,3,15,0,2021,7,0,2,3,9,1,2,0,0,0,1,0,0,"356859,06","5645349,546",6.962523709,50.94198007,0,"5,21E+18"
32527,5,3,15,0,2021,6,21,4,3,5,2,0,0,1,0,0,0,1,"353202,917","5646839,563",6.909917856,50.95445099,0,"5,21E+18"
32533,5,3,15,0,2021,12,22,1,2,5,3,2,0,1,0,0,0,1,"356837,1092","5634873,796",6.966317489,50.84782924,1,"5,21E+18"
32536,5,3,15,0,2021,5,18,1,3,5,2,0,1,1,0,0,0,0,"356429,4721","5647046,356",6.955744038,50.95712223,0,"5,21E+18"
32539,5,3,15,0,2021,9,15,6,3,2,1,0,0,1,0,0,0,0,"348934,7062","5646149,399",6.849478984,50.94714606,0,"5,21E+18"
32542,5,3,15,0,2021,6,13,6,3,5,3,0,1,1,0,0,0,0,"354210,6849","5642331,728",6.926059582,50.91419624,0,"5,21E+18"
32543,5,3,15,0,2021,10,19,6,3,9,1,1,0,0,0,0,1,0,"355506,4941","5654514,858",6.939640411,51.02400876,0,"5,21E+18"
32545,5,3,15,0,2021,10,17,3,3,5,3,0,1,1,0,0,0,0,"354573,982","5644817,487",6.930232669,50.93662678,0,"5,21E+18"
32553,5,3,15,0,2021,11,17,1,2,1,5,1,0,1,0,1,0,0,"353535,7575","5642774,432",6.916287371,50.91800379,0,"5,21E+18"
32554,5,3,15,0,2021,10,13,7,3,2,6,0,0,1,0,0,0,0,"352151,9155","5651692,664",6.892991033,50.99779451,0,"5,21E+18"
32555,5,3,15,0,2021,12,1,7,3,7,7,2,0,0,0,0,0,1,"355603,7599","5644697,861",6.94492621,50.93581049,0,"5,21E+18"
32557,5,3,15,0,2021,6,17,4,3,6,6,0,1,0,1,0,0,0,"354855,9284","5644407,053",6.934406132,50.93300934,0,"5,21E+18"
32559,5,3,15,0,2021,11,19,3,3,6,7,2,0,1,1,0,0,0,"349476,5915","5642718,95",6.858603992,50.91646071,0,"5,21E+18"
32566,5,3,15,0,2021,7,12,6,3,9,1,0,0,1,0,0,0,0,"356124,7815","5644637,699",6.952360166,50.93540005,0,"5,21E+18"
32569,5,3,15,0,2021,10,7,6,2,6,4,2,0,0,1,0,0,1,"353705,9341","5641612,627",6.919172532,50.90760617,1,"5,21E+18"
32570,5,3,15,0,2021,12,18,6,3,2,6,2,0,1,0,0,0,1,"351250,9911","5652588,388",6.87979417,51.00561161,1,"5,21E+18"
32571,5,3,15,0,2021,12,14,5,3,2,6,0,0,1,0,0,0,0,"356696,7393","5634912,707",6.964309601,50.84814418,0,"5,21E+18"
32576,5,3,15,0,2021,5,13,2,3,3,2,0,1,1,0,0,0,0,"348813,4737","5645152,694",6.848168129,50.93815765,0,"5,21E+18"
32580,5,3,15,0,2021,3,7,3,3,3,6,0,1,0,0,0,0,1,"355087,6135","5648128,681",6.936219878,50.96651291,1,"5,21E+18"
32585,5,3,15,0,2021,6,17,3,3,2,2,0,0,1,0,1,0,0,"353502,089","5651904,025",6.912133583,51.00003923,0,"5,21E+18"
32586,5,3,15,0,2021,12,17,4,3,2,6,2,0,1,0,0,0,0,"352708,0851","5650684,694",6.901320161,50.98887904,0,"5,21E+18"
32589,5,3,15,0,2021,2,16,3,2,2,6,0,0,1,0,0,1,0,"351674,984","5643866,232",6.889389595,50.92734,0,"5,21E+18"
32590,5,3,15,0,2021,4,19,5,3,5,3,0,1,0,0,0,0,1,"355551,0552","5650907,214",6.941711328,50.99159923,0,"5,21E+18"
32591,5,3,15,0,2021,11,0,6,3,2,7,2,0,0,0,0,0,1,"354736,751","5644686,284",6.932599958,50.93548872,0,"5,21E+18"
32596,5,3,15,0,2021,3,16,6,3,1,2,0,1,1,0,0,0,1,"356573,599","5647115,222",6.957767682,50.95777701,0,"5,21E+18"
32597,5,3,15,0,2021,10,16,3,3,3,6,0,0,1,0,0,0,1,"357868,3372","5646663,948",6.976367177,50.95404223,1,"5,21E+18"
32600,5,3,15,0,2021,6,17,2,3,2,6,0,0,1,0,0,0,0,"352762,5537","5641883,115",6.905654701,50.90979711,0,"5,21E+18"
32602,5,3,15,0,2021,11,15,3,3,0,3,0,1,1,0,0,0,0,"355874,921","5646804,545",6.947949112,50.9548107,1,"5,21E+18"
32605,5,3,15,0,2021,6,1,1,3,0,1,2,0,0,0,0,0,1,"355270,386","5645234,533",6.939971669,50.94054988,0,"5,21E+18"
32606,5,3,15,0,2021,11,14,1,3,0,1,0,1,0,0,0,0,0,"353548,5334","5641083,802",6.917147468,50.90281387,1,"5,21E+18"
32608,5,3,15,0,2021,9,15,3,3,5,5,0,1,1,0,0,0,0,"356959,3652","5646236,726",6.963602044,50.94997795,0,"5,21E+18"
32610,5,3,15,0,2021,6,16,3,3,2,6,0,1,1,0,0,0,0,"349424,7036","5657452,25",6.851762201,51.04884383,0,"5,21E+18"
32612,5,3,15,0,2021,12,17,4,3,0,7,2,0,1,0,0,0,0,"357497,612","5646693,171",6.971080984,50.95421331,0,"5,21E+18"
32616,5,3,15,0,2021,4,13,6,3,2,6,0,0,1,0,0,0,0,"353016,7464","5650286,547",6.90587602,50.98537999,0,"5,21E+18"
32630,5,3,15,0,2021,5,17,7,3,3,6,0,1,1,0,0,0,0,"356350,6803","5647410,49",6.954479178,50.960375,1,"5,21E+18"
32631,5,3,15,0,2021,10,12,2,3,6,6,0,0,0,1,0,0,1,"351387,0217","5648119,182",6.883559492,50.9654848,0,"5,21E+18"
32632,5,3,15,0,2021,12,17,4,3,2,6,2,0,1,0,0,0,0,"357077,4348","5639682,02",6.967850395,50.89110039,0,"5,21E+18"
32635,5,3,15,0,2021,9,11,3,3,2,6,0,1,1,0,0,0,0,"356516,422","5646580,71",6.957164797,50.9529592,0,"5,21E+18"
32637,5,3,15,0,2021,7,15,3,3,0,1,0,0,0,0,0,0,1,"349341,6141","5661352,399",6.848953153,51.08386901,1,"5,21E+18"
32639,5,3,15,0,2021,9,13,7,3,3,2,0,1,1,0,0,0,0,"355590,85","5643723,54",6.945128616,50.92705121,0,"5,21E+18"
32644,5,3,15,0,2021,9,11,6,3,2,6,0,0,1,0,0,0,0,"357994,6657","5645057,344",6.978791089,50.93963486,0,"5,21E+18"
32646,5,3,15,0,2021,11,17,1,3,5,3,1,0,1,0,0,0,0,"348409,0975","5656481,477",6.837690035,51.03985331,0,"5,21E+18"
32647,5,3,15,0,2021,6,12,2,3,2,6,0,0,1,0,0,0,1,"357198,7049","5639845,826",6.969509489,50.89260252,0,"5,21E+18"
32651,5,3,15,0,2021,5,7,3,3,2,6,0,0,1,0,0,0,0,"352974,0628","5652264,735",6.904467526,51.00314607,0,"5,21E+18"
32655,5,3,15,0,2021,9,19,1,3,3,6,0,0,1,0,0,0,0,"354829,4065","5644800,87",6.933872074,50.9365418,0,"5,21E+18"
32660,5,3,15,0,2021,10,15,7,3,6,4,0,1,0,1,0,0,0,"353143,0605","5646873,623",6.909052491,50.95474182,0,"5,21E+18"
32662,5,3,15,0,2021,5,16,6,3,6,6,0,0,0,1,0,0,1,"355935,0903","5646039,136",6.949108084,50.94794716,0,"5,21E+18"
32663,5,3,15,0,2021,7,14,3,3,3,2,0,0,1,0,0,0,0,"356179,335","5644620,914",6.953142668,50.93526281,1,"5,21E+18"
32666,5,3,15,0,2021,10,20,3,3,0,1,2,1,0,0,0,0,0,"354963,4964","5643394,142",6.936338886,50.92393361,1,"5,21E+18"
32669,5,3,15,0,2021,3,19,7,3,2,2,1,0,1,0,0,0,0,"347544,343","5647369,145",6.829190523,50.95774083,0,"5,21E+18"
32672,5,3,15,0,2021,1,9,3,2,2,6,0,0,1,0,0,0,0,"353098,5768","5640762,613",6.910881889,50.89981314,1,"5,21E+18"
32674,5,3,15,0,2021,5,15,1,3,0,3,0,1,1,0,0,0,0,"355967,874","5644649,983",6.950123722,50.93547127,0,"5,21E+18"
32678,5,3,15,0,2021,11,17,1,3,2,6,2,0,1,0,0,0,0,"356005,2952","5635128,165",6.954409263,50.84990881,0,"5,21E+18"
32679,5,3,15,0,2021,6,0,1,3,0,7,2,0,0,0,0,0,1,"354707,1045","5644687,078",6.932178003,50.93548838,0,"5,21E+18"
32687,5,3,15,0,2021,2,14,5,3,2,6,0,0,1,0,0,1,0,"355347,9435","5635206,325",6.945046442,50.85044722,0,"5,21E+18"
32689,5,3,15,0,2021,6,8,2,3,2,6,0,0,1,0,0,0,0,"355483,9845","5654336,561",6.939390727,51.02240081,0,"5,21E+18"
32692,5,3,15,0,2021,10,11,6,2,8,1,0,0,1,0,0,0,0,"358001,1447","5645056,651",6.978883515,50.93963023,0,"5,21E+18"
32695,5,3,15,0,2021,11,7,3,3,8,6,2,0,1,0,0,1,0,"357117,4937","5638131,312",6.969025836,50.87717406,1,"5,21E+18"
32699,5,3,15,0,2021,6,16,6,2,6,4,0,0,1,1,0,0,0,"352770,8714","5647080,549",6.903673358,50.95650641,0,"5,21E+18"
32701,5,3,15,0,2021,9,9,3,3,0,3,0,0,1,0,1,0,0,"354212,3611","5653668,045",6.921540485,51.01607212,0,"5,21E+18"
32703,5,3,15,0,2021,10,23,2,3,0,1,2,0,1,0,0,0,1,"354957,5975","5644670,872",6.935747017,50.9354058,0,"5,21E+18"
32706,5,3,15,0,2021,12,19,3,3,9,1,2,0,1,0,0,0,0,"349965,3632","5654111,968",6.860852941,51.01896896,1,"5,21E+18"
32708,5,3,15,0,2021,1,15,2,2,0,7,0,1,0,0,0,0,0,"352979,0486","5641314,499",6.908961026,50.90474234,0,"5,21E+18"
32712,5,3,15,0,2021,9,12,7,3,4,7,0,0,1,0,1,0,0,"356316,9581","5647804,97",6.953843537,50.96391172,0,"5,21E+18"
32713,5,3,15,0,2021,12,17,5,3,0,2,2,0,1,0,0,0,1,"351227,0518","5648231,376",6.881237096,50.96645173,1,"5,21E+18"