OBJECTID,ULAND,UREGBEZ,UKREIS,UGEMEINDE,UJAHR,UMONAT,USTUNDE,UWOCHENTAG,UKATEGORIE,UART,UTYP1,ULICHTVERH,IstRad,IstPKW,IstFuss,IstKrad,IstGkfz,IstSonstige,LINREFX,LINREFY,XGCSWGS84,YGCSWGS84,USTRZUSTAND,UIDENTSTLAE
32714,5,3,15,0,2021,12,19,4,3,2,6,2,0,1,0,0,0,0,"356836,9998","5634873,829",6.966315924,50.84782951,1,"5,21E+18"
32715,5,3,15,0,2021,1,8,2,3,5,3,1,1,0,0,0,0,1,"351566,82","5647979,149",6.886175321,50.96427275,1,"5,21E+18"
32716,5,3,15,0,2021,1,23,7,3,8,1,2,0,1,0,0,0,0,"358339,047","5645558,372",6.98349469,50.94422231,1,"5,21E+18"
32718,5,3,15,0,2021,1,2,6,3,5,3,2,1,1,0,0,0,0,"356435,2398","5647026,642",6.955833882,50.95694651,1,"5,21E+18"
32721,5,3,15,0,2021,5,14,6,3,2,6,0,0,1,0,0,0,0,"348924,354","5645844,658",6.849458134,50.94440488,0,"5,21E+18"
32725,5,3,15,0,2021,5,12,1,3,2,6,0,0,1,0,0,0,0,"355231,1223","5646652,065",6.938849684,50.95327903,0,"5,21E+18"
32727,5,3,15,0,2021,6,8,4,3,0,7,0,1,0,0,0,0,0,"357924,8144","5644841,031",6.977881885,50.93767365,0,"5,21E+18"
32732,5,3,15,0,2021,9,15,4,3,0,1,0,0,0,0,1,0,0,"353394,5718","5645880,042",6.913031026,50.94587694,1,"5,21E+18"
32741,5,3,15,0,2021,10,12,3,3,1,6,0,0,1,0,1,0,0,"356579,564","5646355,965",6.958151701,50.95095517,0,"5,21E+18"
32745,5,3,15,0,2021,11,16,2,3,2,6,0,0,1,0,0,0,1,"352237,6468","5642314,227",6.898019074,50.9135372,0,"5,21E+18"
32748,5,3,15,0,2021,9,16,7,2,5,3,0,1,1,0,0,0,0,"356228,6828","5648500,715",6.9523123,50.97014222,0,"5,21E+18"
32749,5,3,15,0,2021,10,2,7,2,0,1,2,0,0,0,0,0,1,"354528,6012","5645724,994",6.92922486,50.94477084,1,"5,21E+18"
32752,5,3,15,0,2021,4,5,5,3,6,4,2,0,1,1,0,0,0,"351118,9575","5650589,667",6.878733027,50.98761627,0,"5,21E+18"
32754,5,3,15,0,2021,10,16,1,3,2,6,0,0,1,0,0,0,0,"358093,522","5639398,587",6.982398147,50.88880368,0,"5,21E+18"
32758,5,3,15,0,2021,10,8,5,3,7,7,0,0,1,0,0,0,0,"348928,6338","5648592,244",6.848378598,50.96909642,1,"5,21E+18"
32767,5,3,15,0,2021,11,19,7,3,4,2,2,0,1,0,0,0,0,"353488,4159","5651904,561",6.911938638,51.00004057,0,"5,21E+18"
32772,5,3,15,0,2021,10,16,3,3,8,7,0,0,1,0,0,0,0,"355646,2095","5650738,555",6.943133293,50.99010741,0,"5,21E+18"
32775,5,3,15,0,2021,5,16,6,3,3,6,0,1,0,0,0,0,0,"357223,2141","5646344,964",6.967313354,50.95101609,0,"5,21E+18"
32776,5,3,15,0,2021,9,18,6,3,0,1,0,1,0,0,0,0,0,"350473,3952","5652806,062",6.86862915,51.0073661,0,"5,21E+18"
32777,5,3,15,0,2021,5,1,1,3,0,1,2,1,0,0,0,0,0,"349511,2748","5645095,367",6.858116144,50.93782502,0,"5,21E+18"
32779,5,3,15,0,2021,9,14,1,3,2,6,0,0,1,0,0,0,0,"357861,9702","5646670,741",6.976273933,50.95410171,0,"5,21E+18"
32781,5,3,15,0,2021,7,15,6,2,0,6,0,1,0,1,0,0,1,"352239,1964","5644943,952",6.89697543,50.93716977,0,"5,21E+18"
32784,5,3,15,0,2021,10,7,2,3,0,1,1,1,0,0,0,0,0,"355270,386","5645234,533",6.939971669,50.94054988,0,"5,21E+18"
32785,5,3,15,0,2021,9,15,2,3,0,7,0,1,0,0,0,0,0,"353692,8337","5646324,801",6.917095172,50.94994959,0,"5,21E+18"
32787,5,3,15,0,2021,12,19,3,3,0,1,2,1,0,0,0,0,0,"356871,6225","5644567,689",6.963009543,50.93495671,0,"5,21E+18"
32788,5,3,15,0,2021,10,17,6,3,5,7,0,0,1,0,0,0,1,"358128,6251","5645260,534",6.980617381,50.9414939,0,"5,21E+18"
32796,5,3,15,0,2021,6,8,6,2,5,2,0,0,0,0,1,0,1,"352078,887","5642446,799",6.89570853,50.9146879,0,"5,21E+18"
32799,5,3,15,0,2021,9,17,5,3,4,3,0,0,1,0,0,0,0,"354754,142","5638222,739",6.93541925,50.87740655,1,"5,21E+18"
32805,5,3,15,0,2021,12,18,5,3,0,2,2,1,0,0,0,0,1,"353243,364","5644877,435",6.911283975,50.93682843,1,"5,21E+18"
32808,5,3,15,0,2021,12,12,6,3,1,5,0,1,1,0,0,0,0,"353515,0081","5646517,586",6.914487784,50.95163691,0,"5,21E+18"
32810,5,3,15,0,2021,10,14,3,3,6,4,0,1,0,1,0,0,0,"356183,7813","5641132,839",6.954581243,50.90391698,0,"5,21E+18"
32812,5,3,15,0,2021,1,5,3,3,2,6,2,0,1,0,0,0,1,"356825,7664","5633844,229",6.966558856,50.83857364,1,"5,21E+18"
32814,5,3,15,0,2021,6,16,3,2,0,3,0,1,1,0,0,0,0,"349378,882","5643070,93",6.857069646,50.91959823,0,"5,21E+18"
32815,5,3,15,0,2021,7,5,4,3,0,2,0,1,1,0,0,0,0,"356520,3343","5652110,462",6.955037957,51.00265499,1,"5,21E+18"
32816,5,3,15,0,2021,1,6,5,3,9,1,2,0,1,0,0,1,0,"348674,8175","5643717,689",6.846791892,50.92522598,0,"5,21E+18"
32822,5,3,15,0,2021,6,12,6,3,2,6,0,0,1,0,0,0,1,"355266,8265","5646690,264",6.939342484,50.95363129,0,"5,21E+18"
32827,5,3,15,0,2021,6,19,6,3,8,2,1,0,1,0,0,0,0,"348318,278","5656782,799",6.836269385,51.04253703,0,"5,21E+18"
32829,5,3,15,0,2021,9,1,1,3,2,2,2,0,1,0,0,0,0,"357352,6445","5646872,256",6.968948174,50.95578687,0,"5,21E+18"
32833,5,3,15,0,2021,1,0,6,3,9,1,2,0,1,0,0,0,0,"352152,7414","5651678,191",6.893008687,50.99766466,1,"5,21E+18"
32834,5,3,15,0,2021,12,10,2,3,5,7,0,0,1,0,0,0,1,"354107,014","5651814,185",6.920784897,50.99938558,0,"5,21E+18"
32843,5,3,15,0,2021,9,20,2,2,2,6,2,1,1,0,0,1,0,"356037,73","5649260,156",6.94929381,50.97691945,1,"5,21E+18"
32848,5,3,15,0,2021,11,12,7,2,3,6,0,0,1,0,0,0,0,"356819,6464","5638978,891",6.964463009,50.88471754,0,"5,21E+18"
32851,5,3,15,0,2021,11,17,4,3,2,6,2,0,1,0,0,1,0,"348271,7751","5643918,361",6.840977836,50.9269234,0,"5,21E+18"
32855,5,3,15,0,2021,12,15,2,3,2,6,0,0,1,0,0,0,0,"354164,3924","5642266,247",6.925427677,50.91359609,1,"5,21E+18"
32857,5,3,15,0,2021,9,18,3,2,0,2,0,0,1,0,0,0,1,"355097,7482","5644660,822",6.937744266,50.93535071,0,"5,21E+18"
32859,5,3,15,0,2021,9,6,5,2,4,6,1,0,1,0,0,0,0,"349844,4566","5643287,773",6.863599308,50.9216682,0,"5,21E+18"
32865,5,3,15,0,2021,2,12,2,2,2,6,0,0,1,0,0,0,0,"352069,8914","5651045,938",6.892086362,50.99196168,1,"5,21E+18"
32866,5,3,15,0,2021,9,18,5,3,4,6,0,1,0,0,0,0,1,"355497,1814","5644699,407",6.943409796,50.93579769,0,"5,21E+18"
32870,5,3,15,0,2021,10,16,6,3,5,2,0,1,0,0,0,0,1,"349994,2709","5659819,06",6.858900871,51.07026131,0,"5,21E+18"
32875,5,3,15,0,2021,4,17,5,3,2,6,0,0,1,0,0,0,0,"352941,3188","5641736,538",6.908254754,50.90852544,0,"5,21E+18"
32876,5,3,15,0,2021,12,16,4,3,2,6,0,0,1,0,0,0,0,"352417,818","5651142,932",6.897001118,50.99292263,0,"5,21E+18"
32879,5,3,15,0,2021,4,12,5,2,5,3,0,1,1,0,0,0,0,"354481,2879","5645750,323",6.92854171,50.94498652,0,"5,21E+18"
32880,5,3,15,0,2021,10,20,1,3,9,1,2,0,1,0,0,0,0,"355059,235","5636339,803",6.940499046,50.86056142,1,"5,21E+18"
32883,5,3,15,0,2021,9,13,2,2,1,7,0,1,1,0,0,0,0,"350996,2368","5648359,707",6.877899767,50.96754531,0,"5,21E+18"
32901,5,3,15,0,2021,9,13,5,3,6,4,0,1,0,1,0,0,0,"361414,2416","5645026,963",7.027443378,50.94019384,0,"5,21E+18"
32911,5,3,15,0,2021,6,11,5,3,0,1,0,0,0,0,0,0,1,"360877,6305","5645046,671",7.019802881,50.94024174,0,"5,21E+18"
32927,5,3,15,0,2021,3,18,2,3,5,3,0,0,1,0,0,0,0,"359586,294","5650556,795",6.999307848,50.98944861,0,"5,21E+18"
32933,5,3,15,0,2021,3,15,5,3,5,3,0,0,1,0,1,0,0,"364889,964","5635412,54",7.080441898,50.8546082,1,"5,21E+18"
32934,5,3,15,0,2021,11,14,3,3,6,4,0,0,1,1,0,0,0,"363215,35","5638375,929",7.05555652,50.8808481,1,"5,21E+18"
32936,5,3,15,0,2021,1,13,5,3,8,7,0,0,1,0,0,0,0,"358402,0039","5644160,489",6.984933521,50.93167496,1,"5,21E+18"
32937,5,3,15,0,2021,9,13,4,3,5,3,0,1,1,0,0,0,0,"362692,7673","5652030,235",7.042985542,51.00344022,0,"5,21E+18"
32939,5,3,15,0,2021,3,8,6,3,5,3,0,1,1,0,0,0,0,"361069,6366","5645048,564",7.022533334,50.94030505,0,"5,21E+18"
32941,5,3,15,0,2021,12,19,3,3,2,6,2,0,1,0,0,0,0,"361380,8898","5646184,114",7.026528541,50.95058542,0,"5,21E+18"
32948,5,3,15,0,2021,11,12,3,3,5,2,0,1,1,0,0,0,0,"360754,611","5644300,428",7.018338177,50.93350539,0,"5,21E+18"
32951,5,3,15,0,2021,3,16,7,3,1,6,0,0,1,0,0,0,0,"359994,6166","5647898,685",7.006145781,50.96565941,1,"5,21E+18"
32954,5,3,15,0,2021,1,10,1,3,8,1,0,0,1,0,0,0,0,"365903,1724","5644188,595",7.091606458,50.93372038,1,"5,21E+18"
32957,5,3,15,0,2021,11,5,6,3,8,1,2,0,1,0,0,0,0,"366071,7219","5638719,268",7.096010864,50.88460306,1,"5,21E+18"
32974,5,3,15,0,2021,11,17,1,3,1,6,2,0,1,0,0,0,1,"362475,3451","5645145,713",7.042492275,50.94151515,0,"5,21E+18"
32976,5,3,15,0,2021,1,19,5,2,9,7,2,0,1,0,0,0,0,"361030,6288","5649522,895",7.020269718,50.98050732,1,"5,21E+18"
32980,5,3,15,0,2021,9,7,6,2,5,3,0,1,1,0,0,0,0,"359521,8614","5641823,993",7.001759678,50.91095037,0,"5,21E+18"
32983,5,3,15,0,2021,5,14,5,3,8,1,0,0,0,0,1,0,0,"363658,9059","5646341,678",7.058880779,50.95254487,0,"5,21E+18"
32988,5,3,15,0,2021,1,8,2,2,6,4,1,0,0,1,0,0,1,"362644,9703","5651796,45",7.042393183,51.00132773,1,"5,21E+18"
33000,5,3,15,0,2021,10,14,7,3,2,6,0,0,1,0,0,0,0,"358542,9029","5640376,659",6.988404396,50.89770396,0,"5,21E+18"
33004,5,3,15,0,2021,10,23,7,2,5,3,2,0,1,0,0,0,0,"361685,3248","5640386,562",7.033059103,50.89855418,1,"5,21E+18"
33007,5,3,15,0,2021,4,12,6,3,5,3,0,1,0,0,0,0,1,"360681,858","5648996,053",7.015506293,50.97568823,0,"5,21E+18"
33021,5,3,15,0,2021,10,7,4,3,2,6,1,0,1,0,0,0,1,"366954,7617","5641980,226",7.107369098,50.91411576,0,"5,21E+18"
33022,5,3,15,0,2021,9,7,5,3,6,2,0,0,1,1,0,0,0,"359573,2039","5646861,898",7.000548347,50.95623916,0,"5,21E+18"
33023,5,3,15,0,2021,6,11,2,3,2,6,0,0,1,0,0,0,1,"366101,49","5635898,108",7.097466689,50.85925413,0,"5,21E+18"
33036,5,3,15,0,2021,6,12,2,3,1,7,0,0,1,0,0,0,0,"363683,2332","5651689,984",7.05722152,51.00061781,0,"5,21E+18"
33041,5,3,15,0,2021,2,12,4,3,2,6,0,0,1,0,0,0,1,"361630,1275","5644068,694",7.030878119,50.93163345,1,"5,21E+18"
33053,5,3,15,0,2021,9,17,3,2,3,2,0,0,1,0,1,0,0,"360494,3028","5646654,368",7.013734396,50.95459777,0,"5,21E+18"
33066,5,3,15,0,2021,9,16,7,3,5,3,0,1,1,0,0,0,0,"358981,3596","5644721,034",6.99295595,50.93685457,0,"5,21E+18"
33069,5,3,15,0,2021,9,18,1,3,2,6,0,0,1,0,0,0,0,"362174,4679","5646081,633",7.037858122,50.9498547,0,"5,21E+18"
33070,5,3,15,0,2021,6,17,2,3,1,6,0,0,1,0,0,0,0,"359129,6825","5637121,841",6.997997734,50.86859575,0,"5,21E+18"
33073,5,3,15,0,2021,10,15,6,3,0,4,0,0,1,1,0,0,0,"364823,9665","5639753,631",7.077900101,50.89360891,0,"5,21E+18"
33075,5,3,15,0,2021,1,13,7,3,2,6,0,1,1,0,0,0,0,"364305,747","5647989,449",7.067469942,50.96750678,0,"5,21E+18"
33080,5,3,15,0,2021,3,13,3,2,2,6,0,0,0,0,0,1,0,"362520,6449","5645050,883",7.043172453,50.94067368,0,"5,21E+18"
33081,5,3,15,0,2021,10,19,3,3,3,1,1,0,1,0,0,0,0,"361681,664","5648243,189",7.030025193,50.96916309,1,"5,21E+18"
33084,5,3,15,0,2021,4,18,5,3,2,6,0,0,1,0,0,0,0,"361421,5929","5649758,034",7.025746118,50.98271479,0,"5,21E+18"
33092,5,3,15,0,2021,6,18,6,3,0,2,0,1,1,0,0,0,0,"360456,954","5647585,941",7.012845767,50.96296092,0,"5,21E+18"
33100,5,3,15,0,2021,11,12,7,3,5,3,0,1,1,0,0,0,0,"364232,5298","5638482,726",7.069967633,50.88204785,1,"5,21E+18"
33116,5,3,15,0,2021,10,7,6,3,2,2,1,0,1,0,0,0,0,"361027,3575","5647755,216",7.020898709,50.9646201,0,"5,21E+18"
33121,5,3,15,0,2021,9,8,4,3,5,3,1,1,1,0,0,0,0,"359548,5597","5641795,702",7.002150092,50.91070261,1,"5,21E+18"
33128,5,3,15,0,2021,9,18,6,2,0,1,0,1,0,0,0,0,0,"359327,3058","5647726,103",6.996715361,50.96394585,0,"5,21E+18"
33131,5,3,15,0,2021,11,17,6,3,0,1,2,1,0,0,0,0,0,"366492,282","5640022,116",7.101510129,50.89641005,1,"5,21E+18"
33135,5,3,15,0,2021,11,19,2,3,1,6,2,0,1,0,0,0,0,"366011,9087","5643756,286",7.093311941,50.92986022,0,"5,21E+18"
33138,5,3,15,0,2021,2,16,4,3,5,7,0,0,1,0,0,0,1,"363475,46","5640205,144",7.058568301,50.8973497,0,"5,21E+18"
33145,5,3,15,0,2021,2,12,6,3,2,6,0,0,1,0,0,0,0,"361307,2177","5649629,859",7.024166625,50.98153531,0,"5,21E+18"
33157,5,3,15,0,2021,3,22,4,3,5,3,2,0,1,0,0,0,0,"365954,2189","5634298,264",7.095961092,50.844841,0,"5,21E+18"
33163,5,3,15,0,2021,2,16,4,2,8,1,0,0,1,0,0,1,1,"362864,8037","5644433,583",7.048300371,50.93520773,0,"5,21E+18"
33164,5,3,15,0,2021,2,13,5,3,6,7,0,1,0,1,0,0,0,"358848,7473","5642379,626",6.991976243,50.9157797,0,"5,21E+18"
33177,5,3,15,0,2021,10,20,1,3,6,6,2,0,0,1,0,0,1,"360038,6125","5644907,619",7.00792184,50.938789,0,"5,21E+18"
33178,5,3,15,0,2021,3,17,2,2,5,2,0,1,1,0,0,0,0,"368390,2045","5641515,677",7.127944787,50.9102696,0,"5,21E+18"
33180,5,3,15,0,2021,6,6,3,3,5,3,0,0,1,0,0,0,0,"366043,4853","5634131,581",7.097289276,50.84336356,0,"5,21E+18"
33182,5,3,15,0,2021,9,19,1,3,5,2,0,1,1,0,0,0,0,"363475,46","5640205,144",7.058568301,50.8973497,0,"5,21E+18"
33186,5,3,15,0,2021,10,15,3,3,2,6,0,0,1,0,0,0,0,"359226,2282","5646298,889",6.995828921,50.95109471,0,"5,21E+18"
33191,5,3,15,0,2021,5,18,2,3,2,6,0,0,1,0,0,0,0,"365608,2211","5639866,368",7.089003475,50.89480518,1,"5,21E+18"
33206,5,3,15,0,2021,11,7,3,2,5,3,0,1,1,0,0,0,0,"360622,6614","5646337,84",7.015681966,50.95178414,0,"5,21E+18"
33209,5,3,15,0,2021,3,8,3,3,6,2,0,0,1,1,0,0,0,"364794,5247","5645497,175",7.075352623,50.94522243,1,"5,21E+18"
33211,5,3,15,0,2021,10,15,2,2,7,1,0,0,1,0,0,0,0,"363836,7202","5641107,959",7.063365728,50.90554905,0,"5,21E+18"
33215,5,3,15,0,2021,2,6,1,2,2,1,2,0,1,0,0,0,0,"361544,3329","5648914,787",7.027814809,50.97516588,0,"5,21E+18"
33219,5,3,15,0,2021,12,20,5,3,5,2,2,1,1,0,0,0,0,"360057,871","5648288,008",7.006896238,50.96917367,0,"5,21E+18"
33222,5,3,15,0,2021,10,11,4,3,5,3,0,0,1,0,1,0,0,"359621,3057","5646951,651",7.001198176,50.9570575,0,"5,21E+18"
33240,5,3,15,0,2021,9,16,5,2,1,6,0,0,1,0,0,0,0,"361734,3381","5648142,672",7.030813132,50.96827236,0,"5,21E+18"
33250,5,3,15,0,2021,5,15,6,3,2,6,0,0,1,0,0,0,0,"362265,0224","5645594,324",7.039330803,50.94549675,0,"5,21E+18"
33252,5,3,15,0,2021,11,17,3,3,1,6,1,0,1,0,0,0,0,"360489,703","5646515,35",7.013722225,50.95334728,1,"5,21E+18"
33253,5,3,15,0,2021,11,17,3,3,2,6,2,0,1,0,0,0,0,"367867,6701","5645366,672",7.119120638,50.94476206,1,"5,21E+18"
33256,5,3,15,0,2021,6,17,2,3,2,6,0,0,1,0,0,0,0,"365836,79","5639303,691",7.092458358,50.88980116,0,"5,21E+18"
33258,5,3,15,0,2021,6,8,3,3,0,2,0,1,1,0,0,0,0,"359439,162","5641920,739",7.000546814,50.91179971,0,"5,21E+18"
33272,5,3,15,0,2021,11,12,2,3,5,3,0,0,1,0,0,0,0,"365484,7295","5642916,167",7.086124452,50.92218688,1,"5,21E+18"
33278,5,3,15,0,2021,1,17,5,2,4,1,2,0,1,0,1,0,0,"362711,2565","5652236,311",7.043170957,51.00529669,0,"5,21E+18"
33279,5,3,15,0,2021,12,19,2,3,2,6,2,0,1,0,0,0,0,"361528,3693","5642452,152",7.030044813,50.91708069,0,"5,21E+18"
33313,5,3,15,0,2021,11,12,7,3,2,2,0,0,1,0,0,0,0,"364103,6553","5641368,46",7.067063014,50.90795321,0,"5,21E+18"
33316,5,3,15,0,2021,12,17,3,3,5,2,2,0,1,0,0,0,0,"361510,26","5647894,877",7.027718163,50.96599155,1,"5,21E+18"
33317,5,3,15,0,2021,11,13,7,3,5,3,0,0,1,0,1,0,0,"360933,793","5645957,15",7.020254123,50.94843795,0,"5,21E+18"
33337,5,3,15,0,2021,12,17,4,3,6,2,2,0,1,1,0,0,0,"363475,46","5640205,144",7.058568301,50.8973497,1,"5,21E+18"
33355,5,3,15,0,2021,10,11,7,3,5,3,0,0,1,0,0,0,1,"360829,6274","5646086,814",7.018722612,50.94957812,0,"5,21E+18"
33361,5,3,15,0,2021,2,9,4,3,3,6,0,0,1,0,0,1,0,"359512,3336","5643348,01",7.001037286,50.92464462,0,"5,21E+18"
33369,5,3,15,0,2021,7,15,3,3,2,6,0,0,1,0,0,0,0,"362361,666","5643830,226",7.041372064,50.92966529,0,"5,21E+18"
33370,5,3,15,0,2021,11,14,4,3,2,6,0,0,1,0,0,0,1,"359586,376","5650553,89",6.999310139,50.98942252,0,"5,21E+18"
33380,5,3,15,0,2021,11,18,4,3,1,5,2,0,1,0,0,0,0,"361600,9165","5645126,41",7.03006095,50.94113243,0,"5,21E+18"
33390,5,3,15,0,2021,6,15,3,3,5,3,0,1,1,0,0,0,0,"360496,113","5646495,348",7.013821094,50.95316907,0,"5,21E+18"
33392,5,3,15,0,2021,6,15,3,3,2,6,0,0,1,0,0,0,1,"359836,0008","5641891,445",7.00619937,50.91163294,0,"5,21E+18"
33407,5,3,15,0,2021,5,15,4,3,1,6,0,0,1,0,0,0,0,"361600,4974","5649988,947",7.02820532,50.98483308,0,"5,21E+18"
33409,5,3,15,0,2021,6,13,6,3,2,6,0,0,1,0,0,0,0,"360628,7862","5650205,652",7.014286976,50.98654621,0,"5,21E+18"
33411,5,3,15,0,2021,2,16,7,3,5,2,0,1,1,0,0,0,0,"360044,644","5648316,16",7.006697143,50.96942347,0,"5,21E+18"
33412,5,3,15,0,2021,6,8,4,3,5,3,0,1,1,0,0,0,0,"359813,0568","5649359,144",7.002998803,50.97874052,0,"5,21E+18"
33421,5,3,15,0,2021,4,19,3,3,0,7,0,1,0,0,0,0,0,"361681,1064","5635985,367",7.034664336,50.85899792,0,"5,21E+18"
33422,5,3,15,0,2021,9,11,7,3,2,6,0,0,1,0,0,0,0,"362338,0888","5645401,954",7.040442969,50.94378531,0,"5,21E+18"
33423,5,3,15,0,2021,10,16,5,2,4,2,1,0,1,0,0,0,0,"366384,7726","5641380,21",7.0994852,50.90859132,0,"5,21E+18"
33424,5,3,15,0,2021,7,16,2,3,2,6,0,0,1,0,0,0,0,"365536,2604","5642563,687",7.086987148,50.91903093,0,"5,21E+18"
33425,5,3,15,0,2021,5,17,3,3,3,6,0,0,1,0,0,1,0,"364832,655","5642583,889",7.076975494,50.91904811,1,"5,21E+18"
33427,5,3,15,0,2021,6,13,2,3,5,3,0,0,1,0,0,0,0,"364889,964","5635412,54",7.080441898,50.8546082,0,"5,21E+18"
33432,5,3,15,0,2021,9,12,6,3,2,6,0,0,1,0,0,0,0,"361630,7198","5648626,127",7.029154387,50.9725924,0,"5,21E+18"
33441,5,3,15,0,2021,9,12,1,3,5,3,0,0,1,0,1,0,0,"360783,4628","5647684,354",7.017454758,50.96392436,0,"5,21E+18"
33444,5,3,15,0,2021,6,13,4,3,5,3,0,0,1,0,1,0,0,"359984,3898","5647604,48",7.006113462,50.96301288,0,"5,21E+18"
33485,5,3,15,0,2021,3,9,4,3,5,2,0,1,1,0,0,0,0,"359907,718","5649153,451",7.00442567,50.97691498,0,"5,21E+18"
33495,5,3,15,0,2021,5,16,3,3,0,1,0,0,0,0,1,0,0,"358569,0413","5642728,174",6.987864618,50.91884364,1,"5,21E+18"
33500,5,3,15,0,2021,12,10,4,3,5,3,0,0,1,0,0,0,0,"362958,977","5642588,145",7.050333481,50.91864443,1,"5,21E+18"
33504,5,3,15,0,2021,12,2,1,2,8,1,2,0,1,0,0,0,0,"368905,8518","5638356,265",7.136409406,50.88199047,1,"5,21E+18"
33509,5,3,15,0,2021,11,11,2,3,5,2,0,0,1,0,0,0,0,"361463,4749","5645404,404",7.028000151,50.94359783,1,"5,21E+18"
33510,5,3,15,0,2021,11,14,7,3,5,3,0,0,1,0,0,0,1,"360926,9567","5644272,35",7.020800053,50.93329464,0,"5,21E+18"
33511,5,3,15,0,2021,1,11,1,3,1,5,0,1,1,0,0,0,0,"367986,1223","5639328,941",7.122990919,50.89052333,0,"5,21E+18"
33515,5,3,15,0,2021,4,6,5,3,5,2,2,0,1,0,0,0,0,"366042,9673","5634132,568",7.097281562,50.84337231,0,"5,21E+18"
33523,5,3,15,0,2021,10,3,3,3,0,7,2,0,1,0,0,0,0,"366477,4434","5640331,097",7.101186275,50.89918365,1,"5,21E+18"
33529,5,3,15,0,2021,10,15,4,3,5,3,0,0,1,0,1,0,0,"363567,6426","5646370,324",7.057571506,50.95278072,0,"5,21E+18"
33543,5,3,15,0,2021,5,19,1,2,9,1,0,0,0,0,1,0,0,"364196,1835","5641265,555",7.068416589,50.90705012,0,"5,21E+18"
33550,5,3,15,0,2021,10,18,1,3,2,6,1,0,1,0,0,0,1,"360045,326","5648170,064",7.006763067,50.96811065,1,"5,21E+18"
33556,5,3,15,0,2021,3,15,3,3,6,4,0,1,0,1,0,0,0,"365101,9588","5638405,181",7.08234839,50.88155454,1,"5,21E+18"
33566,5,3,15,0,2021,5,8,2,3,2,1,0,0,1,0,0,0,0,"364814,3969","5639656,849",7.077799929,50.89273684,0,"5,21E+18"
33569,5,3,15,0,2021,2,23,6,3,0,1,2,1,0,0,0,0,0,"365019,7981","5638868,12",7.081010156,50.88569608,0,"5,21E+18"
33570,5,3,15,0,2021,9,15,5,3,0,5,0,0,1,0,0,0,1,"363567,6911","5648821,772",7.056652894,50.97481284,0,"5,21E+18"
33572,5,3,15,0,2021,10,11,3,2,6,7,0,0,1,1,0,0,0,"358394,0099","5642907,887",6.985306324,50.92041581,0,"5,21E+18"
33577,5,3,15,0,2021,6,16,5,3,2,2,0,0,1,0,0,0,0,"361425,767","5645345,373",7.027486196,50.94305824,0,"5,21E+18"
33583,5,3,15,0,2021,1,17,5,3,5,3,2,0,1,0,0,0,0,"360754,611","5644300,428",7.018338177,50.93350539,0,"5,21E+18"
33584,5,3,15,0,2021,9,15,3,3,6,7,0,0,0,1,0,0,1,"360493,5828","5646639,522",7.013729841,50.95446418,0,"5,21E+18"
33587,5,3,15,0,2021,11,18,6,3,2,6,2,0,1,0,0,0,0,"366817,757","5641958,004",7.105429393,50.91388444,0,"5,21E+18"
33588,5,3,15,0,2021,11,6,4,3,3,6,2,0,1,0,0,1,0,"365792,6837","5639500,08",7.091759479,50.891556,1,"5,21E+18"
33596,5,3,15,0,2021,1,8,5,3,5,2,0,0,1,0,0,0,0,"358711,639","5644700,754",6.989127547,50.93660629,1,"5,21E+18"
33600,5,3,15,0,2021,5,8,5,3,2,6,0,0,0,0,0,1,1,"361944,8755","5647055,378",7.034222306,50.95855107,0,"5,21E+18"
33602,5,3,15,0,2021,12,19,6,2,2,6,2,0,1,0,0,0,1,"362042,6672","5641762,248",7.037617698,50.91100346,0,"5,21E+18"
33607,5,3,15,0,2021,4,7,4,2,3,6,0,0,1,0,0,1,0,"363244,5376","5643850,581",7.053920139,50.93005822,0,"5,21E+18"
33609,5,3,15,0,2021,9,17,3,3,5,2,0,1,1,0,0,0,0,"362593,6011","5648215,278",7.043015712,50.9691305,0,"5,21E+18"
33611,5,3,15,0,2021,10,13,2,3,3,6,0,0,1,0,0,1,0,"360934,1404","5646031,989",7.020230483,50.94911063,0,"5,21E+18"
33617,5,3,15,0,2021,5,14,4,3,2,6,0,0,1,0,0,0,0,"365347,896","5640176,846",7.085189495,50.89753501,0,"5,21E+18"
33618,5,3,15,0,2021,11,15,6,3,2,6,0,0,1,0,0,0,0,"363583,6848","5643312,763",7.058944607,50.92530492,0,"5,21E+18"
33621,5,3,15,0,2021,7,23,2,3,5,2,2,0,1,0,0,0,0,"359431,9148","5651572,67",6.996716427,50.9985406,0,"5,21E+18"
33628,5,3,15,0,2021,10,14,4,3,2,6,0,0,1,0,0,0,0,"365033,7574","5642586,426",7.079833918,50.91911799,0,"5,21E+18"
33647,5,3,15,0,2021,10,11,7,3,3,6,0,0,1,0,0,1,0,"364280,8107","5642807,481",7.069045965,50.92092811,0,"5,21E+18"
33666,5,3,15,0,2021,9,17,4,3,0,7,0,1,0,0,0,0,0,"361041,6043","5645050,161",7.022133982,50.94031264,1,"5,21E+18"
33668,5,3,15,0,2021,3,16,4,3,5,3,0,1,0,0,0,0,0,"361246,7684","5645038,158",7.025056903,50.94025417,0,"5,21E+18"
33674,5,3,15,0,2021,2,20,6,2,8,7,2,0,1,0,0,0,0,"363536,5232","5641443,436",7.058973251,50.90849326,1,"5,21E+18"
33677,5,3,15,0,2021,9,11,3,3,0,3,0,0,1,0,1,0,0,"359108,4889","5637718,442",6.997466912,50.87395235,0,"5,21E+18"