OBJECTID,ULAND,UREGBEZ,UKREIS,UGEMEINDE,UJAHR,UMONAT,USTUNDE,UWOCHENTAG,UKATEGORIE,UART,UTYP1,ULICHTVERH,IstRad,IstPKW,IstFuss,IstKrad,IstGkfz,IstSonstige,LINREFX,LINREFY,XGCSWGS84,YGCSWGS84,USTRZUSTAND,UIDENTSTLAE
33679,5,3,15,0,2021,10,7,4,3,2,6,1,0,1,0,0,0,1,"367711,946","5641260,657",7.118395032,50.90782248,0,"5,21E+18"
33682,5,3,15,0,2021,11,11,7,3,5,3,0,1,1,0,0,0,0,"366589,635","5636185,244",7.104293892,50.86194767,0,"5,21E+18"
33683,5,3,15,0,2021,6,22,6,3,4,6,2,0,1,0,1,0,0,"365589,7453","5635783,22",7.090241924,50.85810282,1,"5,21E+18"
33684,5,3,15,0,2021,11,8,2,3,0,4,0,1,1,1,0,0,0,"365089,9142","5645851,268",7.07942378,50.94847405,0,"5,21E+18"
33693,5,3,15,0,2021,2,14,6,3,3,6,0,0,1,0,0,1,0,"362716,4797","5644695,993",7.046091881,50.93753081,0,"5,21E+18"
33694,5,3,15,0,2021,1,5,5,3,6,4,2,0,1,1,0,0,0,"358861,7898","5642363,709",6.992167822,50.91563984,1,"5,21E+18"
33695,5,3,15,0,2021,4,18,2,3,2,6,0,0,1,0,0,1,0,"361861,7634","5647550,538",7.032851637,50.96298129,0,"5,21E+18"
33696,5,3,15,0,2021,10,16,1,2,8,1,0,0,1,0,0,0,0,"362920,632","5643818,855",7.049325628,50.9296962,0,"5,21E+18"
33703,5,3,15,0,2021,2,11,7,3,0,1,0,1,0,0,0,0,0,"363129,7379","5636476,847",7.05505099,50.86375981,0,"5,21E+18"
33707,5,3,15,0,2021,3,15,4,3,0,7,0,0,0,0,0,0,1,"361083,341","5649375,105",7.02107665,50.97919182,0,"5,21E+18"
33708,5,3,15,0,2021,5,14,7,2,8,1,0,0,0,0,1,0,0,"367860,6173","5639333,882",7.121205692,50.89053904,0,"5,21E+18"
33711,5,3,15,0,2021,7,16,5,2,2,6,0,0,1,0,1,0,0,"366090,4451","5634730,717",7.097736848,50.84875934,0,"5,21E+18"
33716,5,3,15,0,2021,11,9,1,3,9,1,0,0,0,0,0,0,1,"359241,6281","5647760,037",6.995482916,50.96422989,1,"5,21E+18"
33718,5,3,15,0,2021,1,12,6,3,5,2,0,0,1,0,0,0,1,"362307,0163","5643877,825",7.040576892,50.93008004,1,"5,21E+18"
33724,5,3,15,0,2021,12,14,7,3,2,6,0,0,1,0,0,0,0,"363346,431","5641325,581",7.05631521,50.90738908,0,"5,21E+18"
33732,5,3,15,0,2021,7,17,6,3,2,6,0,0,1,0,0,0,0,"360224,1716","5647101,933",7.0097189,50.95855464,1,"5,21E+18"
33736,5,3,15,0,2021,3,12,6,3,0,4,0,1,0,1,0,0,0,"363847,6186","5638590,561",7.064459006,50.88292644,0,"5,21E+18"
33740,5,3,15,0,2021,9,9,2,3,2,6,0,0,1,0,0,0,0,"362301,0391","5645099,1",7.040030398,50.94105461,0,"5,21E+18"
33744,5,3,15,0,2021,2,10,4,3,1,6,0,0,1,0,0,0,0,"360021,8932","5647658,347",7.006626456,50.9635061,1,"5,21E+18"
33746,5,3,15,0,2021,10,6,6,3,5,2,2,0,1,0,0,0,0,"366947,1052","5642150,372",7.107198193,50.91564322,0,"5,21E+18"
33757,5,3,15,0,2021,9,5,5,3,6,7,2,1,0,1,0,0,0,"359586,376","5650553,89",6.999310139,50.98942252,0,"5,21E+18"
33758,5,3,15,0,2021,12,19,4,3,6,2,2,0,1,1,0,0,0,"366284,908","5635851,63",7.100088282,50.85887884,1,"5,21E+18"
33769,5,3,15,0,2021,3,11,6,3,6,4,0,0,1,1,0,0,0,"360995,5123","5644263,739",7.021778355,50.93323378,0,"5,21E+18"
33779,5,3,15,0,2021,6,15,4,2,2,6,0,0,1,0,1,0,0,"360658,5127","5651972,526",7.014032341,51.00243249,0,"5,21E+18"
33782,5,3,15,0,2021,9,12,6,3,2,6,0,0,1,0,0,0,0,"359794,3991","5649468,144",7.002691149,50.97971557,0,"5,21E+18"
33787,5,3,15,0,2021,10,6,3,2,9,1,1,0,1,0,0,0,0,"365996,1367","5636833,483",7.095628069,50.86763663,0,"5,21E+18"
33788,5,3,15,0,2021,9,23,6,3,8,1,2,0,0,0,1,0,0,"364314,9199","5638468,413",7.071143472,50.88193856,0,"5,21E+18"
33794,5,3,15,0,2021,7,11,3,3,0,1,0,0,0,0,1,0,0,"358777,6623","5642450,876",6.990938069,50.91640263,1,"5,21E+18"
33797,5,3,15,0,2021,11,21,7,2,6,2,2,0,1,1,0,0,0,"362104,1452","5644275,367",7.037541365,50.93360441,1,"5,21E+18"
33798,5,3,15,0,2021,1,13,3,3,6,1,0,0,0,1,0,1,0,"365316,8964","5640237,201",7.084726672,50.89807023,1,"5,21E+18"
33811,5,3,15,0,2021,3,12,6,3,2,6,0,0,1,0,0,0,0,"366060,114","5635630,934",7.096976903,50.85684325,0,"5,21E+18"
33817,5,3,15,0,2021,4,19,7,3,2,6,0,0,1,0,0,0,1,"359287,7656","5647746,635",6.996144706,50.96412071,0,"5,21E+18"
33821,5,3,15,0,2021,6,16,4,1,6,4,0,0,1,1,0,0,0,"366720,138","5641838,712",7.104085112,50.91278974,0,"5,21E+18"
33830,5,3,15,0,2021,12,16,1,3,2,6,0,0,1,0,0,1,0,"358424,0218","5640221,609",6.986775065,50.89628137,0,"5,21E+18"
33838,5,3,15,0,2021,6,13,3,3,6,4,0,1,0,1,0,0,0,"360334,5106","5648357,772",7.010806901,50.9698678,0,"5,21E+18"
33847,5,3,15,0,2021,1,20,7,3,0,2,2,0,1,1,0,0,0,"360796,3949","5645044,542",7.018648167,50.940203,2,"5,21E+18"
33861,5,3,15,0,2021,4,17,6,3,0,4,0,0,0,1,0,1,0,"362354,2128","5643784,138",7.041283472,50.92924931,0,"5,21E+18"
33866,5,3,15,0,2021,10,12,6,3,5,3,0,0,1,0,0,0,0,"365077,8956","5638523,672",7.081962785,50.88261388,0,"5,21E+18"
33889,5,3,15,0,2021,11,17,4,3,1,5,2,0,1,0,0,0,0,"365699,0563","5634833,892",7.092142392,50.84959591,1,"5,21E+18"
33891,5,3,15,0,2021,11,15,2,3,2,2,0,0,1,0,0,0,0,"359282,2918","5637292,671",7.000099436,50.8701682,0,"5,21E+18"
33898,5,3,15,0,2021,5,10,1,3,5,3,0,0,1,0,0,0,0,"363013,802","5648407,111",7.04892437,50.97095466,0,"5,21E+18"
33903,5,3,15,0,2021,3,6,6,3,5,3,2,0,1,0,0,0,0,"361599,8171","5649987,068",7.02819635,50.98481603,1,"5,21E+18"
33905,5,3,15,0,2021,11,18,2,3,6,7,1,0,1,1,0,0,0,"360653,2967","5648975,133",7.015107735,50.97549331,0,"5,21E+18"
33916,5,3,15,0,2021,6,19,6,3,5,2,0,0,1,0,1,0,0,"362302,7333","5643886,091",7.040512859,50.9301533,0,"5,21E+18"
33919,5,3,15,0,2021,3,16,6,3,5,2,0,1,1,0,0,0,0,"364918,594","5643063,365",7.078019818,50.92337756,0,"5,21E+18"
33922,5,3,15,0,2021,3,15,3,2,4,2,0,1,1,0,0,0,0,"363682,9427","5651689,842",7.057217435,51.00061647,0,"5,21E+18"
33928,5,3,15,0,2021,2,13,7,2,2,6,0,0,1,0,0,0,0,"361748,2359","5647974,993",7.031074672,50.96676873,0,"5,21E+18"
33939,5,3,15,0,2021,9,15,7,3,2,6,0,0,1,0,0,0,0,"360654,0507","5653370,18",7.013432097,51.01499223,0,"5,21E+18"
33941,5,3,15,0,2021,2,15,4,3,3,6,0,0,1,0,0,0,0,"359938,2814","5647695,921",7.00542208,50.96382346,0,"5,21E+18"
33943,5,3,15,0,2021,10,12,6,3,5,2,0,0,1,0,0,0,0,"366946,9405","5642149,959",7.107196002,50.91563947,0,"5,21E+18"
33947,5,3,15,0,2021,12,19,5,3,3,3,2,0,1,0,0,0,1,"364383,005","5641072,174",7.071144052,50.90535602,0,"5,21E+18"
33962,5,3,15,0,2021,9,13,7,3,1,6,0,0,1,0,0,0,0,"363214,7701","5638372,466",7.055549577,50.88081684,0,"5,21E+18"
33969,5,3,15,0,2021,11,11,2,3,1,7,0,0,1,0,1,0,0,"361434,8722","5649773,092",7.025929441,50.98285331,1,"5,21E+18"
33984,5,3,15,0,2021,4,11,7,3,2,6,0,0,1,0,0,0,0,"365988,5145","5637026,613",7.095449058,50.86937066,0,"5,21E+18"
33985,5,3,15,0,2021,11,19,6,2,6,4,2,0,1,1,0,0,0,"364361,4167","5641542,498",7.070662407,50.90957801,0,"5,21E+18"
33994,5,3,15,0,2021,1,17,4,3,0,7,2,1,0,0,0,0,0,"362001,4664","5640248,703",7.037604152,50.89739083,0,"5,21E+18"
34013,5,3,15,0,2021,12,21,5,3,3,6,2,0,1,0,0,0,0,"359438,9097","5651527,011",6.996833723,50.99813197,1,"5,21E+18"
34057,5,3,15,0,2021,10,12,6,3,6,2,0,0,1,1,0,0,0,"362584,454","5651852,653",7.04150996,51.00181839,0,"5,21E+18"
34065,5,3,15,0,2021,12,13,2,3,5,2,0,1,1,0,0,0,0,"358350,451","5642957,858",6.984667593,50.92085421,0,"5,21E+18"
34070,5,3,15,0,2021,6,18,6,3,5,2,0,0,1,0,0,0,1,"361437,55","5645317,186",7.027664535,50.94280775,0,"5,21E+18"
34079,5,3,15,0,2021,3,15,3,2,5,2,0,0,1,0,0,0,1,"359936,054","5647697,001",7.005389965,50.96383263,1,"5,21E+18"
34086,5,3,15,0,2021,9,2,1,3,0,1,2,0,0,0,0,0,1,"364379,249","5638415,693",7.072076961,50.88147983,0,"5,21E+18"
34094,5,3,15,0,2021,10,15,5,3,8,1,0,0,1,0,0,0,0,"362215,941","5645888,485",7.038521267,50.94812874,0,"5,21E+18"
34101,5,3,15,0,2021,12,15,2,3,0,1,0,0,0,0,1,0,0,"363307,908","5641898,963",7.055552848,50.9125332,0,"5,21E+18"
34106,5,3,15,0,2021,11,7,2,3,2,6,1,0,0,0,0,1,1,"368071,3019","5641095,05",7.123563273,50.90641628,0,"5,21E+18"
34111,5,3,15,0,2021,9,21,1,3,9,6,2,0,1,0,0,0,0,"366444,2498","5645759,244",7.098726407,50.94796236,0,"5,21E+18"
34160,5,3,15,0,2021,10,15,5,3,2,6,0,0,1,0,0,0,0,"361115,5674","5649462,606",7.021502002,50.97998598,1,"5,21E+18"
34165,5,3,15,0,2021,11,5,7,3,3,7,2,0,1,0,0,0,0,"359424,3316","5644795,237",6.999227792,50.93762959,1,"5,21E+18"
34167,5,3,15,0,2021,7,22,5,3,1,6,2,0,1,0,0,0,0,"363545,2399","5641426,162",7.059103617,50.90834008,1,"5,21E+18"
34175,5,3,15,0,2021,7,1,3,2,4,6,2,0,1,0,0,0,1,"359722,5606","5647257,927",7.002520917,50.95983469,0,"5,21E+18"
34177,5,3,15,0,2021,6,7,2,3,2,6,0,0,1,0,0,0,0,"365809,7697","5639400,967",7.09203868,50.89066917,1,"5,21E+18"
34196,5,3,15,0,2021,9,7,5,3,5,3,0,1,1,0,0,0,0,"363172,181","5639361,168",7.054574352,50.8896927,0,"5,21E+18"
34201,5,3,15,0,2021,9,1,1,3,0,1,2,0,0,0,0,0,1,"360046,5273","5644910,381",7.008033358,50.93881575,0,"5,21E+18"
34211,5,3,15,0,2021,6,19,3,3,3,6,0,0,1,0,0,1,0,"362479,094","5645137,602",7.042548666,50.94144314,0,"5,21E+18"
34219,5,3,15,0,2021,11,6,4,3,5,3,2,0,1,0,0,0,0,"363475,46","5640205,144",7.058568301,50.8973497,0,"5,21E+18"
34220,5,3,15,0,2021,4,6,6,3,6,4,0,1,0,1,0,0,0,"358355,4372","5639729,21",6.985991369,50.89183931,0,"5,21E+18"
34224,5,3,15,0,2021,7,17,1,3,2,6,0,0,1,0,0,0,0,"361748,1467","5647965,955",7.031076838,50.96668749,0,"5,21E+18"
34229,5,3,15,0,2021,9,16,6,3,2,6,0,0,1,0,0,0,1,"367611,3068","5641293,467",7.11695251,50.9080943,1,"5,21E+18"
34231,5,3,15,0,2021,6,23,1,2,7,7,2,0,0,0,1,0,0,"368807,3647","5638469,287",7.134969571,50.88298395,0,"5,21E+18"
34237,5,3,15,0,2021,6,17,3,3,0,6,0,1,0,0,0,0,1,"360801,504","5645044,674",7.018720791,50.94020541,0,"5,21E+18"
34240,5,3,15,0,2021,9,13,2,3,6,4,0,0,1,1,0,0,0,"360028,45","5648029,847",7.006576831,50.9668464,0,"5,21E+18"
34245,5,3,15,0,2021,4,16,3,3,5,3,0,1,1,0,0,0,0,"367448,6866","5644998,507",7.113293916,50.94135692,0,"5,21E+18"
34249,5,3,15,0,2021,9,13,3,3,5,3,0,1,1,0,0,0,0,"359115,2299","5646136,855",6.994312391,50.94961137,0,"5,21E+18"
34252,5,3,15,0,2021,10,17,6,3,5,2,0,0,1,0,0,0,0,"366384,6954","5641379,846",7.099484236,50.90858803,0,"5,21E+18"
34264,5,3,15,0,2021,12,16,4,3,8,1,2,0,1,0,0,0,0,"361355,3519","5642420,211",7.027597093,50.91675208,1,"5,21E+18"
34273,5,3,15,0,2021,6,21,5,3,0,1,0,1,0,0,0,0,0,"359941,1152","5647729,951",7.005449308,50.96412998,0,"5,21E+18"
34275,5,3,15,0,2021,11,6,6,3,5,2,2,1,1,0,0,0,0,"365990,6078","5643739,405",7.093015208,50.92970355,1,"5,21E+18"
34282,5,3,15,0,2021,9,8,4,3,1,6,0,0,1,0,0,0,1,"370799,5874","5639857,374",7.162784404,50.89590908,1,"5,21E+18"
34285,5,3,15,0,2021,1,13,6,3,2,6,0,0,1,0,1,0,0,"362681,205","5637172,694",7.048420016,50.86990737,0,"5,21E+18"
34286,5,3,15,0,2021,10,18,5,3,2,6,1,0,1,0,0,0,1,"358953,181","5643601,251",6.992988491,50.92678409,0,"5,21E+18"
34290,5,3,15,0,2021,11,14,2,3,1,5,0,1,1,0,0,0,0,"359348,9744","5644778,645",6.99816236,50.9374621,1,"5,21E+18"
34303,5,3,15,0,2021,12,19,4,3,5,5,2,1,1,0,0,0,0,"360096,1341","5644926,25",7.008732865,50.9389704,1,"5,21E+18"
34305,5,3,15,0,2021,6,22,7,3,6,4,1,0,1,1,0,0,0,"359404,6991","5644785,901",6.998952154,50.9375409,1,"5,21E+18"
34341,5,3,15,0,2021,10,16,7,3,5,7,0,1,1,0,0,0,0,"360045,569","5644910,035",7.00801986,50.93881241,0,"5,21E+18"
34342,5,3,15,0,2021,12,10,2,3,5,2,0,1,1,0,0,0,0,"359721,7601","5647256,119",7.002510223,50.95981824,0,"5,21E+18"
34344,5,3,15,0,2021,6,15,7,3,0,2,0,0,1,0,1,0,0,"366204,2102","5642677,403",7.096442721,50.92020824,0,"5,21E+18"
34345,5,3,15,0,2021,12,11,3,3,5,3,0,1,1,0,0,0,0,"365148,0883","5637062,779",7.083498831,50.86950026,0,"5,21E+18"
34365,5,3,15,0,2021,9,14,7,3,5,3,0,1,1,0,0,0,0,"361423,4535","5645348,169",7.027452221,50.94308281,0,"5,21E+18"
34366,5,3,15,0,2021,12,14,6,3,6,4,0,0,0,1,0,0,1,"359933,0845","5634945,872",7.01024077,50.84923491,1,"5,21E+18"
34370,5,3,15,0,2021,6,17,2,3,4,7,0,1,0,0,0,0,1,"363854,6354","5638590,275",7.064558802,50.88292553,0,"5,21E+18"
34390,5,3,15,0,2021,6,4,6,3,2,1,1,0,1,0,0,0,1,"359585,2839","5650164,605",6.999445036,50.98592373,0,"5,21E+18"
34395,5,3,15,0,2021,2,7,6,3,0,6,1,1,0,0,0,0,0,"364372,7154","5649131,423",7.06799718,50.97778596,0,"5,21E+18"
34397,5,3,15,0,2021,11,16,4,3,2,6,1,0,1,0,0,0,0,"363238,1949","5638803,183",7.0557212,50.88469345,1,"5,21E+18"
34403,5,3,15,0,2021,12,14,5,3,2,6,0,0,1,0,0,0,0,"362070,47","5646571,022",7.036193082,50.95422811,0,"5,21E+18"
34404,5,3,15,0,2021,3,15,2,3,2,6,0,0,1,0,0,0,0,"362345,2939","5645434,557",7.040533144,50.94408005,0,"5,21E+18"
34411,5,3,15,0,2021,2,12,5,3,1,7,0,1,1,0,0,0,0,"363388,9396","5638533,006",7.057963938,50.8823009,0,"5,21E+18"
34417,5,3,15,0,2021,12,16,7,3,3,6,1,0,1,0,0,1,0,"362982,6935","5644274,062",7.050037109,50.93380207,0,"5,21E+18"
34433,5,3,15,0,2021,4,16,6,3,5,3,0,1,1,0,0,0,0,"366826,6198","5636933,719",7.107386939,50.86872945,0,"5,21E+18"
34442,5,3,15,0,2021,11,12,4,3,0,3,0,1,1,0,0,0,0,"362028,3076","5648048,753",7.03503285,50.96749877,0,"5,21E+18"
34443,5,3,15,0,2021,2,15,5,2,4,6,0,1,0,0,0,0,0,"363137,515","5642229,957",7.053006338,50.91546761,0,"5,21E+18"
34444,5,3,15,0,2021,2,18,6,2,5,3,1,0,1,0,0,0,0,"359586,376","5650553,89",6.999310139,50.98942252,0,"5,21E+18"
34450,5,3,15,0,2021,10,15,7,3,0,3,0,0,1,0,0,0,0,"363517,1195","5646022,179",7.056983145,50.94963985,0,"5,21E+18"
34452,5,3,15,0,2021,9,12,3,3,5,2,0,1,0,0,0,0,1,"358376,927","5644757,2",6.984345002,50.93703147,0,"5,21E+18"
34455,5,3,15,0,2021,6,13,4,3,0,5,0,1,1,0,0,0,0,"361054,0163","5640857,947",7.023907725,50.9026391,0,"5,21E+18"
34464,5,3,15,0,2021,10,12,1,3,4,1,0,0,1,0,0,0,0,"360544,128","5648755,575",7.013637917,50.97349369,0,"5,21E+18"
34466,5,3,15,0,2021,10,7,6,3,6,2,0,0,1,1,0,0,0,"360010,9809","5648018,927",7.006332406,50.96674402,0,"5,21E+18"
34472,5,3,15,0,2021,10,18,2,3,0,3,2,0,1,0,1,0,0,"365990,0345","5635843,988",7.095903794,50.85874189,1,"5,21E+18"
34473,5,3,15,0,2021,12,11,6,3,3,3,0,1,0,0,0,0,1,"364560,508","5645615,876",7.071979272,50.94623432,1,"5,21E+18"
34476,5,3,15,0,2021,10,13,5,3,0,1,0,1,0,0,0,0,0,"358654,2787","5642615,452",6.989120171,50.91785149,0,"5,21E+18"
34481,5,3,15,0,2021,11,14,6,2,0,7,0,1,0,0,0,0,0,"363023,4926","5639336,873",7.052470705,50.88943911,1,"5,21E+18"
34482,5,3,15,0,2021,5,14,1,2,6,4,0,0,0,1,0,0,1,"359822,025","5647469,4",7.003854854,50.96175942,0,"5,21E+18"
34483,5,3,15,0,2021,2,10,6,3,5,3,0,0,1,0,0,0,1,"362290,664","5651451,333",7.037477616,50.99814139,0,"5,21E+18"
34490,5,3,15,0,2021,3,7,3,3,2,6,0,0,1,0,0,0,0,"362522,5234","5645047,173",7.043200574,50.94064078,1,"5,21E+18"
34495,5,3,15,0,2021,9,8,5,3,4,6,0,1,0,0,0,0,0,"360147,8721","5648154,814",7.00822845,50.9679985,0,"5,21E+18"
34500,5,3,15,0,2021,6,11,2,3,0,2,0,1,1,0,0,0,0,"363761,2677","5648804,667",7.059414922,50.97470494,0,"5,21E+18"
34504,5,3,15,0,2021,10,20,5,2,0,6,2,1,0,0,1,0,0,"360324,3763","5644649,454",7.012085477,50.93653812,0,"5,21E+18"
34506,5,3,15,0,2021,1,23,6,3,1,6,2,0,1,0,1,0,0,"359902,4497","5649168,963",7.004344696,50.97705311,1,"5,21E+18"
34519,5,3,15,0,2021,9,10,5,2,0,5,0,0,0,1,0,0,1,"358821,028","5642413,889",6.991568907,50.91608084,0,"5,21E+18"
34524,5,3,15,0,2021,7,20,1,3,2,2,0,1,1,0,0,0,0,"360265,5498","5644965,895",7.011127417,50.93936778,0,"5,21E+18"
34531,5,3,15,0,2021,6,16,4,3,5,2,0,1,1,0,0,0,0,"361598,9392","5649984,642",7.028184774,50.98479402,0,"5,21E+18"
34533,5,3,15,0,2021,6,23,7,3,9,1,2,0,1,0,0,0,0,"360729,925","5650846,697",7.015481289,50.99233184,0,"5,21E+18"
34543,5,3,15,0,2021,9,14,1,3,2,6,0,0,1,0,0,0,0,"362111,292","5646377,308",7.036847306,50.95249691,0,"5,21E+18"
34545,5,3,15,0,2021,11,18,2,3,5,2,2,0,1,0,0,1,0,"366463,43","5640385,399",7.10096725,50.89966846,1,"5,21E+18"
34547,5,3,15,0,2021,7,15,6,3,1,5,0,0,1,0,0,0,1,"364818,6871","5638361,736",7.078340008,50.88109787,0,"5,21E+18"
34550,5,3,15,0,2021,2,16,6,3,6,4,0,0,1,1,0,0,0,"363553,1929","5648836,556",7.05644096,50.97494227,0,"5,21E+18"
34556,5,3,15,0,2021,6,13,4,3,2,6,0,0,1,0,0,1,0,"361662,8722","5645039,44",7.030975282,50.94036568,0,"5,21E+18"
34559,5,3,15,0,2021,11,16,6,3,2,6,1,0,1,0,0,0,0,"360193,8333","5644950,307",7.0101133,50.9392103,0,"5,21E+18"
34566,5,3,15,0,2021,7,8,3,3,2,6,0,0,1,0,0,0,0,"362287,445","5645593,811",7.039649985,50.9454975,1,"5,21E+18"
34570,5,3,15,0,2021,10,22,2,3,5,3,2,0,1,0,0,0,1,"359936,054","5647697,001",7.005389965,50.96383263,0,"5,21E+18"
34573,5,3,15,0,2021,1,16,4,3,5,2,0,1,1,0,0,0,0,"359504,2327","5644798,062",7.000363171,50.93767445,0,"5,21E+18"
34576,5,3,15,0,2021,11,18,4,3,2,6,2,0,1,0,0,0,0,"364540,453","5640393,768",7.07363376,50.89929577,0,"5,21E+18"
34580,5,3,15,0,2021,9,12,4,3,5,3,0,1,1,0,0,0,0,"358955,3623","5644592,099",6.992636093,50.93568946,0,"5,21E+18"
34581,5,3,15,0,2021,6,7,6,3,5,2,0,0,1,0,1,0,0,"362006,0966","5648042,216",7.034719204,50.96743471,0,"5,21E+18"
34585,5,3,15,0,2021,9,15,4,3,5,2,0,0,1,0,0,0,1,"366283,1262","5635851,593",7.100062993,50.85887809,0,"5,21E+18"
34586,5,3,15,0,2021,6,14,6,3,2,6,0,0,1,0,0,0,0,"365547,1281","5646125,272",7.085827593,50.9510435,0,"5,21E+18"
34591,5,3,15,0,2021,6,22,5,3,5,2,2,0,1,0,0,0,1,"363308,9248","5641896,955",7.055568055,50.91251539,1,"5,21E+18"
34594,5,3,15,0,2021,9,17,4,3,0,1,0,0,0,0,0,0,1,"362663,6667","5648235,995",7.044005163,50.9693334,0,"5,21E+18"
34595,5,3,15,0,2021,9,7,4,2,0,7,0,0,0,0,1,0,0,"361595,823","5644071,78",7.030389073,50.93165296,1,"5,21E+18"
34605,5,3,15,0,2021,7,12,7,3,9,6,0,0,1,0,0,0,0,"360560,3443","5642216,917",7.016371988,50.91473349,0,"5,21E+18"
34616,5,3,15,0,2021,7,22,6,3,9,1,2,0,0,0,1,0,0,"370604,226","5637147,538",7.160967323,50.87150922,0,"5,21E+18"
34623,5,3,15,0,2021,9,14,5,3,3,6,0,0,1,0,0,1,1,"362217,1534","5645780,209",7.038579483,50.94715592,0,"5,21E+18"
34626,5,3,15,0,2021,12,2,7,3,8,1,2,0,1,0,0,0,0,"364278,2668","5648043,653",7.067058588,50.96798745,0,"5,21E+18"
34630,5,3,15,0,2021,5,13,4,2,3,6,0,0,1,0,0,1,0,"361631,1655","5648623,964",7.029161556,50.97257306,0,"5,21E+18"
34631,5,3,15,0,2021,11,5,1,3,2,6,2,0,1,0,0,0,1,"361027,3675","5647755,22",7.02089885,50.96462013,1,"5,21E+18"
34635,5,3,15,0,2021,6,1,5,2,9,7,2,0,1,0,0,0,0,"359593,6657","5644807,236",7.001631683,50.93777868,0,"5,21E+18"
34643,5,3,15,0,2021,9,10,5,3,5,3,0,1,1,0,0,0,0,"362263,6919","5651372,113",7.037123522,50.99742297,0,"5,21E+18"
34646,5,3,15,0,2021,2,12,5,3,2,6,0,0,1,0,0,0,0,"362483,3406","5645128,398",7.042612548,50.94136143,0,"5,21E+18"
34658,5,3,15,0,2021,9,16,5,3,0,7,0,0,0,0,0,0,1,"360489,3535","5646571,591",7.013695699,50.95385264,0,"5,21E+18"
34660,5,3,15,0,2021,9,12,3,3,0,1,0,1,0,0,0,0,0,"359991,9701","5647881,631",7.006114679,50.96550551,0,"5,21E+18"
34669,5,3,15,0,2021,11,12,7,3,0,7,0,0,1,1,0,0,0,"358738,9012","5644704,606",6.989513805,50.93664758,0,"5,21E+18"
34673,5,3,15,0,2021,10,19,4,3,5,2,1,1,1,0,0,0,0,"361957,34","5648027,867",7.034030705,50.96729407,0,"5,21E+18"
34682,5,3,15,0,2021,2,14,7,3,2,6,0,0,1,0,0,0,0,"362477,0129","5645142,105",7.042517363,50.94148311,0,"5,21E+18"
34683,5,3,15,0,2021,11,13,2,3,2,6,0,0,1,0,0,0,1,"361432,84","5642480,449",7.028675883,50.91731207,0,"5,21E+18"
34686,5,3,15,0,2021,10,16,1,2,3,6,0,0,1,0,0,0,0,"360047,156","5645861,375",7.007676907,50.94736263,0,"5,21E+18"
34691,5,3,15,0,2021,1,13,5,3,5,2,0,1,1,0,0,0,0,"363775,7331","5645489,282",7.060861946,50.94491165,1,"5,21E+18"
34698,5,3,15,0,2021,9,18,5,2,5,2,1,1,1,0,0,0,0,"359872,138","5649177,312",7.003909975,50.97712077,1,"5,21E+18"
34718,5,3,15,0,2021,9,18,1,3,0,1,1,0,0,0,0,0,1,"364533,4479","5638374,122",7.074283066,50.88114238,0,"5,21E+18"
34724,5,3,15,0,2021,3,12,7,3,2,6,0,0,1,0,0,0,0,"361505,9626","5647597,646",7.027770153,50.96331924,0,"5,21E+18"
34731,5,3,15,0,2021,11,16,6,3,0,3,1,1,1,0,0,0,0,"365158,0801","5636341,51",7.083906594,50.86302006,0,"5,21E+18"
34735,5,3,15,0,2021,11,17,3,3,5,2,2,0,1,0,0,0,1,"359081,3562","5644744,976",6.994368956,50.93709418,1,"5,21E+18"
34736,5,3,15,0,2021,7,16,5,3,5,2,0,0,1,0,0,0,0,"362053,0601","5645040,671",7.036525071,50.94047022,1,"5,21E+18"
34737,5,3,15,0,2021,6,16,1,3,5,3,0,0,1,0,0,0,0,"362360,6523","5643770,549",7.041380182,50.92912871,0,"5,21E+18"
34745,5,3,15,0,2021,1,16,6,3,8,1,2,0,1,0,0,0,0,"358615,312","5645667,971",6.987382105,50.9452751,1,"5,21E+18"
34749,5,3,15,0,2021,11,7,3,3,5,3,0,1,1,0,0,0,0,"361632,8755","5644068,418",7.030917306,50.93163163,0,"5,21E+18"
34760,5,3,15,0,2021,5,15,2,3,5,2,0,1,1,0,0,0,0,"360754,611","5644300,428",7.018338177,50.93350539,0,"5,21E+18"
34765,5,3,15,0,2021,3,16,3,3,2,1,0,0,1,0,1,0,0,"365770,2998","5635826,625",7.092789882,50.85853487,0,"5,21E+18"
34767,5,3,15,0,2021,5,22,2,2,2,1,2,0,1,0,0,0,0,"359401,4495","5641485,727",7.000178304,50.907881,0,"5,21E+18"
34769,5,3,15,0,2021,10,18,2,3,0,3,1,1,0,0,0,0,0,"365150,706","5637706,188",7.08329877,50.87528362,0,"5,21E+18"
34788,5,3,15,0,2021,4,9,3,3,0,7,0,0,1,0,0,0,1,"362322,7012","5636655,224",7.043522868,50.86517135,0,"5,21E+18"
34790,5,3,15,0,2021,1,7,5,3,6,2,2,0,1,1,0,0,0,"360998,4585","5644263,667",7.021820284,50.93323383,1,"5,21E+18"
34792,5,3,15,0,2021,1,15,2,3,3,6,0,0,1,0,0,1,0,"361178,2504","5642332,858",7.02511243,50.91592445,0,"5,21E+18"
34803,5,3,15,0,2021,4,16,5,3,0,2,0,1,0,0,1,0,0,"359663,2851","5644819,404",7.002617228,50.93790499,0,"5,21E+18"
34816,5,3,15,0,2021,9,14,2,3,5,3,0,0,1,0,0,0,0,"361872,678","5648002,997",7.032835174,50.96705026,0,"5,21E+18"