OBJECTID,ULAND,UREGBEZ,UKREIS,UGEMEINDE,UJAHR,UMONAT,USTUNDE,UWOCHENTAG,UKATEGORIE,UART,UTYP1,ULICHTVERH,IstRad,IstPKW,IstFuss,IstKrad,IstGkfz,IstSonstige,LINREFX,LINREFY,XGCSWGS84,YGCSWGS84,USTRZUSTAND,UIDENTSTLAE
34817,5,3,15,0,2021,1,8,5,3,6,7,0,0,1,1,0,0,0,"362889,0406","5636596,145",7.051588048,50.86477497,1,"5,21E+18"
34819,5,3,15,0,2021,12,17,4,3,4,2,2,1,1,0,0,0,0,"364872,984","5645483,643",7.076473838,50.9451192,1,"5,21E+18"
34822,5,3,15,0,2021,10,18,5,3,0,6,1,0,1,0,1,0,0,"363181,4934","5638303,475",7.05510265,50.88018891,0,"5,21E+18"
34830,5,3,15,0,2021,9,17,6,3,2,6,0,0,1,0,0,0,0,"366048,4161","5636131,739",7.096627505,50.86134165,0,"5,21E+18"
34831,5,3,15,0,2021,9,8,4,3,2,6,0,0,1,0,0,0,0,"365350,1781","5640154,609",7.085230127,50.89733568,0,"5,21E+18"
34836,5,3,15,0,2021,6,7,6,2,0,1,0,1,0,0,0,0,0,"359280,7783","5647739,731",6.996047937,50.96405697,0,"5,21E+18"
34837,5,3,15,0,2021,4,7,7,3,8,1,1,0,1,0,0,0,0,"362129,9131","5646363,038",7.037117657,50.95237312,0,"5,21E+18"
34847,5,3,15,0,2021,9,12,6,3,2,6,0,0,1,0,0,1,0,"363477,3303","5640211,874",7.058592365,50.89741063,1,"5,21E+18"
34851,5,3,15,0,2021,5,10,2,3,1,3,0,0,1,0,0,0,1,"358690,4417","5639631,437",6.9907894,50.89104267,1,"5,21E+18"
34852,5,3,15,0,2021,9,13,2,3,2,6,0,0,1,0,0,1,0,"361755,8834","5647938,946",7.031197215,50.96644661,0,"5,21E+18"
34864,5,3,15,0,2021,11,16,6,3,1,6,2,0,1,0,0,0,0,"361519,7607","5646970,533",7.028205174,50.95768654,1,"5,21E+18"
34865,5,3,15,0,2021,6,2,1,3,6,7,2,0,1,1,0,0,0,"360841,335","5646048,066",7.018903987,50.94923272,0,"5,21E+18"
34878,5,3,15,0,2021,2,16,7,3,0,1,0,1,0,0,0,0,0,"362111,1732","5651588,223",7.034869281,50.99932867,0,"5,21E+18"
34880,5,3,15,0,2021,7,10,3,3,5,3,0,1,1,0,0,0,0,"366281,091","5635851,551",7.100034108,50.85887725,1,"5,21E+18"
34889,5,3,15,0,2021,11,17,4,3,0,6,2,1,0,1,0,0,0,"361712,4699","5650431,119",7.029631305,50.98883387,0,"5,21E+18"
34915,5,3,15,0,2021,9,18,2,2,0,3,0,0,1,0,1,0,0,"364540,9081","5638373,703",7.074389208,50.88114037,0,"5,21E+18"
34937,5,3,15,0,2021,4,15,7,3,0,3,0,1,1,0,0,0,0,"366461,7343","5640390,759",7.10094119,50.89971624,0,"5,21E+18"
34948,5,3,15,0,2021,4,17,5,3,5,3,0,1,0,0,1,0,0,"368165,2524","5639205,032",7.125581094,50.88945057,0,"5,21E+18"
34956,5,3,15,0,2021,3,10,4,3,2,6,0,0,1,0,0,0,0,"362260,2244","5645692,103",7.039225565,50.94637438,0,"5,21E+18"
34959,5,3,15,0,2021,7,16,4,3,3,6,0,1,1,0,0,0,0,"367897,7414","5641772,867",7.120850763,50.91246868,0,"5,21E+18"
34962,5,3,15,0,2021,6,17,5,3,1,5,0,1,1,0,0,0,0,"365820,1059","5638405,549",7.092551059,50.88172507,0,"5,21E+18"
34964,5,3,15,0,2021,6,0,3,2,8,1,2,0,1,0,0,0,0,"359445,5455","5643370,454",7.000078942,50.92483007,0,"5,21E+18"
34973,5,3,15,0,2021,11,11,2,3,3,6,0,0,1,0,0,1,0,"361763,1952","5642535,959",7.033351678,50.91789019,1,"5,21E+18"
34975,5,3,15,0,2021,12,10,7,3,2,6,0,0,1,0,0,1,0,"362234,358","5645967,315",7.038753461,50.9488416,1,"5,21E+18"
34977,5,3,15,0,2021,9,15,2,3,2,6,0,0,1,0,0,0,1,"366469,326","5642230,296",7.100376069,50.9162512,0,"5,21E+18"
34997,5,3,15,0,2021,6,0,1,3,0,7,2,0,0,0,0,0,1,"360645,1068","5644314,455",7.016775409,50.93360501,0,"5,21E+18"
35005,5,3,15,0,2021,12,17,1,3,5,2,2,0,1,0,0,0,0,"367002,559","5642331,806",7.107920468,50.91728668,0,"5,21E+18"
35016,5,3,15,0,2021,11,17,3,3,5,3,2,0,1,0,0,0,0,"360773,148","5649063,972",7.016779815,50.97632071,1,"5,21E+18"
35023,5,3,15,0,2021,3,22,4,3,0,5,2,0,0,1,0,0,1,"360931,1364","5644271,672",7.020859756,50.93328955,0,"5,21E+18"
35025,5,3,15,0,2021,10,19,1,2,0,1,2,1,0,0,0,0,0,"360069,7128","5647642,438",7.007313115,50.96337474,0,"5,21E+18"
35026,5,3,15,0,2021,9,21,7,3,0,4,2,0,0,1,0,0,1,"359654,4843","5644817,564",7.002492758,50.9378863,0,"5,21E+18"
35039,5,3,15,0,2021,12,9,1,2,0,1,0,0,0,0,0,0,1,"364844,7173","5639829,291",7.078166989,50.89429377,1,"5,21E+18"
35060,5,3,15,0,2021,6,16,3,3,2,2,0,0,1,0,1,0,0,"362244,4225","5643840,253",7.039700914,50.92972742,0,"5,21E+18"
35062,5,3,15,0,2021,9,17,2,3,2,1,0,0,1,0,0,0,1,"360476,154","5645013,887",7.014104689,50.93985009,0,"5,21E+18"
35068,5,3,15,0,2021,10,13,6,3,1,6,0,0,1,0,0,0,0,"359608,3938","5646908,407",7.001031129,50.95666571,0,"5,21E+18"
35070,5,3,15,0,2021,12,17,4,3,9,7,2,0,1,0,0,0,0,"365102,114","5638403,872",7.082351078,50.88154281,1,"5,21E+18"
35076,5,3,15,0,2021,5,21,2,3,5,3,1,0,1,0,0,0,0,"362368,3927","5643754,168",7.041496443,50.92898334,0,"5,21E+18"
35077,5,3,15,0,2021,2,8,5,3,0,6,1,0,1,0,0,1,0,"359586,376","5650553,89",6.999310139,50.98942252,0,"5,21E+18"
35086,5,3,15,0,2021,12,18,1,3,2,6,2,0,1,0,0,0,0,"362703,1085","5644691,135",7.045903523,50.93748397,0,"5,21E+18"
35087,5,3,15,0,2021,3,22,5,2,3,6,2,0,1,0,0,1,0,"361693,5078","5648329,928",7.030160785,50.96994548,0,"5,21E+18"
35088,5,3,15,0,2021,6,12,4,2,5,3,0,1,1,0,0,0,0,"360963,104","5640902,583",7.022598593,50.90301837,0,"5,21E+18"
35110,5,3,15,0,2021,11,6,6,3,7,7,2,1,0,0,0,0,1,"358662,0449","5642601,174",6.989236117,50.91772507,0,"5,21E+18"
35114,5,3,15,0,2021,1,10,4,3,0,6,0,0,1,0,0,1,0,"361944,8755","5647055,378",7.034222306,50.95855107,0,"5,21E+18"
35116,5,3,15,0,2021,10,11,6,3,2,6,0,0,1,0,1,0,0,"362205,2992","5645074,732",7.038677733,50.94081274,0,"5,21E+18"
35123,5,3,15,0,2021,5,9,5,3,2,6,0,0,1,0,0,0,0,"362567,3149","5644958,977",7.043870993,50.93985882,0,"5,21E+18"
35124,5,3,15,0,2021,9,13,4,3,1,6,0,0,1,0,0,0,0,"361484,303","5645277,003",7.028344889,50.94245785,1,"5,21E+18"
35125,5,3,15,0,2021,1,11,6,3,1,1,0,0,1,0,0,0,0,"361030,192","5644263,331",7.022271735,50.93323846,0,"5,21E+18"
35133,5,3,15,0,2021,3,6,2,3,2,1,1,0,1,0,0,0,0,"363532,7624","5641450,722",7.058917066,50.90855786,0,"5,21E+18"
35141,5,3,15,0,2021,9,4,3,3,9,1,2,0,1,0,0,0,0,"365664,5379","5639775,662",7.089837161,50.89400305,0,"5,21E+18"
35146,5,3,15,0,2021,10,14,6,3,0,2,0,1,1,0,0,0,0,"364232,0944","5638482,746",7.069961441,50.88204792,0,"5,21E+18"
35152,5,3,15,0,2021,9,13,6,3,5,3,0,1,1,0,0,0,0,"360494,3405","5646655,141",7.013734637,50.95460473,0,"5,21E+18"
35154,5,3,15,0,2021,4,19,2,3,5,2,0,1,1,0,0,0,0,"360012,868","5648032,983",7.006353855,50.9668708,0,"5,21E+18"
35166,5,3,15,0,2021,1,20,7,3,3,6,2,0,1,0,0,0,0,"359000,0284","5645992,62",6.992729266,50.94828696,2,"5,21E+18"
35168,5,3,15,0,2021,6,0,1,3,2,6,2,0,1,0,1,0,0,"363110,736","5639252,7",7.053741901,50.88870329,1,"5,21E+18"
35169,5,3,15,0,2021,4,15,7,3,5,3,0,1,1,0,0,0,0,"362103,0431","5644277,53",7.037524871,50.93362359,0,"5,21E+18"
35187,5,3,15,0,2021,3,14,2,3,5,7,0,0,1,0,0,0,0,"363527,1445","5641461,607",7.058833137,50.90865435,0,"5,21E+18"
35194,5,3,15,0,2021,6,20,5,3,6,4,0,0,1,1,0,0,0,"359926,5623","5650633,658",7.004123391,50.99022229,0,"5,21E+18"
35218,5,3,15,0,2021,12,15,4,3,4,2,0,0,1,0,0,0,1,"361463,4496","5645403,743",7.028000042,50.94359188,0,"5,21E+18"
35223,5,3,15,0,2021,12,18,6,3,1,5,2,1,1,0,0,0,0,"359590,334","5644806,894",7.001584427,50.9377748,1,"5,21E+18"
35232,5,3,15,0,2021,11,9,4,3,3,6,0,0,0,0,0,1,1,"366599,3364","5642196,499",7.102236886,50.91597751,0,"5,21E+18"
35239,5,3,15,0,2021,3,13,2,3,6,6,0,1,0,1,0,0,0,"358471,6333","5644699,852",6.985714295,50.93653934,0,"5,21E+18"
35241,5,3,15,0,2021,4,18,3,3,2,6,0,0,1,0,0,0,0,"362977,638","5650841,542",7.047491796,50.99282503,1,"5,21E+18"
35242,5,3,15,0,2021,12,17,3,3,5,3,2,1,0,0,0,0,0,"358620,596","5640331,049",6.989526163,50.89731308,0,"5,21E+18"
35251,5,3,15,0,2021,3,23,7,3,2,6,2,0,1,0,0,0,0,"363971,303","5642280,319",7.0648417,50.91611737,0,"5,21E+18"
35256,5,3,15,0,2021,3,12,7,3,2,6,0,0,1,0,0,0,0,"360968,0603","5649244,404",7.019485468,50.97798938,0,"5,21E+18"
35259,5,3,15,0,2021,9,14,6,3,6,4,0,0,0,1,0,0,1,"360011,7674","5647351,851",7.006600274,50.96074913,0,"5,21E+18"
35264,5,3,15,0,2021,6,8,3,3,1,2,0,1,1,0,0,0,0,"365117,1352","5638334,287",7.082590162,50.88092091,0,"5,21E+18"
35269,5,3,15,0,2021,4,18,7,3,0,3,0,0,1,0,0,0,0,"362011,7345","5648043,875",7.034798818,50.96745097,1,"5,21E+18"
35270,5,3,15,0,2021,6,16,6,3,5,3,0,1,1,0,0,0,0,"363026,725","5638035,488",7.053004356,50.8777437,0,"5,21E+18"
35280,5,3,15,0,2021,9,15,2,3,6,4,0,0,1,1,0,0,0,"362705,9267","5645193,243",7.045754386,50.94199726,0,"5,21E+18"
35287,5,3,15,0,2021,5,15,5,3,9,1,0,0,0,0,1,0,0,"363749,5744","5641368,739",7.062029675,50.90787225,0,"5,21E+18"
35290,5,3,15,0,2021,9,16,3,3,5,2,0,0,1,0,0,0,1,"360757,337","5644299,982",7.018377118,50.93350205,0,"5,21E+18"
35291,5,3,15,0,2021,11,16,4,2,1,5,2,0,1,0,1,0,0,"360477,7356","5646803,263",7.013441594,50.95593191,0,"5,21E+18"
35298,5,3,15,0,2021,11,14,5,2,2,6,0,0,1,0,0,0,1,"365966,951","5634045,072",7.09623448,50.84256831,0,"5,21E+18"
35307,5,3,15,0,2021,12,11,4,3,6,7,0,0,0,1,0,0,1,"363260,3561","5648538,488",7.052384435,50.97219397,0,"5,21E+18"
35308,5,3,15,0,2021,12,0,5,3,2,6,2,0,1,0,0,0,0,"362146,6559","5642631,003",7.038767704,50.91883611,0,"5,21E+18"
35317,5,3,15,0,2021,7,21,5,3,4,2,1,0,1,0,1,0,0,"360996,863","5644263,654",7.021797598,50.93323334,1,"5,21E+18"
35325,5,3,15,0,2021,12,19,5,3,3,2,2,1,1,0,0,0,0,"363760,8487","5648804,443",7.059409042,50.97470282,0,"5,21E+18"
35332,5,3,15,0,2021,4,20,1,3,2,7,2,0,1,0,0,0,0,"359917,2116","5650633,068",7.00399047,50.9902147,1,"5,21E+18"
35333,5,3,15,0,2021,11,6,2,3,5,2,2,1,1,0,0,0,0,"359731,3649","5647237,441",7.0026541,50.95965272,0,"5,21E+18"
35338,5,3,15,0,2021,3,6,7,3,0,7,2,1,0,0,0,0,0,"359509,0713","5646712,61",6.999693418,50.95488186,0,"5,21E+18"
35345,5,3,15,0,2021,4,15,3,3,3,6,0,0,1,0,0,1,0,"362715,6749","5644697,291",7.046079945,50.93754229,0,"5,21E+18"
35350,5,3,15,0,2021,3,8,6,3,2,2,0,0,1,0,1,0,0,"360623,8064","5646336,442",7.015698792,50.95177185,0,"5,21E+18"
35365,5,3,15,0,2021,9,12,2,2,5,3,0,1,1,0,0,0,0,"365144,4586","5636354,179",7.083708479,50.86313075,0,"5,21E+18"
35371,5,3,15,0,2021,9,9,3,3,2,6,0,0,1,0,0,0,0,"362334,7425","5643823,854",7.040991582,50.92960159,0,"5,21E+18"
35379,5,3,15,0,2021,12,19,2,3,3,6,2,0,1,0,0,0,0,"358472,6731","5645933,964",6.985249605,50.94763059,1,"5,21E+18"
35381,5,3,15,0,2021,1,17,5,3,2,6,2,0,1,0,0,0,0,"362611,1564","5644879,386",7.04452463,50.93915395,1,"5,21E+18"
35385,5,3,15,0,2021,3,14,4,2,5,3,0,0,1,0,0,0,0,"361452,9871","5647190,311",7.02717133,50.95964569,0,"5,21E+18"
35397,5,3,15,0,2021,5,14,7,3,3,7,0,0,1,0,0,0,0,"361809,0559","5647984,085",7.031936844,50.96686504,0,"5,21E+18"
35408,5,3,15,0,2021,11,15,7,3,4,6,0,0,1,0,0,0,0,"361490,7248","5646503,912",7.027969564,50.95348593,0,"5,21E+18"
35419,5,3,15,0,2021,12,12,2,3,0,1,0,0,0,0,1,0,0,"362171,1913","5648091,395",7.037050338,50.96791621,1,"5,21E+18"
35420,5,3,15,0,2021,11,11,4,3,5,3,0,1,1,0,0,0,0,"362326,161","5643840,88",7.040863111,50.92975257,1,"5,21E+18"
35425,5,3,15,0,2021,11,19,3,2,6,4,2,0,1,1,0,0,0,"365098,412","5638452,612",7.082280496,50.88198001,1,"5,21E+18"
35431,5,3,15,0,2021,12,17,6,2,6,2,2,0,1,1,0,0,0,"361554,8424","5640508,131",7.031158623,50.89961549,1,"5,21E+18"
35436,5,3,15,0,2021,11,22,6,3,5,2,2,0,1,0,0,0,0,"364540,453","5640393,768",7.07363376,50.89929577,1,"5,21E+18"
35442,5,3,15,0,2021,4,17,4,3,2,6,0,0,1,0,0,0,1,"362254,6711","5643978,843",7.039794292,50.93097542,0,"5,21E+18"
35446,5,3,15,0,2021,9,19,4,3,0,1,1,0,0,0,1,0,0,"360045,0703","5648167,661",7.006760353,50.96808899,0,"5,21E+18"
35447,5,3,15,0,2021,4,17,7,2,0,7,0,0,0,0,1,0,0,"367016,9262","5644568,171",7.107308993,50.93738978,0,"5,21E+18"
35457,5,3,15,0,2021,10,15,7,3,2,6,0,0,1,0,0,0,0,"363138,9763","5641358,271",7.05335405,50.90763373,0,"5,21E+18"
35458,5,3,15,0,2021,11,11,3,2,4,2,0,0,1,0,0,0,0,"359586,3339","5650555,382",6.999308962,50.98943592,1,"5,21E+18"
35468,5,3,15,0,2021,2,19,5,3,6,7,2,0,1,1,0,0,0,"362385,3193","5636986,701",7.044287466,50.86816539,0,"5,21E+18"
35469,5,3,15,0,2021,5,18,3,3,0,7,0,0,1,0,0,0,0,"361330,9134","5635943,609",7.029707499,50.85853876,0,"5,21E+18"
35482,5,3,15,0,2021,4,8,4,3,5,3,0,1,1,0,0,0,0,"359994,5959","5647898,55",7.006145539,50.9656582,0,"5,21E+18"
35497,5,3,15,0,2021,6,16,4,3,3,6,0,0,1,0,1,0,0,"362222,285","5648105,703",7.037772134,50.96805704,0,"5,21E+18"
35499,5,3,15,0,2021,12,9,2,2,2,6,0,1,0,0,0,0,0,"364872,984","5645483,643",7.076473838,50.9451192,0,"5,21E+18"
35512,5,3,15,0,2021,1,9,7,3,5,3,0,0,1,0,0,0,0,"365228,5121","5635614,287",7.085174627,50.85650043,0,"5,21E+18"
35519,5,3,15,0,2021,6,15,3,3,1,3,0,1,1,0,0,0,0,"362329,6609","5640142,582",7.042308302,50.89651541,0,"5,21E+18"
35523,5,3,15,0,2021,9,7,3,3,6,3,0,0,1,1,0,0,0,"365608,9479","5640140,227",7.088913031,50.8972667,0,"5,21E+18"
35540,5,3,15,0,2021,9,16,7,3,6,4,0,0,1,1,0,0,0,"360239,6598","5644774,899",7.010832421,50.937645,0,"5,21E+18"
35553,5,3,15,0,2021,10,10,6,3,5,3,0,0,1,0,1,0,0,"366946,9302","5642149,933",7.107195865,50.91563924,0,"5,21E+18"
35560,5,3,15,0,2021,10,14,2,2,8,1,0,0,1,0,0,0,0,"359319,8467","5652304,708",6.994836675,51.00509203,0,"5,21E+18"
35567,5,3,15,0,2021,10,22,3,3,1,6,2,0,1,0,0,0,1,"365022,3158","5638856,207",7.081050329,50.8855896,0,"5,21E+18"
35568,5,3,15,0,2021,11,7,3,2,2,6,1,0,1,0,0,0,1,"363397,2537","5641340,907",7.057031904,50.90753885,1,"5,21E+18"
35573,5,3,15,0,2021,11,8,1,3,0,1,0,0,1,0,0,0,0,"361609,442","5644084,334",7.030577994,50.93176905,0,"5,21E+18"
35574,5,3,15,0,2021,10,19,6,3,4,6,1,1,0,0,0,0,0,"361068,407","5644251,824",7.022819627,50.93314425,0,"5,21E+18"
35587,5,3,15,0,2021,12,18,7,3,2,6,2,0,1,0,0,0,0,"359840,2741","5641894,62",7.006258898,50.91166252,1,"5,21E+18"
35603,5,3,15,0,2021,5,11,6,3,5,2,0,0,1,0,0,0,1,"366262,1043","5633714,791",7.100544851,50.83966812,0,"5,21E+18"
35605,5,3,15,0,2021,6,12,7,2,4,2,0,0,1,0,1,0,0,"364814,0238","5639667,007",7.077790867,50.89282804,0,"5,21E+18"
35612,5,3,15,0,2021,3,11,5,3,5,2,0,1,1,0,0,0,0,"361580,787","5644073,052",7.030174749,50.93166078,0,"5,21E+18"
35626,5,3,15,0,2021,11,14,6,3,5,3,0,1,1,0,0,0,0,"359839,546","5644858,482",7.005109252,50.93829905,0,"5,21E+18"
35632,5,3,15,0,2021,3,10,4,3,2,6,0,0,1,0,0,0,1,"365973,842","5637400,265",7.095103734,50.87272554,0,"5,21E+18"
35633,5,3,15,0,2021,3,22,2,3,2,6,2,0,1,0,0,0,0,"359821,879","5647480,673",7.003848433,50.9618607,0,"5,21E+18"
35640,5,3,15,0,2021,2,16,4,2,6,4,0,0,1,1,0,0,0,"358862,8203","5642362,486",6.992182946,50.9156291,0,"5,21E+18"
35643,5,3,15,0,2021,3,14,3,3,0,7,0,0,1,0,0,0,0,"360722,2276","5646192,684",7.017154112,50.95050366,0,"5,21E+18"
35645,5,3,15,0,2021,4,12,5,3,0,2,0,0,1,0,0,0,1,"360752,316","5644300,726",7.018305423,50.93350752,0,"5,21E+18"
35646,5,3,15,0,2021,9,11,6,3,0,7,0,0,0,0,0,0,1,"360487,7968","5646546,743",7.013683071,50.95362895,0,"5,21E+18"
35648,5,3,15,0,2021,4,17,4,3,2,2,0,0,1,0,1,0,0,"359874,3318","5644866,308",7.005601025,50.93837784,0,"5,21E+18"
35649,5,3,15,0,2021,1,15,4,3,4,2,0,0,1,0,0,0,0,"366947,0486","5642150,23",7.107197439,50.91564193,1,"5,21E+18"
35674,5,3,15,0,2021,11,5,3,3,6,2,2,0,1,1,0,0,0,"360996,863","5644263,654",7.021797598,50.93323334,1,"5,21E+18"
35676,5,3,15,0,2021,9,14,1,3,2,6,0,0,1,0,1,0,0,"361205,3107","5640766,616",7.026092791,50.90185467,0,"5,21E+18"
35683,5,3,15,0,2021,10,15,4,3,0,1,0,1,0,0,0,0,0,"360773,148","5649063,972",7.016779815,50.97632071,0,"5,21E+18"
35691,5,3,15,0,2021,3,15,2,3,0,3,0,1,1,0,0,0,0,"366166,4272","5643166,27",7.095726075,50.92459324,0,"5,21E+18"
35699,5,3,15,0,2021,11,11,3,3,3,2,0,0,1,0,0,0,0,"361954,5197","5648027,036",7.03399088,50.96728593,1,"5,21E+18"
35704,5,3,15,0,2021,4,19,2,3,5,3,0,0,1,0,0,0,1,"359600,015","5650180,787",6.999648527,50.98607276,0,"5,21E+18"
35706,5,3,15,0,2021,12,18,4,3,2,6,2,0,1,0,0,0,1,"363244,6387","5643827,333",7.053930299,50.92984931,1,"5,21E+18"
35714,5,3,15,0,2021,10,15,3,3,0,5,0,1,1,0,0,0,1,"359592,2162","5644807,087",7.001611123,50.93777699,1,"5,21E+18"
35715,5,3,15,0,2021,4,9,4,3,5,2,0,0,1,0,0,0,0,"366043,0124","5634132,482",7.097282234,50.84337155,0,"5,21E+18"
35716,5,3,15,0,2021,3,3,3,3,8,7,2,0,1,0,0,0,0,"365322,9664","5638850,842",7.08532404,50.88561154,0,"5,21E+18"
35721,5,3,15,0,2021,6,19,6,3,0,7,0,0,0,0,0,0,1,"359328,617","5647725,422",6.996734284,50.96394006,0,"5,21E+18"
35722,5,3,15,0,2021,2,7,5,3,1,6,1,0,1,0,0,1,0,"362072,8794","5646559,613",7.036231688,50.95412614,0,"5,21E+18"
35747,5,3,15,0,2021,12,8,3,3,5,3,1,1,1,0,0,0,0,"364069,154","5648653,517",7.063854282,50.97341924,2,"5,21E+18"
35756,5,3,15,0,2021,6,8,3,3,5,5,0,0,1,0,0,0,0,"366748,8418","5635868,979",7.106669989,50.85914186,0,"5,21E+18"
35765,5,3,15,0,2021,7,15,7,3,4,6,0,0,1,0,0,0,0,"362296,964","5643897,224",7.040426604,50.93025199,0,"5,21E+18"
35771,5,3,15,0,2021,3,14,2,3,2,6,0,0,1,0,0,1,0,"363496,5779","5646209,439",7.056620682,50.95131796,0,"5,21E+18"
35775,5,3,15,0,2021,10,16,1,2,5,3,0,1,0,0,0,0,0,"361679,4784","5644724,297",7.031331142,50.93753738,0,"5,21E+18"
35776,5,3,15,0,2021,11,6,3,3,1,5,2,0,0,0,1,1,0,"361125,8397","5643204,929",7.024035259,50.92374938,0,"5,21E+18"
35777,5,3,15,0,2021,6,7,3,2,2,6,0,0,1,0,0,1,0,"368174,0332","5641048,181",7.125040522,50.9060185,0,"5,21E+18"
35787,5,3,15,0,2021,12,12,3,3,3,3,0,1,1,0,0,0,0,"360438,5062","5644441,202",7.013788529,50.93469416,0,"5,21E+18"
35789,5,3,15,0,2021,2,13,2,3,5,3,0,1,1,0,0,0,0,"359954,4494","5647762,371",7.005626595,50.96442458,0,"5,21E+18"
35793,5,3,15,0,2021,2,10,3,3,5,2,0,1,1,0,0,0,0,"359502,978","5644797,933",7.000345375,50.93767299,1,"5,21E+18"
35795,5,3,15,0,2021,9,20,6,3,6,4,2,0,1,1,0,0,0,"365136,9947","5637776,535",7.083078053,50.87591267,0,"5,21E+18"
35801,5,3,15,0,2021,2,16,5,3,5,3,0,1,1,0,0,0,0,"358963,371","5644686,769",6.992713358,50.93654223,0,"5,21E+18"
35803,5,3,15,0,2021,6,8,2,2,3,3,0,0,1,0,0,1,1,"363224,1465","5643883,027",7.05361797,50.93034499,0,"5,21E+18"
35808,5,3,15,0,2021,5,9,2,3,3,6,0,0,1,0,0,1,0,"364807,5602","5642589,433",7.07661663,50.91909206,0,"5,21E+18"
35813,5,3,15,0,2021,6,11,6,3,2,6,0,0,1,0,0,0,1,"362509,2496","5645038,971",7.043014853,50.9405639,0,"5,21E+18"
35829,5,3,15,0,2021,11,17,7,2,6,2,2,0,1,1,0,0,0,"366606,6966","5635870,542",7.104650897,50.85912313,0,"5,21E+18"
35830,5,3,15,0,2021,10,11,2,2,2,6,0,0,1,0,0,0,1,"365826,323","5642507,884",7.091131939,50.91859692,0,"5,21E+18"
35833,5,3,15,0,2021,7,15,5,3,0,3,0,1,1,0,0,0,0,"366818,11","5636646,627",7.107370592,50.86614716,1,"5,21E+18"
35839,5,3,15,0,2021,5,14,7,3,2,6,0,0,1,0,0,0,0,"358480,7537","5636973,345",6.988838876,50.86710269,0,"5,21E+18"
35844,5,3,15,0,2021,12,12,2,2,3,6,0,0,1,0,0,1,0,"363035,8548","5644189,085",7.050825142,50.93305098,0,"5,21E+18"
35845,5,3,15,0,2021,1,8,2,3,9,6,0,0,1,0,0,0,0,"360784,8924","5649837,971",7.016650559,50.98327959,0,"5,21E+18"
35864,5,3,15,0,2021,2,6,3,3,3,6,2,0,1,0,0,1,0,"359115,4376","5641124,21",6.996252367,50.90456227,1,"5,21E+18"
35868,5,3,15,0,2021,9,18,4,3,5,2,0,0,1,0,0,0,1,"365511,7194","5635761,895",7.089141792,50.85789302,0,"5,21E+18"
35871,5,3,15,0,2021,2,21,4,2,2,1,2,0,1,0,1,0,0,"359604,405","5650306,766",6.999662356,50.987206,0,"5,21E+18"
35881,5,3,15,0,2021,3,15,7,2,2,6,0,0,1,0,0,0,0,"361257,513","5646136,006",7.024791517,50.95012338,0,"5,21E+18"
35882,5,3,15,0,2021,12,7,2,3,5,3,2,1,1,0,0,0,0,"360609,0807","5646330,028",7.015491731,50.95171065,1,"5,21E+18"
35908,5,3,15,0,2021,4,20,3,3,5,7,2,1,1,0,0,0,0,"361558,2878","5647909,374",7.028396194,50.96613338,1,"5,21E+18"
35914,5,3,15,0,2021,6,8,3,3,2,6,0,0,0,0,0,1,0,"366197,037","5642359,873",7.096457207,50.91735272,0,"5,21E+18"
35920,5,3,15,0,2021,5,11,5,3,0,3,0,1,1,0,0,0,0,"359182,59","5644764,225",6.995801389,50.9372919,0,"5,21E+18"
35934,5,3,15,0,2021,10,14,4,3,2,6,0,0,1,0,0,0,0,"358617,9835","5636993,635",6.990779956,50.86731862,0,"5,21E+18"
35952,5,3,15,0,2021,6,11,5,3,2,6,0,0,1,0,0,0,0,"366925,44","5642126,578",7.106898844,50.91542437,1,"5,21E+18"
35970,5,3,15,0,2021,2,12,5,3,2,6,0,0,1,0,0,0,0,"362714,2823","5644699,536",7.046059291,50.93756214,0,"5,21E+18"
35971,5,3,15,0,2021,9,12,4,3,1,6,0,0,0,0,0,0,1,"361651,5466","5648525,482",7.029489134,50.97169289,1,"5,21E+18"
35980,5,3,15,0,2021,12,8,6,3,9,1,0,0,1,0,0,0,0,"360843,8429","5649117,424",7.017765726,50.97681818,0,"5,21E+18"
35983,5,3,15,0,2021,10,15,2,3,6,4,0,0,1,1,0,0,0,"359983,4253","5647385,165",7.00618413,50.96104164,0,"5,21E+18"
35996,5,3,15,0,2021,3,11,2,3,5,3,0,1,1,0,0,0,0,"359226,9656","5652986,714",6.993249119,51.01119848,0,"5,21E+18"
36047,5,3,15,0,2021,3,16,7,3,2,6,0,0,1,0,0,0,0,"361510,26","5647894,877",7.027718163,50.96599155,0,"5,21E+18"
36048,5,3,15,0,2021,12,21,6,2,0,1,2,0,1,0,0,0,0,"360867,3572","5640986,847",7.021205624,50.9037526,0,"5,21E+18"
36053,5,3,15,0,2021,10,20,3,3,2,6,2,0,1,0,0,0,1,"366063,0622","5635859,096",7.096935275,50.8588946,1,"5,21E+18"
36060,5,3,15,0,2021,4,19,3,3,1,6,0,0,1,0,0,0,0,"362329,3466","5643834,732",7.040910736,50.92969808,0,"5,21E+18"
36066,5,3,15,0,2021,1,21,2,3,8,1,2,0,1,0,0,0,0,"363432,8188","5641296,579",7.057554039,50.90714887,1,"5,21E+18"
36072,5,3,15,0,2021,2,17,4,3,5,3,0,0,1,0,0,0,0,"362921,9873","5643818,668",7.049344973,50.92969485,0,"5,21E+18"
36077,5,3,15,0,2021,12,18,1,3,2,2,2,0,1,0,0,0,0,"364802,2469","5649360,355",7.074026981,50.97994448,0,"5,21E+18"