OBJECTID,ULAND,UREGBEZ,UKREIS,UGEMEINDE,UJAHR,UMONAT,USTUNDE,UWOCHENTAG,UKATEGORIE,UART,UTYP1,ULICHTVERH,IstRad,IstPKW,IstFuss,IstKrad,IstGkfz,IstSonstige,LINREFX,LINREFY,XGCSWGS84,YGCSWGS84,USTRZUSTAND,UIDENTSTLAE
36080,5,3,15,0,2021,10,11,6,3,0,1,0,1,0,0,0,0,0,"364315,378","5643314,325",7.069348885,50.92549151,0,"5,21E+18"
36105,5,3,15,0,2021,5,21,2,3,1,6,2,0,1,0,0,0,0,"365187,1974","5645580,621",7.080908065,50.94606436,0,"5,21E+18"
36108,5,3,15,0,2021,6,13,6,3,0,7,0,1,0,0,0,0,0,"358379,894","5642924,04",6.985099351,50.92055751,0,"5,21E+18"
36121,5,3,15,0,2021,10,14,4,3,0,7,0,0,0,0,0,1,0,"360494,8933","5646666,466",7.013738162,50.95470664,0,"5,21E+18"
36123,5,3,15,0,2021,4,15,3,3,3,2,0,0,1,0,1,1,0,"360035,068","5649150,479",7.006239703,50.97691924,0,"5,21E+18"
36132,5,3,15,0,2021,2,15,1,3,1,5,0,1,1,0,0,0,0,"358566,7677","5639659,002",6.989021426,50.89126013,0,"5,21E+18"
36136,5,3,15,0,2021,1,16,3,3,5,2,0,0,1,0,1,0,0,"362070,64","5651601,917",7.034286781,50.99944203,1,"5,21E+18"
36147,5,3,15,0,2021,3,14,6,3,2,6,0,0,1,0,0,0,0,"359052,5847","5641021,243",6.995398774,50.90362155,0,"5,21E+18"
36156,5,3,15,0,2021,6,5,2,3,5,2,0,0,1,0,0,0,0,"363531,96","5646014,545",7.057197151,50.94957475,0,"5,21E+18"
36160,5,3,15,0,2021,6,10,7,2,2,6,0,0,1,0,0,0,0,"361651,4846","5648525,768",7.029488143,50.97169544,0,"5,21E+18"
36172,5,3,15,0,2021,12,11,4,3,5,3,0,1,1,0,0,0,0,"359954,9552","5647763,593",7.005633324,50.96443569,0,"5,21E+18"
36175,5,3,15,0,2021,9,18,6,3,0,1,0,0,0,0,1,0,0,"369317,9022","5637903,005",7.142425717,50.87800994,0,"5,21E+18"
36178,5,3,15,0,2021,10,14,6,2,2,6,0,0,1,0,0,0,0,"365961,1039","5634020,898",7.096160323,50.84234969,0,"5,21E+18"
36182,5,3,15,0,2021,12,11,3,3,1,6,0,0,1,0,0,0,1,"358575,3655","5638835,048",6.989462494,50.88385725,0,"5,21E+18"
36184,5,3,15,0,2021,10,15,3,2,6,4,0,0,1,1,0,0,0,"362838,9781","5643829,243",7.048160484,50.92977016,0,"5,21E+18"
36187,5,3,15,0,2021,1,13,3,3,5,3,0,0,1,0,0,1,0,"362959,94","5642586,22",7.050347897,50.91862735,1,"5,21E+18"
36188,5,3,15,0,2021,2,17,3,3,0,1,1,1,0,0,0,0,0,"362188,9864","5644107,745",7.038811404,50.93211822,0,"5,21E+18"
36198,5,3,15,0,2021,5,17,2,2,0,7,0,0,0,0,0,0,1,"368031,3327","5641703,382",7.122775135,50.91187472,0,"5,21E+18"
36209,5,3,15,0,2021,7,14,5,3,2,6,0,0,1,0,0,0,0,"360591,0939","5651682,253",7.013183537,50.99980744,0,"5,21E+18"
36214,5,3,15,0,2021,3,20,6,3,9,1,2,1,0,0,0,0,0,"365042,5567","5642998,414",7.079806576,50.92282282,0,"5,21E+18"
36223,5,3,15,0,2021,6,10,6,3,5,2,0,1,1,0,0,0,0,"362977,638","5650841,542",7.047491796,50.99282503,0,"5,21E+18"
36227,5,3,15,0,2021,10,18,6,3,0,5,2,1,1,0,0,0,1,"359731,8865","5644833,779",7.003587449,50.93805086,0,"5,21E+18"
36231,5,3,15,0,2021,1,18,5,2,2,6,2,0,1,0,0,0,0,"364763,292","5645954,221",7.074738563,50.9493228,0,"5,21E+18"
36241,5,3,15,0,2021,10,16,7,3,2,6,0,0,1,0,0,0,0,"359355,831","5638656,131",7.000619447,50.88243981,0,"5,21E+18"
36249,5,3,15,0,2021,4,19,5,3,3,6,0,0,1,0,0,1,0,"362328,3914","5645424,375",7.040296542,50.9439845,0,"5,21E+18"
36252,5,3,15,0,2021,11,13,7,2,5,2,0,0,1,0,0,0,0,"364848,5891","5639532,755",7.078331724,50.89162953,0,"5,21E+18"
36263,5,3,15,0,2021,9,17,6,3,2,2,0,0,1,0,0,0,0,"361443,336","5647376,585",7.026963064,50.96131745,0,"5,21E+18"
36271,5,3,15,0,2021,9,12,3,3,1,6,0,0,1,0,0,0,0,"362285,9362","5645599,283",7.039626452,50.94554631,0,"5,21E+18"
36278,5,3,15,0,2021,12,21,5,3,0,1,2,1,0,0,0,0,0,"359273,2302","5637344,444",6.999950815,50.87063129,1,"5,21E+18"
36280,5,3,15,0,2021,10,10,3,3,5,3,0,1,1,0,0,0,0,"365095,9046","5638464,278",7.082240566,50.88208427,1,"5,21E+18"
36284,5,3,15,0,2021,12,19,2,3,6,2,2,0,1,1,0,0,0,"358957,462","5642277,358",6.993561346,50.91488718,1,"5,21E+18"
36286,5,3,15,0,2021,7,8,5,3,5,3,0,1,1,0,0,0,0,"363026,725","5638035,488",7.053004356,50.8777437,0,"5,21E+18"
36287,5,3,15,0,2021,5,14,3,3,0,3,0,0,1,0,1,0,0,"359586,3225","5650555,785",6.999308644,50.98943954,1,"5,21E+18"
36294,5,3,15,0,2021,9,16,6,3,2,6,0,0,1,0,0,0,0,"363310,0181","5641894,795",7.055584407,50.91249624,1,"5,21E+18"
36298,5,3,15,0,2021,3,7,4,3,3,3,0,0,1,0,0,1,0,"361704,8609","5648186,214",7.030377025,50.96865662,0,"5,21E+18"
36311,5,3,15,0,2021,6,16,5,3,2,6,0,0,1,0,0,0,0,"359873,8314","5647571,334",7.004552845,50.96268811,0,"5,21E+18"
36312,5,3,15,0,2021,5,12,4,3,3,2,0,1,1,0,0,0,0,"366772,1396","5638234,195",7.106139324,50.88040529,0,"5,21E+18"
36322,5,3,15,0,2021,2,11,5,3,5,2,0,1,1,0,0,0,0,"363027,2007","5651177,957",7.048070726,50.99586029,1,"5,21E+18"
36323,5,3,15,0,2021,1,13,4,3,5,3,0,0,1,0,0,0,1,"358945,3156","5644595,653",6.992491826,50.93571894,0,"5,21E+18"
36325,5,3,15,0,2021,6,8,2,3,2,6,0,0,1,0,0,0,0,"362936,8794","5641372,399",7.050475992,50.90771276,0,"5,21E+18"
36331,5,3,15,0,2021,4,20,5,3,2,6,2,0,1,0,0,0,0,"363272,3361","5643725,037",7.054362567,50.92893649,0,"5,21E+18"
36340,5,3,15,0,2021,7,15,5,2,6,4,0,0,1,1,0,0,0,"366170,3571","5638358,527",7.097544372,50.88138368,1,"5,21E+18"
36346,5,3,15,0,2021,2,4,2,2,9,1,2,0,1,0,0,0,0,"359006,3224","5637091,028",6.996257602,50.86828875,0,"5,21E+18"
36348,5,3,15,0,2021,10,19,6,3,2,6,2,0,1,0,0,0,0,"362434,6919","5645233,703",7.041880756,50.94229625,0,"5,21E+18"
36352,5,3,15,0,2021,1,13,5,3,3,6,0,0,1,0,0,1,0,"365028,4904","5642566,293",7.079766479,50.91893581,1,"5,21E+18"
36361,5,3,15,0,2021,9,11,3,3,0,1,0,0,0,0,1,0,0,"362947,5336","5651371,119",7.046863234,50.99757732,0,"5,21E+18"
36369,5,3,15,0,2021,4,11,5,3,6,4,0,0,0,1,0,1,0,"364809,3031","5645491,376",7.07556502,50.94517377,0,"5,21E+18"
36377,5,3,15,0,2021,3,8,6,3,0,2,0,1,1,0,0,0,0,"360491,7301","5644350,685",7.014580166,50.93389353,0,"5,21E+18"
36379,5,3,15,0,2021,6,0,1,3,7,1,2,1,0,0,0,0,0,"359667,215","5633982,752",7.006835311,50.84051463,0,"5,21E+18"
36387,5,3,15,0,2021,6,7,6,3,5,3,0,0,1,0,0,0,1,"359032,563","5642231,977",6.99464655,50.91449768,0,"5,21E+18"
36388,5,3,15,0,2021,10,13,5,3,2,6,0,0,1,0,0,1,0,"361979,753","5646894,571",7.034779601,50.95711421,0,"5,21E+18"
36391,5,3,15,0,2021,12,18,4,3,5,3,2,1,1,0,0,0,0,"361644,8052","5650157,004",7.02877219,50.98635409,0,"5,21E+18"
36433,5,3,15,0,2021,9,8,5,2,0,1,0,1,0,0,0,0,0,"360841,4504","5644286,225",7.01957866,50.93339871,0,"5,21E+18"
36436,5,3,15,0,2021,9,16,2,3,2,6,0,0,1,0,1,0,0,"360043,725","5648154,358",7.006746324,50.96796911,1,"5,21E+18"
36443,5,3,15,0,2021,9,7,6,3,8,1,1,0,1,0,0,0,0,"359123,6081","5646151,312",6.994425994,50.94974335,0,"5,21E+18"
36445,5,3,15,0,2021,12,17,6,3,6,4,1,0,1,1,0,0,0,"362306,0739","5643879,644",7.040562803,50.93009616,1,"5,21E+18"
36451,5,3,15,0,2021,2,9,4,3,4,6,0,1,0,0,0,0,0,"363355,7825","5641801,849",7.056269811,50.91167173,0,"5,21E+18"
36453,5,3,15,0,2021,6,9,4,3,6,4,0,1,0,1,0,0,0,"358480,9981","5640473,605",6.987487087,50.89856005,0,"5,21E+18"
36456,5,3,15,0,2021,11,8,3,3,0,6,0,0,1,0,1,0,0,"358619,9268","5639919,239",6.989676059,50.89361192,0,"5,21E+18"
36463,5,3,15,0,2021,2,6,3,3,2,2,2,0,1,0,0,0,0,"363803,582","5641069,42",7.062909075,50.90519487,2,"5,21E+18"
36470,5,3,15,0,2021,1,13,4,3,2,7,0,0,1,0,0,0,0,"359998,8512","5650639,28",7.005150586,50.9902904,1,"5,21E+18"
36471,5,3,15,0,2021,12,18,6,3,4,2,2,0,1,0,0,0,0,"366946,665","5642149,267",7.107192337,50.91563319,1,"5,21E+18"
36474,5,3,15,0,2021,9,22,4,3,5,2,2,1,1,0,0,0,0,"359503,915","5644801,297",7.000357405,50.93770345,0,"5,21E+18"
36482,5,3,15,0,2021,11,15,1,3,2,6,0,0,1,0,0,0,0,"361998,0362","5648039,844",7.034605382,50.96741146,0,"5,21E+18"
36483,5,3,15,0,2021,9,10,4,3,6,4,0,0,1,1,0,0,0,"363271,8929","5645369,164",7.053739342,50.94371283,0,"5,21E+18"
36485,5,3,15,0,2021,5,22,1,3,5,2,2,0,1,0,0,0,0,"359376,2449","5644789,85",6.998545914,50.93756946,0,"5,21E+18"
36492,5,3,15,0,2021,9,14,5,3,5,3,0,0,1,0,1,0,0,"363225,1503","5638544,19",7.055632787,50.88236266,0,"5,21E+18"
36506,5,3,15,0,2021,9,12,5,3,0,2,0,0,0,0,1,0,1,"360669,4214","5645039,256",7.016844071,50.94012482,0,"5,21E+18"
36515,5,3,15,0,2021,6,22,5,3,5,2,1,1,1,0,0,0,0,"359821,879","5647480,673",7.003848433,50.9618607,0,"5,21E+18"
36521,5,3,15,0,2021,3,7,2,3,1,5,0,1,1,0,0,0,0,"362621,9821","5637049,035",7.047625303,50.86878192,0,"5,21E+18"
36524,5,3,15,0,2021,7,18,3,3,0,1,0,1,0,0,0,0,0,"363155,3194","5645328,045",7.052096446,50.94331562,0,"5,21E+18"
36541,5,3,15,0,2021,11,10,2,3,4,6,0,0,1,0,1,0,0,"363554,2357","5646461,43",7.057346597,50.95359636,0,"5,21E+18"
36546,5,3,15,0,2021,7,13,6,3,2,6,0,0,1,0,0,0,1,"362070,6399","5646570,217",7.036195805,50.95422091,0,"5,21E+18"
36556,5,3,15,0,2021,1,19,1,3,0,1,2,1,0,0,0,0,0,"363396,029","5639861,068",7.057568147,50.89423853,1,"5,21E+18"
36560,5,3,15,0,2021,1,0,7,3,2,6,2,0,1,0,0,0,0,"358679,4461","5640550,897",6.990277407,50.89930328,0,"5,21E+18"
36562,5,3,15,0,2021,11,6,2,3,3,6,2,0,1,0,0,1,0,"362983,4323","5644272,881",7.050048061,50.93379163,0,"5,21E+18"
36567,5,3,15,0,2021,3,16,6,3,3,6,0,0,1,0,0,1,0,"364690,2265","5642622,856",7.074935931,50.91936495,0,"5,21E+18"
36570,5,3,15,0,2021,11,12,3,3,5,3,0,1,1,0,0,0,0,"364170,503","5638485,438",7.069085405,50.88205764,1,"5,21E+18"
36578,5,3,15,0,2021,4,12,3,3,1,6,0,0,1,0,0,0,0,"359712,3555","5644829,676",7.003311228,50.93800924,0,"5,21E+18"
36597,5,3,15,0,2021,6,9,5,3,2,6,0,0,0,0,0,1,1,"362590,6291","5642722,112",7.045045827,50.91976084,0,"5,21E+18"
36598,5,3,15,0,2021,11,12,7,3,5,2,0,0,1,0,0,0,1,"361588,157","5645127,731",7.029878947,50.94114124,1,"5,21E+18"
36608,5,3,15,0,2021,10,15,4,3,3,6,0,0,1,0,0,1,0,"360666,1783","5653264,129",7.013645615,51.01404208,0,"5,21E+18"
36631,5,3,15,0,2021,3,14,5,3,9,6,0,0,1,0,0,0,0,"363250,4016","5639096,803",7.055784754,50.88733525,0,"5,21E+18"
36640,5,3,15,0,2021,12,8,5,3,0,5,1,1,1,0,0,0,0,"359250,624","5638866,736",6.999043708,50.88430693,1,"5,21E+18"
36642,5,3,15,0,2021,6,10,4,3,0,1,0,1,0,0,0,0,0,"366410,684","5636386,221",7.101679189,50.86371269,0,"5,21E+18"
36643,5,3,15,0,2021,9,2,7,3,2,6,2,0,1,0,0,0,0,"365646,9205","5646132,98",7.087244621,50.95113605,0,"5,21E+18"
36665,5,3,15,0,2021,3,10,6,2,0,7,0,0,0,0,0,0,1,"359974,4469","5647785,117",7.005902438,50.96463387,0,"5,21E+18"
36674,5,3,15,0,2021,9,17,7,2,2,6,0,1,0,0,0,0,0,"368694,6975","5638598,088",7.133322531,50.88411601,0,"5,21E+18"
36679,5,3,15,0,2021,10,21,1,3,0,7,2,0,0,0,0,0,1,"361819,6659","5644837,128",7.033282334,50.93858504,1,"5,21E+18"
36689,5,3,15,0,2021,4,16,4,3,2,6,0,0,1,0,0,0,1,"362482,0692","5645131,154",7.042593422,50.9413859,0,"5,21E+18"
36692,5,3,15,0,2021,5,7,4,3,2,6,0,0,0,0,0,1,1,"368068,0463","5641096,535",7.123516458,50.90642889,0,"5,21E+18"
36693,5,3,15,0,2021,9,5,5,2,3,6,2,0,1,0,0,1,0,"361429,611","5649078,344",7.026119391,50.97660822,0,"5,21E+18"
36696,5,3,15,0,2021,6,10,3,2,1,1,0,1,1,0,0,0,0,"359235,4876","5638897,729",6.998816726,50.88458179,0,"5,21E+18"
36705,5,3,15,0,2021,9,7,4,3,2,6,0,0,1,0,0,0,0,"359846,2756","5645855,027",7.004821534,50.94725677,0,"5,21E+18"
36726,5,3,15,0,2021,7,0,3,3,9,6,2,0,1,0,0,0,0,"364061,7324","5640835,428",7.066665587,50.9031527,1,"5,21E+18"
36727,5,3,15,0,2021,12,13,4,2,6,4,0,0,1,1,0,0,0,"363084,8134","5636496,149",7.054405777,50.86392265,0,"5,21E+18"
36729,5,3,15,0,2021,9,17,4,3,0,1,0,0,0,0,0,0,1,"361395,3899","5640651,494",7.028838047,50.90086569,0,"5,21E+18"
36750,5,3,15,0,2021,3,18,5,3,4,2,2,0,1,0,0,0,0,"363475,8354","5640206,495",7.058573131,50.89736193,0,"5,21E+18"
36754,5,3,15,0,2021,1,8,4,3,0,1,0,1,0,0,0,0,0,"358622,7178","5640327,44",6.989557712,50.89728116,1,"5,21E+18"
36755,5,3,15,0,2021,2,14,1,3,1,6,0,0,1,0,0,0,0,"361715,9959","5648131,991",7.030556127,50.96817197,0,"5,21E+18"
36767,5,3,15,0,2021,11,22,5,3,0,7,2,0,0,0,0,0,1,"361491,709","5647030,306",7.027783256,50.95821699,0,"5,21E+18"
36774,5,3,15,0,2021,9,17,7,3,4,6,0,1,0,0,0,0,1,"359637,9778","5647555,276",7.001202584,50.96248639,0,"5,21E+18"
36776,5,3,15,0,2021,6,10,3,3,2,6,0,0,1,0,1,0,0,"365167,28","5636351,392",7.084033603,50.86311102,0,"5,21E+18"
36780,5,3,15,0,2021,6,6,4,2,8,7,0,0,1,0,0,0,0,"359057,0023","5641026,737",6.99545944,50.903672,0,"5,21E+18"
36781,5,3,15,0,2021,4,18,5,3,0,1,0,0,0,0,1,0,0,"362091,09","5648067,466",7.035919328,50.96768199,0,"5,21E+18"
36782,5,3,15,0,2021,11,19,3,3,6,2,1,0,1,1,0,0,0,"362285,677","5643919,006",7.040257857,50.93044505,1,"5,21E+18"
36783,5,3,15,0,2021,12,7,5,3,5,2,0,0,1,0,0,0,0,"359586,376","5650553,89",6.999310139,50.98942252,1,"5,21E+18"
36791,5,3,15,0,2021,7,13,6,2,0,1,0,1,0,0,0,0,0,"358278,4764","5640711,126",6.984516785,50.90064501,0,"5,21E+18"
36792,5,3,15,0,2021,9,10,6,2,0,1,0,0,0,0,1,0,0,"362703,6458","5644690,267",7.045911492,50.9374763,0,"5,21E+18"
36793,5,3,15,0,2021,1,17,6,3,2,6,2,0,1,0,0,0,0,"361626,487","5648551,673",7.029122467,50.97192225,0,"5,21E+18"
36794,5,3,15,0,2021,10,12,3,3,0,1,0,1,0,0,0,0,0,"361090,9398","5645047,351",7.022836824,50.94029927,1,"5,21E+18"
36805,5,3,15,0,2021,12,9,2,3,2,6,0,0,1,0,0,0,0,"360013,0296","5648034,241",7.006355671,50.96688215,0,"5,21E+18"
36811,5,3,15,0,2021,12,17,5,3,2,6,2,0,1,0,0,0,0,"366001,1877","5636729,71",7.09573782,50.86670511,0,"5,21E+18"
36815,5,3,15,0,2021,12,12,6,3,3,2,0,0,1,0,0,0,1,"358573,9564","5638836,941",6.989441742,50.88387392,0,"5,21E+18"
36827,5,3,15,0,2021,1,5,2,2,6,2,2,0,1,1,0,0,0,"359600,015","5650180,787",6.999648527,50.98607276,1,"5,21E+18"
36829,5,3,15,0,2021,6,12,6,3,3,2,0,0,1,0,1,0,0,"363237,4506","5639130,571",7.055588101,50.88763567,0,"5,21E+18"
36844,5,3,15,0,2021,12,11,3,3,2,6,0,0,1,0,0,0,0,"360514,4704","5650687,223",7.012474397,50.99084645,0,"5,21E+18"
36861,5,3,15,0,2021,7,17,6,3,1,1,0,0,1,0,1,0,0,"361820,2235","5647987,4",7.03209453,50.96689751,0,"5,21E+18"
36862,5,3,15,0,2021,2,8,5,3,6,4,0,0,1,1,0,0,0,"363024,7084","5639335,716",7.052488414,50.889429,0,"5,21E+18"
36867,5,3,15,0,2021,9,15,1,3,0,7,0,0,0,1,0,0,1,"364085,7128","5643411,309",7.066046824,50.92630909,0,"5,21E+18"
36868,5,3,15,0,2021,1,10,2,3,2,6,0,0,1,0,0,0,0,"363235,468","5643841,954",7.053794391,50.92997854,0,"5,21E+18"
36871,5,3,15,0,2021,4,12,4,3,4,2,0,0,1,0,0,0,0,"361463,4579","5645403,96",7.028000078,50.94359383,0,"5,21E+18"
36872,5,3,15,0,2021,7,10,2,2,6,4,0,0,1,1,0,0,0,"360968,6476","5645049,053",7.021096636,50.9402851,0,"5,21E+18"
36883,5,3,15,0,2021,7,12,4,3,2,6,0,0,1,0,0,0,1,"362131,6853","5646280,837",7.037174,50.95163477,0,"5,21E+18"
36885,5,3,15,0,2021,3,11,7,3,5,2,0,0,1,0,0,0,0,"366463,43","5640385,399",7.10096725,50.89966846,0,"5,21E+18"
36895,5,3,15,0,2021,11,18,4,3,2,6,2,0,1,0,0,0,0,"360597,6415","5643031,348",7.016590974,50.92206197,1,"5,21E+18"
36898,5,3,15,0,2021,6,7,4,3,5,7,0,0,1,0,1,0,1,"359821,879","5647480,673",7.003848433,50.9618607,0,"5,21E+18"
36909,5,3,15,0,2021,12,7,6,3,0,1,1,0,0,0,1,0,0,"358717,0889","5645754,505",6.98879638,50.94607774,1,"5,21E+18"
36916,5,3,15,0,2021,9,10,5,3,4,5,0,1,1,0,0,1,0,"364568,5088","5638372,153",7.0747819,50.88113291,0,"5,21E+18"
36922,5,3,15,0,2021,4,14,3,3,6,4,0,0,0,1,0,0,1,"361496,2962","5647011,446",7.02785571,50.95804859,0,"5,21E+18"
36926,5,3,15,0,2021,6,11,3,3,1,5,0,1,1,0,0,0,0,"359651,5234","5644816,944",7.002450882,50.93788002,0,"5,21E+18"
36928,5,3,15,0,2021,5,8,2,2,9,1,0,0,1,0,0,0,0,"359530,1979","5641814,999",7.001881646,50.91087157,0,"5,21E+18"
36930,5,3,15,0,2021,1,2,7,3,3,7,2,0,1,0,0,0,1,"365155,5097","5636439,977",7.083833802,50.86390445,1,"5,21E+18"
36934,5,3,15,0,2021,11,7,3,2,7,1,2,1,0,0,0,0,0,"359293,1085","5647733,334",6.996225888,50.96400248,0,"5,21E+18"
36935,5,3,15,0,2021,12,13,1,3,2,7,0,0,1,0,0,0,0,"361959,5511","5641815,599",7.036415968,50.91146307,1,"5,21E+18"
36937,5,3,15,0,2021,10,15,4,3,2,6,0,0,1,0,0,0,0,"366502,378","5638243,602",7.102303418,50.88042757,0,"5,21E+18"
36948,5,3,15,0,2021,12,11,6,3,2,2,0,0,1,0,0,0,1,"361678,425","5644722,315",7.031316911,50.93751932,1,"5,21E+18"
36954,5,3,15,0,2021,10,12,3,2,6,4,0,0,0,1,1,0,0,"364757,6558","5649336,971",7.073400839,50.97972384,0,"5,21E+18"
36960,5,3,15,0,2021,3,11,4,3,5,2,0,0,1,0,0,0,0,"362237,3019","5644012,363",7.039534603,50.93127253,0,"5,21E+18"
36967,5,3,15,0,2021,12,14,4,3,0,7,0,1,1,0,0,0,0,"359609,351","5646971,579",7.001020381,50.95723368,0,"5,21E+18"
36973,5,3,15,0,2021,11,7,2,2,6,2,1,0,1,1,0,0,0,"359081,3981","5644744,981",6.994369551,50.93709423,0,"5,21E+18"
36975,5,3,15,0,2021,12,10,5,3,5,3,0,1,1,0,0,0,0,"363027,3182","5638036,909",7.05301225,50.87775662,0,"5,21E+18"
36976,5,3,15,0,2021,2,18,4,2,5,2,2,0,1,0,0,0,0,"359586,376","5650553,89",6.999310139,50.98942252,0,"5,21E+18"
36977,5,3,15,0,2021,1,15,6,2,4,6,1,0,1,0,0,0,0,"366408,6493","5641470,819",7.099791451,50.90941122,1,"5,21E+18"
36990,5,3,15,0,2021,12,22,6,3,0,3,2,1,1,0,0,0,0,"361450,6874","5646003,302",7.027590398,50.94897721,1,"5,21E+18"
36996,5,3,15,0,2021,7,15,3,3,0,4,0,1,0,1,0,0,0,"360804,5741","5646117,187",7.018354562,50.94984505,0,"5,21E+18"
36999,5,3,15,0,2021,6,14,3,3,5,3,0,1,1,0,0,0,0,"359954,0987","5647761,523",7.005621931,50.96441688,0,"5,21E+18"
37016,5,3,15,0,2021,9,19,2,3,0,2,0,1,1,0,0,0,0,"365301,543","5635711,396",7.086175893,50.85739023,0,"5,21E+18"
37029,5,3,15,0,2021,10,18,4,3,1,5,2,1,1,0,0,0,0,"359592,0713","5644807,072",7.001609068,50.93777682,1,"5,21E+18"
37031,5,3,15,0,2021,1,13,4,3,5,3,0,0,1,0,0,0,0,"365228,3354","5635613,975",7.085172233,50.85649758,1,"5,21E+18"
37038,5,3,15,0,2021,3,11,6,2,4,2,0,0,1,0,0,0,0,"367860,1253","5645360,043",7.119015706,50.94470076,0,"5,21E+18"
37039,5,3,15,0,2021,3,21,4,3,6,4,2,0,1,1,0,0,0,"359821,879","5647480,673",7.003848433,50.9618607,0,"5,21E+18"
37043,5,3,15,0,2021,4,15,7,3,5,3,0,0,1,0,1,0,0,"369207,3536","5638009,089",7.140817261,50.87893841,0,"5,21E+18"
37045,5,3,15,0,2021,11,10,6,3,6,2,0,0,1,1,0,0,0,"365861,878","5635837,457",7.094086336,50.85865348,1,"5,21E+18"
37052,5,3,15,0,2021,2,13,6,3,2,6,0,0,1,0,0,0,0,"358702,2244","5637012,646",6.991968998,50.86751007,0,"5,21E+18"
37055,5,3,15,0,2021,3,12,7,3,5,2,0,1,1,0,0,0,0,"361281,42","5647829,114",7.024486318,50.96534546,0,"5,21E+18"
37061,5,3,15,0,2021,7,15,5,3,2,6,0,0,1,0,0,0,0,"363144,2824","5639219,771",7.054230896,50.88841529,1,"5,21E+18"
37064,5,3,15,0,2021,6,18,1,2,0,7,0,0,1,0,0,0,0,"361498,085","5647005,797",7.027883314,50.95799826,0,"5,21E+18"
37069,5,3,15,0,2021,11,11,2,3,8,1,0,1,0,0,0,0,0,"359355,831","5638656,131",7.000619447,50.88243981,1,"5,21E+18"
37071,5,3,15,0,2021,12,8,4,3,4,6,0,0,1,0,0,0,0,"365470,5618","5649562,041",7.083467164,50.98191366,1,"5,21E+18"
37090,5,3,15,0,2021,12,17,7,3,2,6,2,0,1,0,0,0,0,"361181,9631","5646105,816",7.023728145,50.94983387,1,"5,21E+18"
37092,5,3,15,0,2021,10,12,3,3,6,1,0,0,0,1,0,0,1,"360185,6469","5644948,313",7.009997622,50.9391904,0,"5,21E+18"
37102,5,3,15,0,2021,4,16,5,3,1,5,0,1,1,0,0,0,0,"359976,0828","5647817,2",7.005913372,50.96492259,0,"5,21E+18"
37112,5,3,15,0,2021,7,17,5,3,5,7,0,0,1,0,0,0,0,"362083,5351","5648065,208",7.035812657,50.96765989,0,"5,21E+18"
37114,5,3,15,0,2021,5,16,2,3,2,6,0,0,1,0,0,0,0,"362238,7812","5643842,032",7.039620015,50.92974206,0,"5,21E+18"
37127,5,3,15,0,2021,1,14,5,3,2,6,0,0,0,0,0,1,0,"361168,5168","5649378,409",7.022287977,50.97924206,0,"5,21E+18"
47844,5,3,15,0,2021,8,20,6,3,5,3,0,0,1,0,0,0,0,"356196,8885","5644615,385",6.953394501,50.9352175,1,"5,21E+18"
47847,5,3,15,0,2021,5,9,5,3,6,2,0,0,0,1,0,0,1,"355125,369","5641337,745",6.939457075,50.90549383,0,"5,21E+18"
47856,5,3,15,0,2021,7,10,2,3,5,3,0,1,0,0,0,0,1,"355303,0593","5646688,929",6.939858526,50.95362839,0,"5,21E+18"
47863,5,3,15,0,2021,7,18,7,3,5,3,0,0,1,0,0,0,1,"355309,3437","5643909,581",6.941051846,50.92865259,0,"5,21E+18"
47875,5,3,15,0,2021,8,16,2,3,2,2,0,0,1,0,0,0,0,"361582,753","5640481,241",7.031565484,50.89938051,0,"5,21E+18"
47878,5,3,15,0,2021,7,12,4,3,5,3,0,1,1,0,0,0,0,"357881,543","5643513,888",6.977783895,50.92573595,0,"5,21E+18"
47884,5,3,15,0,2021,8,13,3,3,6,4,0,0,1,1,0,0,0,"360108,8007","5647236,163",7.008025584,50.959733,0,"5,21E+18"
47890,5,3,15,0,2021,8,14,7,3,0,1,0,1,0,0,0,0,0,"356862,0599","5645034,624",6.962690115,50.93915064,0,"5,21E+18"
47902,5,3,15,0,2021,7,17,1,3,9,1,0,0,0,0,1,0,0,"360487,7351","5646530,273",7.013688506,50.95348093,0,"5,21E+18"
47907,5,3,15,0,2021,8,18,3,3,0,6,0,0,1,0,0,0,0,"352735,2188","5650675,063",6.901710401,50.98879944,0,"5,21E+18"
47919,5,3,15,0,2021,10,14,1,2,5,3,0,1,1,0,0,0,0,"364809,1267","5645491,438",7.075562487,50.94517429,0,"5,21E+18"
47930,5,3,15,0,2021,6,14,7,3,0,7,0,0,1,0,0,0,0,"356325,613","5647727,039",6.95399748,50.96321352,0,"5,21E+18"
47937,5,3,15,0,2021,4,16,2,3,2,6,0,0,1,0,0,0,1,"358149,444","5639341,298",6.98321495,50.88830256,0,"5,21E+18"
47941,5,3,15,0,2021,7,10,5,3,2,6,0,0,1,0,0,1,0,"350150,7406","5642784,498",6.868160623,50.9172252,0,"5,21E+18"
47948,5,3,15,0,2021,7,7,5,3,2,1,0,0,1,0,0,0,0,"362070,4729","5646571,009",7.036193128,50.95422798,0,"5,21E+18"
47955,5,3,15,0,2021,8,15,1,3,5,3,0,1,1,0,0,0,0,"362550,747","5637209,104",7.046553411,50.87020359,0,"5,21E+18"
47960,5,3,15,0,2021,8,9,4,2,5,3,0,1,0,0,0,1,0,"361514,948","5651472,758",7.026421563,50.99814778,0,"5,21E+18"