OBJECTID,ULAND,UREGBEZ,UKREIS,UGEMEINDE,UJAHR,UMONAT,USTUNDE,UWOCHENTAG,UKATEGORIE,UART,UTYP1,ULICHTVERH,IstRad,IstPKW,IstFuss,IstKrad,IstGkfz,IstSonstige,LINREFX,LINREFY,XGCSWGS84,YGCSWGS84,USTRZUSTAND,UIDENTSTLAE
47961,5,3,15,0,2021,8,14,7,3,0,1,0,0,1,1,0,0,0,"351198,743","5645042,487",6.882137583,50.93778772,0,"5,21E+18"
47965,5,3,15,0,2021,8,15,3,3,9,1,0,0,1,0,0,0,0,"361133,7424","5643185,073",7.024155192,50.92357282,0,"5,21E+18"
47970,5,3,15,0,2021,8,17,2,2,0,7,0,0,0,1,0,0,1,"354008,8762","5646841,693",6.921384071,50.95467486,0,"5,21E+18"
47976,5,3,15,0,2021,8,11,7,3,3,2,0,0,1,0,0,0,1,"357906,829","5644580,006",6.977727861,50.93532339,0,"5,21E+18"
47979,5,3,15,0,2021,8,13,5,3,9,1,0,0,1,0,0,0,0,"360733,827","5642863,816",7.018591348,50.92058922,1,"5,21E+18"
47986,5,3,15,0,2021,7,15,7,3,0,1,0,0,1,0,0,0,1,"353435,992","5646603,719",6.913328952,50.95239087,0,"5,21E+18"
47990,5,3,15,0,2021,8,21,7,3,0,1,2,0,0,0,1,0,0,"360653,6788","5648975,415",7.015113066,50.97549594,1,"5,21E+18"
48020,5,3,15,0,2021,7,17,6,3,3,6,0,0,1,0,0,1,0,"362604,2307","5644862,963",7.04443231,50.9390047,0,"5,21E+18"
48025,5,3,15,0,2021,8,12,6,3,0,1,0,0,0,0,1,0,0,"358800,1069","5642431,829",6.991264532,50.91623695,1,"5,21E+18"
48032,5,3,15,0,2021,7,17,6,3,3,6,0,1,1,0,0,0,0,"360315,5702","5646993,277",7.011061197,50.95760031,0,"5,21E+18"
48049,5,3,15,0,2021,4,16,2,3,5,3,0,1,1,0,0,0,0,"360951,4862","5645934,582",7.020514461,50.9482394,0,"5,21E+18"
48052,5,3,15,0,2021,8,9,4,3,2,6,0,0,1,0,0,1,0,"357106,1316","5636583,962",6.969468939,50.86326515,1,"5,21E+18"
48055,5,3,15,0,2021,8,17,3,3,0,6,0,0,1,0,0,0,0,"356826,3148","5643903,706",6.962625985,50.92897831,1,"5,21E+18"
48065,5,3,15,0,2021,8,14,5,3,2,6,0,0,1,0,0,1,0,"351025,9472","5642118,304",6.880874684,50.91146506,0,"5,21E+18"
48073,5,3,15,0,2021,7,18,4,2,5,2,0,1,1,0,0,0,0,"353980,58","5646090,738",6.921282652,50.94791912,1,"5,21E+18"
48077,5,3,15,0,2021,8,9,6,3,0,2,0,1,1,0,0,0,0,"348926,107","5648591,739",6.848342846,50.96909122,0,"5,21E+18"
48078,5,3,15,0,2021,7,18,5,3,0,1,0,1,0,0,0,0,0,"354285,7207","5644192,492",6.926382764,50.93093737,0,"5,21E+18"
48088,5,3,15,0,2021,8,16,6,3,0,6,0,0,1,0,0,0,0,"362479,7905","5645136,092",7.042559143,50.94142974,0,"5,21E+18"
48089,5,3,15,0,2021,8,2,3,3,9,1,2,0,1,0,0,0,0,"357054,7185","5639777,458",6.967490276,50.89195248,0,"5,21E+18"
48107,5,3,15,0,2021,7,20,5,3,5,3,0,0,1,0,1,0,0,"353209,276","5645205,334",6.910667059,50.93976645,1,"5,21E+18"
48108,5,3,15,0,2021,8,17,2,3,8,7,0,0,1,0,1,0,0,"366810,6547","5638084,894",7.106740901,50.87907228,0,"5,21E+18"
48124,5,3,15,0,2021,8,16,2,3,0,7,0,1,0,0,0,0,0,"353972,1342","5644829,852",6.921667962,50.93658581,0,"5,21E+18"
48139,5,3,15,0,2021,7,10,3,1,5,3,0,1,1,0,0,0,0,"361634,2647","5635371,57",7.034231203,50.85347026,0,"5,21E+18"
48141,5,3,15,0,2021,8,18,4,3,5,2,0,0,1,0,0,0,0,"349077,5323","5649600,814",6.850079067,50.97819867,0,"5,21E+18"
48142,5,3,15,0,2021,8,3,7,3,0,1,2,0,0,0,0,0,1,"354890,8632","5644373,972",6.934916127,50.93272084,0,"5,21E+18"
48153,5,3,15,0,2021,6,12,7,3,0,4,0,1,0,1,0,0,0,"354312,637","5645860,685",6.926098499,50.94593572,0,"5,21E+18"
48154,5,3,15,0,2021,7,21,5,2,8,1,1,0,1,0,0,0,0,"365285,8681","5640236,445",7.084285973,50.89805619,0,"5,21E+18"
48157,5,3,15,0,2021,8,22,7,3,0,1,2,1,0,0,0,0,0,"363956,8365","5643464,778",7.064194182,50.92675927,0,"5,21E+18"
48163,5,3,15,0,2021,8,10,1,3,5,2,0,0,1,0,0,0,0,"356435,821","5647024,469",6.955843009,50.95692712,0,"5,21E+18"
48169,5,3,15,0,2021,8,21,2,3,0,1,1,0,0,0,0,0,1,"360297,6695","5644700,926",7.011685887,50.93699424,1,"5,21E+18"
48176,5,3,15,0,2021,8,17,2,3,2,6,0,0,1,0,0,0,0,"362356,4391","5645409,367",7.040701212,50.94385632,0,"5,21E+18"
48179,5,3,15,0,2021,7,16,2,3,0,6,0,0,1,0,0,1,0,"356898,6616","5634395,021",6.967378327,50.84354169,0,"5,21E+18"
48180,5,3,15,0,2021,8,19,6,3,3,6,0,1,0,0,0,0,1,"357150,0874","5643052,266",6.967563766,50.92140672,0,"5,21E+18"
48193,5,3,15,0,2021,7,14,5,3,2,6,0,0,1,0,0,0,0,"358243,1924","5644786,672",6.982431415,50.93726348,0,"5,21E+18"
48198,5,3,15,0,2021,7,12,7,3,3,6,0,0,1,0,0,0,0,"349911,3528","5642965,511",6.864683006,50.91878964,0,"5,21E+18"
48209,5,3,15,0,2021,8,17,3,3,5,3,0,1,0,0,0,0,1,"357472,7422","5644755,754",6.971485324,50.93679571,0,"5,21E+18"
48213,5,3,15,0,2021,5,17,5,2,3,6,0,0,1,0,0,0,0,"362644,5832","5641409,917",7.046306963,50.90798046,0,"5,21E+18"
48222,5,3,15,0,2021,7,13,5,3,2,6,0,0,1,0,0,0,0,"357918,3069","5646610,647",6.977098961,50.95357554,0,"5,21E+18"
48223,5,3,15,0,2021,8,17,7,3,5,2,0,1,1,0,0,0,0,"355125,369","5641337,745",6.939457075,50.90549383,0,"5,21E+18"
48228,5,3,15,0,2021,8,14,1,3,5,2,0,1,0,0,0,0,1,"353549,544","5648801,451",6.914059898,50.97216987,0,"5,21E+18"
48229,5,3,15,0,2021,1,6,5,3,6,7,2,0,0,1,0,0,1,"355746,846","5644060,411",6.94721354,50.93011765,1,"5,21E+18"
48240,5,3,15,0,2021,8,8,3,3,2,6,0,0,1,0,0,0,0,"354488,412","5645768,777",6.928635677,50.94515416,0,"5,21E+18"
48244,5,3,15,0,2021,8,10,3,3,5,7,0,0,1,0,0,0,1,"357872,4588","5643551,877",6.977639913,50.92607512,0,"5,21E+18"
48250,5,3,15,0,2021,8,7,3,3,5,3,0,1,1,0,0,0,0,"347544,03","5647336,79",6.829199623,50.95745,0,"5,21E+18"
48256,5,3,15,0,2021,8,7,3,3,3,2,0,0,1,0,0,0,1,"354918,825","5644673,969",6.935194355,50.93542387,0,"5,21E+18"
48273,5,3,15,0,2021,4,10,2,2,0,3,0,0,0,0,1,0,1,"361976,7502","5644016,089",7.035827675,50.93124373,0,"5,21E+18"
48283,5,3,15,0,2021,8,14,7,3,2,6,0,0,1,0,0,0,0,"351079,5751","5652831,175",6.87725305,51.00774902,0,"5,21E+18"
48301,5,3,15,0,2021,8,14,2,2,8,1,0,0,1,0,0,0,0,"362108,4384","5636709,82",7.040459388,50.86561096,0,"5,21E+18"
48304,5,3,15,0,2021,8,17,3,3,1,6,0,0,1,0,0,0,0,"364366,245","5641545,028",7.070730103,50.90960188,1,"5,21E+18"
48312,5,3,15,0,2021,8,22,1,2,0,1,2,1,0,0,0,0,0,"354964,849","5645432,878",6.935546815,50.94225558,0,"5,21E+18"
48317,5,3,15,0,2021,8,16,2,3,2,6,0,0,1,0,0,0,0,"364468,315","5649182,588",7.069339087,50.9782683,0,"5,21E+18"
48327,5,3,15,0,2021,8,7,1,2,9,1,0,0,1,0,0,0,0,"355898,357","5651223,599",6.946531191,50.99452955,1,"5,21E+18"
48328,5,3,15,0,2021,8,7,4,3,0,1,0,0,0,0,1,0,0,"358008,899","5645047,424",6.978997407,50.93954921,1,"5,21E+18"
48332,5,3,15,0,2021,8,17,3,3,5,3,0,1,0,0,0,0,1,"354515,447","5643607,491",6.929883104,50.92573811,0,"5,21E+18"
48337,5,3,15,0,2021,8,1,7,3,0,1,2,1,0,0,0,0,0,"353923,739","5646744,671",6.920211678,50.95378138,0,"5,21E+18"
48343,5,3,15,0,2021,8,10,6,3,0,3,0,1,0,0,0,0,1,"353376,713","5644867,705",6.913184436,50.9367749,0,"5,21E+18"
48354,5,3,15,0,2021,7,12,2,3,6,5,0,0,1,1,0,0,0,"353822,8402","5646571,547",6.918845641,50.9522,0,"5,21E+18"
48370,5,3,15,0,2021,7,13,7,3,9,7,0,0,0,0,0,0,1,"364861,845","5639504,124",7.078530683,50.89137531,0,"5,21E+18"
48374,5,3,15,0,2021,7,22,6,3,6,4,2,1,0,1,0,0,0,"356289,751","5648106,696",6.953337159,50.96661649,0,"5,21E+18"
48375,5,3,15,0,2021,8,13,2,3,2,6,0,0,1,0,0,0,0,"353229,419","5643518,922",6.911632649,50.92461643,0,"5,21E+18"
48387,5,3,15,0,2021,7,17,1,3,5,3,0,1,0,0,0,0,1,"355219,722","5644982,933",6.939351018,50.93827608,0,"5,21E+18"
48400,5,3,15,0,2021,8,21,2,3,0,1,2,0,1,0,0,0,0,"365829,8787","5642856,45",7.091054268,50.92173052,0,"5,21E+18"
48406,5,3,15,0,2021,7,19,7,3,1,5,0,1,1,0,0,0,0,"356350,7798","5647474,357",6.954455382,50.96094899,0,"5,21E+18"
48425,5,3,15,0,2021,8,14,5,3,5,3,0,1,1,0,0,0,0,"353923,739","5646744,671",6.920211678,50.95378138,0,"5,21E+18"
48431,5,3,15,0,2021,4,9,5,3,3,6,0,1,0,0,0,0,0,"354960,901","5644670,608",6.935794106,50.93540426,0,"5,21E+18"
48434,5,3,15,0,2021,8,23,6,3,0,6,2,0,1,0,1,0,0,"365067,7344","5641690,666",7.080648318,50.91107522,1,"5,21E+18"
48457,5,3,15,0,2021,8,17,2,3,5,3,0,0,1,0,0,0,1,"356857,459","5645327,249",6.962509697,50.94177929,0,"5,21E+18"
48458,5,3,15,0,2021,8,18,3,3,5,3,0,1,1,0,0,0,0,"355679,5794",5639971,6.947874332,50.89334986,0,"5,21E+18"
48462,5,3,15,0,2021,8,16,1,3,6,7,0,0,0,1,0,0,1,"356613,5769",5643047,6.95993765,50.92122632,0,"5,21E+18"
48468,5,3,15,0,2021,8,11,4,3,0,6,0,0,1,0,0,0,0,"359941,0875","5647729,881",7.005448941,50.96412935,0,"5,21E+18"
48474,5,3,15,0,2021,6,20,1,3,5,2,0,0,1,0,0,0,1,"353220,1312","5645224,13",6.910813882,50.93993813,0,"5,21E+18"
48480,5,3,15,0,2021,8,18,5,3,0,3,0,0,1,0,1,0,0,"360961,721","5642877,633",7.021826375,50.92076835,0,"5,21E+18"
48487,5,3,15,0,2021,8,11,3,3,2,6,0,0,1,0,0,1,0,"360355,9144","5646945,681",7.011653543,50.95718233,0,"5,21E+18"
48491,5,3,15,0,2021,8,18,6,3,2,6,0,0,1,0,1,0,0,"365121,537","5649721,724",7.078438612,50.98326715,0,"5,21E+18"
48492,5,3,15,0,2021,7,13,5,3,3,6,0,1,1,0,0,0,0,"356479,7234","5644616,602",6.95741659,50.93529889,0,"5,21E+18"
48495,5,3,15,0,2021,7,10,3,2,9,7,0,0,1,0,0,0,0,"354067,9245","5642094,668",6.924124965,50.91202977,0,"5,21E+18"
48501,5,3,15,0,2021,8,18,6,3,2,6,0,0,1,0,0,0,0,"360582,9119","5654173,842",7.012109636,51.02219754,0,"5,21E+18"
48503,5,3,15,0,2021,8,21,7,3,5,2,2,1,1,0,0,0,0,"353908,79","5646141,29",6.920241096,50.94835522,0,"5,21E+18"
48504,5,3,15,0,2021,8,8,2,2,5,2,0,1,1,0,0,0,0,"353689,312","5641627,103",6.91893047,50.90773205,0,"5,21E+18"
48507,5,3,15,0,2021,7,21,5,2,8,1,1,0,0,0,1,0,0,"366858,0254","5635671,873",7.108292147,50.85739546,0,"5,21E+18"
48510,5,3,15,0,2021,8,12,6,3,0,3,0,1,1,0,0,0,0,"356575,5104","5647103,079",6.957799665,50.95766836,0,"5,21E+18"
48516,5,3,15,0,2021,8,7,3,3,5,3,0,1,0,0,0,1,0,"355890,406","5644647,446",6.94902295,50.93542912,0,"5,21E+18"
48527,5,3,15,0,2021,6,12,1,3,0,1,0,1,0,0,0,0,0,"360906,4274","5646016,909",7.019841968,50.94896842,0,"5,21E+18"
48530,5,3,15,0,2021,8,19,1,3,2,6,0,0,1,0,0,0,0,"357106,1316","5636583,962",6.969468939,50.86326515,0,"5,21E+18"
48533,5,3,15,0,2021,8,23,5,3,0,1,2,0,0,0,0,0,1,"355090,049","5644188,799",6.937822444,50.93110681,0,"5,21E+18"
48548,5,3,15,0,2021,8,21,2,2,5,3,2,0,1,0,1,0,0,"366262,85","5633713,39",7.100555947,50.83965569,0,"5,21E+18"
48549,5,3,15,0,2021,7,18,5,3,5,3,0,0,1,0,1,0,0,"353159,2851","5643946,783",6.910463118,50.92844361,0,"5,21E+18"
48561,5,3,15,0,2021,8,3,2,3,0,5,2,1,0,1,0,0,0,"355241,6624","5645084,627",6.939622674,50.93919549,0,"5,21E+18"
48572,5,3,15,0,2021,7,14,6,3,1,6,0,0,1,0,0,0,0,"357853,9045","5646658,928",6.976163784,50.95399356,0,"5,21E+18"
48578,5,3,15,0,2021,8,22,5,2,8,1,2,0,1,0,0,0,0,"357342,9746","5644747,441",6.969642905,50.93668891,0,"5,21E+18"
48591,5,3,15,0,2021,7,14,2,3,2,7,0,0,1,0,0,0,0,"365741,8003","5639587,019",7.091004465,50.89232556,0,"5,21E+18"
48596,5,3,15,0,2021,8,12,7,3,0,1,0,1,0,0,0,0,0,"353524,1345","5644160,838",6.915565221,50.93046001,1,"5,21E+18"
48606,5,3,15,0,2021,6,7,5,3,3,2,0,1,0,0,0,0,1,"348814,9816","5645152,61",6.84818961,50.93815729,0,"5,21E+18"
48615,5,3,15,0,2021,7,9,2,3,2,6,0,0,1,0,0,0,1,"355878,5905","5646807,064",6.948000325,50.95483425,0,"5,21E+18"
48618,5,3,15,0,2021,8,11,5,2,5,2,0,1,1,0,0,0,0,"355746,846","5644060,411",6.94721354,50.93011765,0,"5,21E+18"
48627,5,3,15,0,2021,7,19,3,2,8,1,0,0,1,0,0,0,0,"354202,6702","5653676,963",6.921398837,51.01614981,0,"5,21E+18"
48628,5,3,15,0,2021,7,10,4,3,0,2,0,1,0,0,1,0,0,"354187,8928","5645944,942",6.92429024,50.94666137,1,"5,21E+18"
48638,5,3,15,0,2021,8,0,2,3,0,1,2,0,0,0,0,0,1,"356354,774","5647334,362",6.954567483,50.95969188,0,"5,21E+18"
48644,5,3,15,0,2021,8,17,7,2,0,1,0,0,0,0,0,0,1,"361584,4858","5645148,464",7.029818848,50.94132669,0,"5,21E+18"
48645,5,3,15,0,2021,8,23,4,3,2,6,2,0,1,0,0,0,0,"357769,048","5639468,397",6.977760724,50.88935127,0,"5,21E+18"
48659,5,3,15,0,2021,8,19,7,1,0,1,0,0,1,0,1,0,0,"355479,4271","5636321,287",6.946472873,50.86050018,0,"5,21E+18"
48662,5,3,15,0,2021,8,14,2,3,0,7,0,0,0,0,0,0,1,"354866,7734","5644798,837",6.934404335,50.93653294,0,"5,21E+18"
48674,5,3,15,0,2021,7,16,4,3,2,6,0,0,1,0,0,1,0,"362287,0533","5645595,231",7.039643876,50.94551017,0,"5,21E+18"
48686,5,3,15,0,2021,8,18,3,3,3,2,1,1,1,0,0,0,0,"356306,993","5647905,081",6.953662183,50.96480891,1,"5,21E+18"
48703,5,3,15,0,2021,8,8,3,3,5,3,0,1,1,0,0,0,0,"347544,343","5647369,145",6.829190523,50.95774083,0,"5,21E+18"
48708,5,3,15,0,2021,7,15,1,3,2,6,0,0,1,0,0,0,0,"360609,8344","5650197,278",7.014020343,50.98646636,0,"5,21E+18"
48709,5,3,15,0,2021,8,2,6,3,0,1,2,0,0,0,0,0,1,"353018,6193","5644688,556",6.908163754,50.93507381,0,"5,21E+18"
48712,5,3,15,0,2021,8,17,7,3,3,2,0,1,1,0,0,0,0,"354058,374","5642116,066",6.923980647,50.91221965,0,"5,21E+18"
48720,5,3,15,0,2021,8,14,7,3,0,3,0,0,1,0,0,0,1,"354792,144","5646143,464",6.932806905,50.94859795,0,"5,21E+18"
48725,5,3,15,0,2021,8,7,3,3,2,6,0,0,1,0,0,0,0,"347410,8644","5644171,042",6.828631097,50.92896696,0,"5,21E+18"
48736,5,3,15,0,2021,4,13,1,3,3,2,0,0,1,0,1,0,0,"365974,4903","5642757,508",7.093146915,50.92087488,0,"5,21E+18"
48744,5,3,15,0,2021,7,12,3,2,0,7,0,1,0,0,0,0,1,"350007,295","5646722,955",6.864500393,50.9525803,1,"5,21E+18"
48749,5,3,15,0,2021,4,16,5,3,4,2,0,1,1,0,0,0,0,"354856,8592","5644406,173",6.93441972,50.93300167,0,"5,21E+18"
48750,5,3,15,0,2021,8,20,2,3,0,1,1,0,0,0,1,0,0,"351494,887","5655740,851",6.881977133,51.03400367,1,"5,21E+18"
48758,5,3,15,0,2021,8,17,4,3,3,6,0,0,1,0,0,1,0,"353318,9143","5652621,841",6.909234812,51.00644322,0,"5,21E+18"
48765,5,3,15,0,2021,7,17,6,3,2,6,0,0,1,0,0,1,1,"361771,369","5647972,974",7.031404683,50.96675614,0,"5,21E+18"
48778,5,3,15,0,2021,8,10,7,3,2,6,0,0,1,0,0,0,0,"362704,1849","5644689,397",7.045919488,50.9374686,0,"5,21E+18"
48779,5,3,15,0,2021,8,15,7,3,5,2,0,0,1,0,0,0,0,"358570,674","5638841,351",6.989393402,50.88391275,0,"5,21E+18"
48790,5,3,15,0,2021,7,15,4,3,0,2,0,0,1,0,0,0,1,"353963,453","5646777,577",6.920763515,50.95408716,0,"5,21E+18"
48795,5,3,15,0,2021,8,13,7,2,5,3,0,1,1,0,0,0,0,"359781,3768","5649463,883",7.002507403,50.97967411,0,"5,21E+18"
48796,5,3,15,0,2021,7,18,3,3,0,1,0,0,0,0,1,0,0,"355894,0266","5644645,605",6.949075171,50.93541348,1,"5,21E+18"
48799,5,3,15,0,2021,7,21,2,2,6,4,1,0,1,1,0,0,0,"354032,532","5642158,493",6.92359633,50.9125944,0,"5,21E+18"
48808,5,3,15,0,2021,8,12,1,3,0,6,0,1,0,1,0,0,0,"355079,255","5646318,453",6.936821763,50.95024279,0,"5,21E+18"
48813,5,3,15,0,2021,7,14,6,3,5,3,0,0,1,0,0,0,0,"362039,777","5648052,128",7.035194812,50.96753186,1,"5,21E+18"
48829,5,3,15,0,2021,8,19,5,3,2,6,0,0,1,0,0,0,0,"366019,1221","5634339,475",7.096867386,50.84522643,0,"5,21E+18"
48847,5,3,15,0,2021,8,6,2,3,3,6,0,0,1,0,0,1,0,"362437,8546","5645226,845",7.041928336,50.94223536,0,"5,21E+18"
48848,5,3,15,0,2021,7,13,7,3,6,6,0,1,0,1,0,0,0,"364540,453","5640393,768",7.07363376,50.89929577,0,"5,21E+18"
48853,5,3,15,0,2021,7,19,5,3,6,4,0,1,0,1,0,0,0,"353192,31","5643580,771",6.911080106,50.9251628,0,"5,21E+18"
48865,5,3,15,0,2021,8,3,4,3,3,6,2,1,1,0,0,0,0,"355627,6255","5650774,643",6.942854333,50.99042707,1,"5,21E+18"
48866,5,3,15,0,2021,8,18,6,3,2,6,0,0,1,0,0,0,1,"350868,7645","5645059,571",6.877437506,50.937856,1,"5,21E+18"
48868,5,3,15,0,2021,7,18,1,3,8,1,0,0,1,0,0,0,0,"352010,8362","5657694,294",6.888532218,51.05169103,0,"5,21E+18"
48871,5,3,15,0,2021,8,19,2,3,0,6,0,1,0,0,0,0,0,"353785,313","5642398,098",6.919986069,50.91468508,0,"5,21E+18"
48882,5,3,15,0,2021,7,14,1,2,0,7,0,1,0,0,0,0,0,"365165,153","5649539,642",7.079127173,50.98164091,0,"5,21E+18"
48883,5,3,15,0,2021,8,19,5,3,0,7,1,1,1,0,0,0,0,"354141,983","5644821,857",6.924086827,50.93655695,0,"5,21E+18"
48894,5,3,15,0,2021,8,17,1,3,0,5,0,1,1,0,0,0,0,"353593,5699","5646432,523",6.915639685,50.95089245,0,"5,21E+18"
48899,5,3,15,0,2021,7,12,2,3,6,2,0,0,1,1,0,0,0,"356270,8621","5648258,704",6.953008272,50.96797784,0,"5,21E+18"
48914,5,3,15,0,2021,8,10,6,3,0,1,0,0,0,0,1,0,0,"352880,2199","5643781,643",6.906561505,50.92688846,1,"5,21E+18"
48927,5,3,15,0,2021,7,4,5,3,3,1,2,0,1,0,0,0,0,"360590,5723","5651679,039",7.01317734,50.99977844,1,"5,21E+18"
48928,5,3,15,0,2021,7,16,6,3,2,6,0,0,1,0,0,0,0,"358171,848","5644781,599",6.981418646,50.93720034,0,"5,21E+18"
48951,5,3,15,0,2021,8,15,7,3,0,1,0,1,0,0,0,0,0,"349316,5035","5645107,221",6.855341166,50.93788068,0,"5,21E+18"
48956,5,3,15,0,2021,8,1,3,3,2,6,2,0,1,0,0,1,0,"349911,3528","5642965,511",6.864683006,50.91878964,0,"5,21E+18"
48967,5,3,15,0,2021,8,12,7,3,2,6,0,0,1,0,0,0,1,"348865,4386","5644757,027",6.84907129,50.93461571,0,"5,21E+18"
48979,5,3,15,0,2021,7,13,7,3,5,3,0,1,1,0,0,0,0,"353671,3592","5646348,38",6.91678019,50.95015604,0,"5,21E+18"
48980,5,3,15,0,2021,8,14,3,2,8,1,0,0,0,0,1,0,0,"365071,4785","5641567,792",7.080746977,50.90997176,0,"5,21E+18"
48985,5,3,15,0,2021,8,14,3,3,2,2,0,0,1,0,0,0,0,"352869,9611","5649385,57",6.90415093,50.97724586,0,"5,21E+18"
48996,5,3,15,0,2021,8,16,5,3,3,5,0,1,1,0,0,0,0,"354200,977","5645935,662",6.924480084,50.94658129,0,"5,21E+18"
49000,5,3,15,0,2021,7,18,1,3,3,6,0,0,1,0,1,0,0,"355125,2981","5643649,481",6.938538045,50.92626893,0,"5,21E+18"
49006,5,3,15,0,2021,7,10,7,3,6,2,0,0,1,1,0,0,0,"352391,083","5647325,791",6.898170152,50.95861313,0,"5,21E+18"
49012,5,3,15,0,2021,8,11,2,3,5,2,0,1,1,0,0,0,0,"355233,282","5645043,22",6.939519929,50.93882127,0,"5,21E+18"
49015,5,3,15,0,2021,4,18,3,2,9,1,0,1,1,0,0,0,0,"348347,0471","5657813,743",6.836247686,51.0518087,0,"5,21E+18"
49017,5,3,15,0,2021,8,21,3,3,8,1,0,0,1,0,0,0,0,"360996,292","5642338,507",7.022523372,50.91593141,1,"5,21E+18"
49024,5,3,15,0,2021,8,17,5,2,6,4,0,0,0,1,0,0,1,"353675,084","5646344,026",6.916834931,50.95011786,0,"5,21E+18"
49034,5,3,15,0,2021,8,15,7,3,2,6,0,0,1,0,0,0,0,"363816,7186","5641057,518",7.06310024,50.905091,0,"5,21E+18"
49042,5,3,15,0,2021,8,3,1,2,0,1,2,0,0,0,0,0,1,"354425,6972","5645780,254",6.927738965,50.94524147,1,"5,21E+18"
49046,5,3,15,0,2021,8,11,3,3,0,5,0,1,0,0,0,1,0,"361058,499","5647764,877",7.021338221,50.96471443,1,"5,21E+18"
49052,5,3,15,0,2021,8,18,3,3,0,5,0,0,1,0,1,0,0,"351992,3285","5647635,745",6.892370254,50.96129624,1,"5,21E+18"
49058,5,3,15,0,2021,7,17,5,2,9,1,0,0,0,0,1,0,0,"352374,1317","5651083,852",6.896403062,50.99238051,0,"5,21E+18"
49068,5,3,15,0,2021,6,12,1,3,4,6,0,1,0,0,0,0,0,"354456,0376","5653232,882",6.925186666,51.01222321,0,"5,21E+18"
49086,5,3,15,0,2021,8,12,5,2,5,3,0,1,1,0,0,0,0,"351198,743","5645042,487",6.882137583,50.93778772,0,"5,21E+18"
49087,5,3,15,0,2021,8,13,2,3,5,3,0,0,1,0,0,0,1,"366840,509","5637970,48",7.107206699,50.87805083,0,"5,21E+18"
49091,5,3,15,0,2021,8,21,6,3,2,7,2,0,1,0,1,0,0,"364206,852","5643360,38",7.067788459,50.9258799,0,"5,21E+18"
49102,5,3,15,0,2021,8,18,1,3,0,6,0,1,0,0,0,0,1,"357324,578","5644746,288",6.969381703,50.936674,0,"5,21E+18"
49106,5,3,15,0,2021,8,6,6,3,5,3,1,0,1,0,0,0,1,"354222,0194","5642384,898",6.926199464,50.91467693,1,"5,21E+18"
49113,5,3,15,0,2021,8,15,7,3,0,6,0,0,1,0,0,0,1,"356447,584","5646275,434",6.956305757,50.95019859,1,"5,21E+18"
49115,5,3,15,0,2021,8,17,3,3,6,6,0,0,1,1,0,0,0,"366605,2079","5635900,884",7.104618698,50.8593955,0,"5,21E+18"
49117,5,3,15,0,2021,7,18,3,3,5,2,0,0,1,0,0,0,0,"353549,544","5648801,451",6.914059898,50.97216987,1,"5,21E+18"
49118,5,3,15,0,2021,4,14,1,3,3,2,0,1,1,0,0,0,0,"355187,926","5644093,258",6.9392523,50.93027279,0,"5,21E+18"
49128,5,3,15,0,2021,7,4,5,3,0,1,2,0,0,0,0,0,1,"354820,0139","5645553,124",6.933438716,50.94329975,1,"5,21E+18"
49134,5,3,15,0,2021,7,4,7,2,8,1,2,0,0,0,0,0,1,"356965,5912","5643533,699",6.964751727,50.92568763,0,"5,21E+18"
49147,5,3,15,0,2021,8,8,4,3,0,7,0,1,0,0,0,0,0,"355204,2267","5644893,779",6.939166056,50.93747099,0,"5,21E+18"
49159,5,3,15,0,2021,8,18,2,3,5,3,0,1,1,0,0,0,0,"357721,2751","5646919,832",6.974174726,50.95630556,0,"5,21E+18"
49166,5,3,15,0,2021,8,18,1,2,5,3,0,1,1,0,0,0,0,"356196,8885","5644615,385",6.953394501,50.9352175,1,"5,21E+18"
49177,5,3,15,0,2021,8,20,1,3,6,4,1,0,1,1,0,0,0,"358394,0131","5642907,883",6.98530637,50.92041577,0,"5,21E+18"
49183,5,3,15,0,2021,8,7,7,3,5,3,0,1,1,0,0,0,0,"347519,586","5646938,161",6.829018822,50.95386141,0,"5,21E+18"
49189,5,3,15,0,2021,8,17,5,3,0,7,0,0,0,1,0,0,1,"354889,6715","5644797,641",6.93473048,50.93652795,0,"5,21E+18"
49190,5,3,15,0,2021,8,0,4,3,5,3,2,1,1,0,0,0,0,"366576,2887","5636458,448",7.104004737,50.8644001,0,"5,21E+18"
49199,5,3,15,0,2021,8,6,4,2,1,5,0,1,1,0,0,0,1,"356479,7572","5646276,329",6.956763128,50.95021464,0,"5,21E+18"
49204,5,3,15,0,2021,7,18,1,2,0,1,0,0,0,0,0,0,1,"356837,634","5643976,805",6.962758242,50.92963805,0,"5,21E+18"
49214,5,3,15,0,2021,8,10,6,3,1,6,0,0,1,0,0,0,0,"362713,7472","5645195,862",7.045864648,50.94202267,0,"5,21E+18"
49226,5,3,15,0,2021,8,10,3,3,3,6,0,1,1,0,0,0,0,"356344,9221","5647563,524",6.954336824,50.96174886,0,"5,21E+18"
49232,5,3,15,0,2021,8,7,2,3,3,3,0,1,0,0,0,0,1,"349874,9046","5645082,67",6.863293013,50.9378057,0,"5,21E+18"
49238,5,3,15,0,2021,8,13,4,2,0,7,0,0,0,1,0,0,1,"356604,7733","5643016,934",6.959824301,50.92095394,1,"5,21E+18"
49244,5,3,15,0,2021,4,20,3,3,5,2,2,1,1,0,0,0,0,"352736,0528","5647100,226",6.903169985,50.95667434,0,"5,21E+18"
49248,5,3,15,0,2021,8,13,7,2,0,2,0,0,1,0,0,0,0,"359586,294","5650556,795",6.999307848,50.98944861,0,"5,21E+18"