OBJECTID,ULAND,UREGBEZ,UKREIS,UGEMEINDE,UJAHR,UMONAT,USTUNDE,UWOCHENTAG,UKATEGORIE,UART,UTYP1,ULICHTVERH,IstRad,IstPKW,IstFuss,IstKrad,IstGkfz,IstSonstige,LINREFX,LINREFY,XGCSWGS84,YGCSWGS84,USTRZUSTAND,UIDENTSTLAE
49260,5,3,15,0,2021,8,18,4,3,5,3,0,0,1,0,1,0,0,"356615,195","5646263,793",6.958694927,50.95013569,0,"5,21E+18"
49263,5,3,15,0,2021,7,8,3,3,5,3,0,1,1,0,0,0,0,"365144,381","5636353,174",7.083707747,50.8631217,0,"5,21E+18"
49289,5,3,15,0,2021,8,9,5,2,3,6,0,0,1,0,0,1,0,"348851,0793","5644557,903",6.848949666,50.93282257,0,"5,21E+18"
49301,5,3,15,0,2021,8,8,6,3,0,2,0,1,1,0,0,0,0,"358251,1479","5640743,969",6.984115642,50.90093346,0,"5,21E+18"
49310,5,3,15,0,2021,7,8,1,3,3,6,0,1,0,0,0,0,0,"356278,7889","5648195,436",6.953146086,50.96741124,0,"5,21E+18"
49316,5,3,15,0,2021,7,17,3,3,2,6,0,0,1,0,0,0,0,"362479,7905","5645136,092",7.042559144,50.94142974,0,"5,21E+18"
49318,5,3,15,0,2021,7,12,2,3,5,3,0,1,1,0,0,0,0,"363026,725","5638035,488",7.053004356,50.8777437,0,"5,21E+18"
49328,5,3,15,0,2021,7,14,4,3,3,6,0,0,1,0,0,1,0,"356005,2836","5646875,465",6.949775886,50.95548063,0,"5,21E+18"
49333,5,3,15,0,2021,8,14,6,2,0,1,0,0,0,0,1,0,0,"355776,5016","5650434,357",6.945109279,50.98740633,1,"5,21E+18"
49334,5,3,15,0,2021,8,13,2,3,4,6,0,1,0,0,0,0,1,"354155,385","5644843,826",6.924268644,50.93675777,1,"5,21E+18"
49338,5,3,15,0,2021,8,16,2,3,6,4,0,0,1,1,0,0,0,"355536,2282","5641233,51",6.945337929,50.90466004,0,"5,21E+18"
49346,5,3,15,0,2021,8,17,6,3,2,6,0,0,1,0,0,0,0,"358029,34","5646492,244",6.978724928,50.95253882,0,"5,21E+18"
49347,5,3,15,0,2021,8,14,2,3,2,6,0,0,1,0,0,0,0,"363841,6443","5641034,935",7.063462959,50.90489391,0,"5,21E+18"
49363,5,3,15,0,2021,8,15,4,3,3,6,0,0,1,0,0,1,0,"348949,8391","5645162,269",6.850103581,50.93827943,0,"5,21E+18"
49364,5,3,15,0,2021,7,15,6,3,3,6,0,0,1,0,0,0,0,"357769,048","5639468,397",6.977760724,50.88935127,0,"5,21E+18"
49367,5,3,15,0,2021,7,16,7,3,0,7,0,0,1,0,0,0,0,"365294,094","5643348,406",7.083254044,50.92602718,0,"5,21E+18"
49372,5,3,15,0,2021,7,19,7,3,5,2,0,1,1,0,0,0,0,"360458,117","5646827,83",7.013153019,50.95614794,0,"5,21E+18"
49378,5,3,15,0,2021,8,10,2,2,0,1,0,0,0,0,1,0,0,"351374,0645","5644777,556",6.884739143,50.93545214,1,"5,21E+18"
49388,5,3,15,0,2021,8,12,5,3,8,7,0,0,0,0,0,0,1,"347499,847","5646799,663",6.828796015,50.95261163,0,"5,21E+18"
49395,5,3,15,0,2021,8,18,2,3,0,1,0,0,0,0,1,0,0,"359734,2708","5647284,387",7.002677356,50.96007534,1,"5,21E+18"
49400,5,3,15,0,2021,8,12,7,3,1,5,0,1,1,0,0,0,0,"362262,0367","5651356,836",7.037105744,50.99728528,0,"5,21E+18"
49401,5,3,15,0,2021,7,13,5,3,5,2,0,0,1,0,0,0,1,"350073,2523","5645095,77",6.86610858,50.93797503,0,"5,21E+18"
49406,5,3,15,0,2021,4,12,2,3,2,6,0,0,1,0,0,0,1,"348525,4036","5642733,688",6.845076155,50.91634428,0,"5,21E+18"
49418,5,3,15,0,2021,8,12,5,3,2,6,0,0,1,0,0,0,0,"359599,9282","5650179,214",6.999647899,50.9860586,0,"5,21E+18"
49419,5,3,15,0,2021,7,6,3,3,2,6,0,0,1,0,0,0,0,"354153,5651","5644821,239",6.9242518,50.93655433,0,"5,21E+18"
49429,5,3,15,0,2021,5,16,7,3,5,3,0,1,1,0,0,0,0,"350009,729","5653332,555",6.861807291,51.01197657,0,"5,21E+18"
49437,5,3,15,0,2021,8,6,4,3,8,7,0,0,1,0,0,0,0,"360682,64","5644309,784",7.017311006,50.9335721,0,"5,21E+18"
49448,5,3,15,0,2021,8,18,6,2,3,6,0,0,1,0,1,0,0,"352317,7951","5651199,316",6.895553926,50.99340367,0,"5,21E+18"
49451,5,3,15,0,2021,8,16,3,3,3,6,0,0,1,0,0,0,0,"356606,8253","5638912,104",6.961465666,50.88406454,0,"5,21E+18"
49465,5,3,15,0,2021,8,10,6,2,5,3,0,1,1,0,0,0,0,"354141,983","5644821,857",6.924086827,50.93655695,0,"5,21E+18"
49476,5,3,15,0,2021,7,11,6,3,3,6,0,1,1,0,0,0,0,"353791,18","5646226,529",6.918533753,50.94909141,0,"5,21E+18"
49478,5,3,15,0,2021,7,20,5,2,0,7,0,0,1,0,1,0,0,"366839,3694","5635752,519",7.107997894,50.85811599,0,"5,21E+18"
49480,5,3,15,0,2021,8,8,6,3,8,1,0,0,1,0,0,0,0,"349066,64","5648595,215",6.850341425,50.96915929,1,"5,21E+18"
49481,5,3,15,0,2021,8,23,6,3,5,3,2,0,1,0,0,0,0,"361604,0051","5644084,777",7.030500504,50.93177172,1,"5,21E+18"
49482,5,3,15,0,2021,8,8,1,3,9,6,0,0,1,0,0,0,0,"348601,6491","5655841,392",6.840701995,51.03415224,1,"5,21E+18"
49505,5,3,15,0,2021,8,20,2,3,0,2,1,0,1,0,0,0,1,"356886,414","5644420,701",6.963277635,50.93363941,1,"5,21E+18"
49521,5,3,15,0,2021,8,16,6,3,0,7,0,1,1,0,0,0,0,"351167,281","5648264,89",6.880372777,50.96673746,1,"5,21E+18"
49528,5,3,15,0,2021,7,18,1,3,0,6,0,0,1,0,0,0,1,"359447,8304","5647652,966",6.998458855,50.96331798,0,"5,21E+18"
49536,5,3,15,0,2021,8,15,4,3,2,6,0,0,0,0,0,0,1,"357124,9781","5638381,575",6.969034348,50.87942503,1,"5,21E+18"
49537,5,3,15,0,2021,8,20,4,3,5,3,1,0,1,0,1,0,0,"353492,628","5657392,609",6.909780958,51.04935987,0,"5,21E+18"
49541,5,3,15,0,2021,8,7,2,3,6,4,0,0,1,1,0,0,0,"357426,444","5642221,564",6.971817748,50.91400957,0,"5,21E+18"
49547,5,3,15,0,2021,8,9,1,3,7,1,0,1,0,0,0,0,0,"353077,2049","5646910,474",6.908100634,50.9550562,0,"5,21E+18"
49553,5,3,15,0,2021,7,15,1,2,0,1,0,1,0,0,0,0,0,"356849,947","5644715,97",6.962643018,50.93628391,0,"5,21E+18"
49556,5,3,15,0,2021,6,16,4,2,4,7,0,0,1,0,0,0,0,"364047,741","5640848,364",7.066461903,50.90326567,0,"5,21E+18"
49564,5,3,15,0,2021,8,14,4,3,0,1,0,1,0,0,0,0,0,"353675,084","5646344,026",6.916834931,50.95011786,1,"5,21E+18"
49569,5,3,15,0,2021,8,13,2,3,2,6,0,0,1,0,0,0,1,"353795,091","5648515,548",6.917669767,50.96966295,1,"5,21E+18"
49570,5,3,15,0,2021,8,7,4,3,0,1,0,0,1,0,0,0,0,"363341,5014","5643672,779",7.055365774,50.92848322,1,"5,21E+18"
49580,5,3,15,0,2021,8,6,4,3,5,2,0,0,1,0,0,1,0,"365285,9283","5645349,041",7.08239834,50.9440061,0,"5,21E+18"
49581,5,3,15,0,2021,8,23,7,3,2,6,2,0,1,0,0,0,0,"364760,6184","5640711,36",7.076645206,50.90220176,0,"5,21E+18"
49585,5,3,15,0,2021,8,12,7,3,2,6,0,0,1,0,0,0,0,"357641,8091","5634732,719",6.977795762,50.84675995,0,"5,21E+18"
49592,5,3,15,0,2021,8,17,5,3,0,1,0,0,1,0,0,0,0,"349063,749","5647793,813",6.850632782,50.96195696,0,"5,21E+18"
49604,5,3,15,0,2021,8,16,3,3,3,6,0,0,1,0,0,1,0,"364619,2819","5642679,655",7.073906123,50.9198588,1,"5,21E+18"
49611,5,3,15,0,2021,7,6,4,3,0,6,0,1,0,0,0,0,1,"355888,7849","5646814,062",6.948142602,50.9548997,0,"5,21E+18"
49617,5,3,15,0,2021,7,16,7,2,5,3,0,1,0,0,0,0,1,"359936,054","5647697,001",7.005389965,50.96383263,0,"5,21E+18"
49623,5,3,15,0,2021,7,14,5,3,5,2,0,1,1,0,0,0,0,"352831,043","5650886,713",6.902989024,50.99072594,0,"5,21E+18"
49625,5,3,15,0,2021,4,20,3,3,5,3,1,1,1,0,0,0,0,"363217,9248","5638419,664",7.055576733,50.88124177,0,"5,21E+18"
49629,5,3,15,0,2021,7,9,6,1,1,5,0,1,1,0,0,0,0,"354110,98","5642190,71",6.924698599,50.91290375,0,"5,21E+18"
49641,5,3,15,0,2021,8,2,3,3,5,2,2,0,1,0,0,0,0,"348475,4212","5649999,73",6.84134208,50.98162526,0,"5,21E+18"
49642,5,3,15,0,2021,7,21,1,3,4,6,1,1,0,0,0,0,1,"356886,5446","5644645,382",6.963191258,50.93565863,0,"5,21E+18"
49643,5,3,15,0,2021,8,16,4,2,3,6,0,0,1,0,0,1,0,"357142,1723","5636995,166",6.96982018,50.86696957,0,"5,21E+18"
49653,5,3,15,0,2021,5,13,7,3,0,2,0,1,1,0,0,0,0,"356519,5987","5646616,811",6.957195766,50.95328443,0,"5,21E+18"
49659,5,3,15,0,2021,8,12,7,3,0,1,0,1,0,0,0,0,0,"349810,2406","5649556,495",6.860527151,50.97799197,0,"5,21E+18"
49670,5,3,15,0,2021,8,11,7,3,0,1,0,1,0,0,0,0,0,"356530,8493","5652360,48",6.955088904,51.00490446,0,"5,21E+18"
49675,5,3,15,0,2021,8,19,4,3,0,2,0,0,1,0,1,0,0,"353041,886","5643875,278",6.908822547,50.92777113,0,"5,21E+18"
49686,5,3,15,0,2021,8,9,4,3,2,6,0,0,1,0,0,0,1,"353069,7996","5651888,888",6.90598318,50.99979297,0,"5,21E+18"
49688,5,3,15,0,2021,8,15,4,3,5,3,0,0,1,0,0,0,0,"363026,725","5638035,488",7.053004356,50.8777437,0,"5,21E+18"
49692,5,3,15,0,2021,11,18,6,3,6,4,2,0,1,1,0,0,0,"358835,4605","5642396,011",6.991781008,50.9159237,1,"5,21E+18"
49698,5,3,15,0,2021,7,17,5,3,2,6,0,0,1,0,0,0,0,"362132,5114","5646276,99",7.037187211,50.9516004,0,"5,21E+18"
49704,5,3,15,0,2021,7,20,7,3,0,1,1,1,0,0,0,0,0,"358711,639","5644700,754",6.989127547,50.93660629,0,"5,21E+18"
49715,5,3,15,0,2021,8,16,2,3,1,6,0,0,1,0,0,0,1,"348930,317",5646000,6.84947852,50.94580238,0,"5,21E+18"
49720,5,3,15,0,2021,7,19,2,3,9,1,0,0,1,0,0,0,0,"361169,4821","5649377,405",7.022302104,50.97923328,0,"5,21E+18"
49721,5,3,15,0,2021,8,18,5,3,3,2,0,1,1,0,0,0,0,"354737,9205","5644522,969",6.932681689,50.93402134,0,"5,21E+18"
51499,5,3,15,0,2021,6,12,1,3,1,6,0,0,1,0,0,0,1,"355370,72","5648312,015",6.940176075,50.96823164,0,"5,21E+18"
51591,5,3,15,0,2021,8,18,5,3,2,6,0,0,1,0,0,0,0,"361778,4963","5647940,04",7.031518638,50.96646186,0,"5,21E+18"
51687,5,3,15,0,2021,8,16,4,3,2,6,0,0,1,0,0,0,1,"351615,4855","5644096,937",6.888449667,50.92939793,0,"5,21E+18"
51733,5,3,15,0,2021,7,22,3,2,0,1,2,1,0,0,0,0,0,"360044,563","5648162,891",7.006754967,50.968046,0,"5,21E+18"
51758,5,3,15,0,2021,8,10,1,2,5,3,0,0,1,0,1,0,0,"366895,613","5635244,872",7.108981149,50.8535663,0,"5,21E+18"
51820,5,3,15,0,2021,7,17,3,3,3,2,0,1,1,0,0,0,0,"355189,692","5644662,95",6.939051063,50.93539293,1,"5,21E+18"
51890,5,3,15,0,2021,8,18,4,3,2,6,0,0,1,0,0,1,0,"348815,1341","5643659,713",6.848810991,50.92474178,0,"5,21E+18"
51919,5,3,15,0,2021,8,14,1,3,0,6,0,0,1,0,0,0,0,"353655,747","5648666,701",6.915625736,50.97098592,0,"5,21E+18"
52123,5,3,15,0,2021,8,10,7,2,5,3,0,1,1,0,0,0,0,"352881,4767","5647018,769",6.90527206,50.95597947,0,"5,21E+18"
52148,5,3,15,0,2021,8,17,1,3,0,1,0,1,0,0,0,0,0,"364850,926","5645482,539",7.076160442,50.94510411,0,"5,21E+18"
52352,5,3,15,0,2021,8,19,3,2,1,1,0,0,1,0,1,0,0,"355953,893","5649776,255",6.947895875,50.98153654,1,"5,21E+18"
52397,5,3,15,0,2021,7,14,6,3,2,6,0,0,1,0,0,0,0,"355370,72","5648312,015",6.940176075,50.96823164,0,"5,21E+18"
52521,5,3,15,0,2021,8,15,6,3,0,7,0,1,0,0,0,0,0,"349740,678","5653465,897",6.857919465,51.01310458,0,"5,21E+18"
52538,5,3,15,0,2021,8,14,4,3,4,2,0,1,1,0,0,0,0,"362286,122","5648123,348",7.038674049,50.96823088,0,"5,21E+18"
52556,5,3,15,0,2021,8,7,5,3,0,1,2,1,0,0,0,0,1,"355413,2752","5639524,936",6.94426683,50.88927454,1,"5,21E+18"
52604,5,3,15,0,2021,7,11,3,3,1,1,0,1,1,0,0,0,0,"352599,681","5644920,831",6.902111744,50.93705425,0,"5,21E+18"
52625,5,3,15,0,2021,7,20,5,3,5,2,0,0,1,0,0,0,1,"352477,497","5644949,12",6.900362544,50.93727722,0,"5,21E+18"
52787,5,3,15,0,2021,7,13,6,3,5,3,0,1,0,0,0,0,1,"361598,1012","5645029,492",7.030057724,50.94026073,0,"5,21E+18"
52814,5,3,15,0,2021,8,13,3,3,0,1,0,0,0,0,1,0,0,"363386,869","5649263,543",7.053912836,50.97874032,1,"5,21E+18"
53015,5,3,15,0,2021,7,22,5,2,5,3,2,0,1,0,0,0,1,"363803,582","5641069,42",7.062909075,50.90519487,0,"5,21E+18"
53106,5,3,15,0,2021,7,7,1,3,8,1,0,0,1,0,0,0,0,"361778,4963","5647940,04",7.031518638,50.96646186,0,"5,21E+18"
53175,5,3,15,0,2021,8,12,4,2,2,6,0,0,1,0,0,0,0,"362204,392","5641646,003",7.039960617,50.90999735,1,"5,21E+18"
53198,5,3,15,0,2021,8,16,5,3,5,2,0,0,1,0,1,0,0,"355370,72","5648312,015",6.940176075,50.96823164,0,"5,21E+18"
53264,5,3,15,0,2021,7,16,3,3,0,2,0,1,1,0,0,0,0,"365985,642","5643735,469",7.092946032,50.92966702,0,"5,21E+18"
53342,5,3,15,0,2021,7,16,2,3,8,6,0,1,1,0,0,0,0,"356200,1058","5648618,835",6.95185886,50.9711966,0,"5,21E+18"
53367,5,3,15,0,2021,8,19,1,3,5,3,0,1,1,0,0,0,0,"365148,076","5637064,113",7.083498165,50.86951225,0,"5,21E+18"
53429,5,3,15,0,2021,8,17,3,3,2,6,0,0,1,0,0,0,1,"356835,4422","5634001,027",6.96663492,50.83998519,1,"5,21E+18"
53436,5,3,15,0,2021,8,18,3,3,0,2,0,1,1,0,0,0,0,"355694,341","5645893,211",6.945740981,50.94657554,1,"5,21E+18"
53450,5,3,15,0,2021,8,15,2,2,1,7,0,0,1,0,1,0,0,"355192,9524","5644632,646",6.939109476,50.93512141,1,"5,21E+18"
53545,5,3,15,0,2021,8,18,5,3,5,3,0,0,1,0,0,0,0,"361817,365","5644841,736",7.033247858,50.9386259,0,"5,21E+18"
53614,5,3,15,0,2021,8,16,5,2,5,2,0,0,1,0,0,0,0,"351733,2888","5643568,027",6.890339913,50.92467516,0,"5,21E+18"
53711,5,3,15,0,2021,8,1,7,2,5,3,2,0,1,0,0,0,1,"356191,5095","5644599,315",6.953324341,50.93507173,0,"5,21E+18"
53743,5,3,15,0,2021,7,14,4,3,0,3,0,1,1,0,0,0,0,"355455,7215","5644699,177",6.942820229,50.93578523,0,"5,21E+18"
53810,5,3,15,0,2021,8,13,2,3,1,6,0,0,1,0,0,0,0,"354732,9044","5644533,986",6.93260596,50.93411909,0,"5,21E+18"
53916,5,3,15,0,2021,7,10,7,3,5,3,0,1,1,0,0,0,0,"366411,6161","5641476,201",7.099831655,50.90946027,0,"5,21E+18"
54001,5,3,15,0,2021,6,14,7,3,5,1,0,1,0,0,0,0,0,"354454,2811","5644829,49",6.928525429,50.93670445,0,"5,21E+18"
54056,5,3,15,0,2021,8,16,3,3,2,6,0,0,1,0,0,0,0,"362446,6146","5642686,281",7.04301169,50.91940451,0,"5,21E+18"
54106,5,3,15,0,2021,7,9,7,3,1,5,0,1,1,0,0,0,0,"362436,5445","5637044,251",7.044993357,50.86869481,0,"5,21E+18"
54313,5,3,15,0,2021,4,11,2,3,5,3,0,1,1,0,0,0,0,"359746,914","5644836,936",7.003799979,50.93808289,0,"5,21E+18"
54511,5,3,15,0,2021,8,17,6,3,8,1,0,0,0,0,0,0,1,"359343,1649","5644785,475",6.998077093,50.93752207,0,"5,21E+18"
54530,5,3,15,0,2021,8,2,2,3,8,1,2,0,1,0,0,0,0,"357110,0896","5639050,569",6.968561321,50.88543362,0,"5,21E+18"
54615,5,3,15,0,2021,8,16,6,3,2,6,0,0,1,0,0,0,0,"354456,0507","5647469,33",6.927495472,50.96042834,0,"5,21E+18"
54620,5,3,15,0,2021,7,17,1,3,6,7,0,1,0,1,0,0,0,"353259,8377","5646793,289",6.910746365,50.95404964,0,"5,21E+18"
54637,5,3,15,0,2021,8,10,7,3,2,6,0,0,1,0,0,0,0,"352667,5414","5640848,809",6.904721634,50.90047794,0,"5,21E+18"
156380,5,3,15,0,2021,10,20,4,2,0,3,2,0,1,0,0,0,1,"350684,2457","5648376,234",6.8734529,50.96761304,1,"5,21E+18"
156414,5,3,15,0,2021,2,14,7,3,5,5,0,0,1,0,1,0,0,"350501,361","5648157,21",6.8709402,50.96559738,0,"5,21E+18"
156423,5,3,15,0,2021,5,16,4,2,0,1,0,0,1,0,0,0,0,"349490,357","5653272,044",6.854434008,51.01129713,1,"5,21E+18"
156438,5,3,15,0,2021,7,11,5,3,6,7,0,0,1,1,0,0,0,"349315,1738","5646146,984",6.854892144,50.94722394,0,"5,21E+18"
156450,5,3,15,0,2021,1,6,5,3,5,3,2,0,1,0,0,0,0,"350584,3917","5649350,224",6.87163165,50.97633975,1,"5,21E+18"
156458,5,3,15,0,2021,1,19,5,3,0,1,2,1,0,0,0,0,0,"350573,1579","5644462,136",6.873478247,50.93241069,0,"5,21E+18"
156469,5,3,15,0,2021,12,6,4,3,5,3,2,1,1,0,0,0,0,"348695,2137","5642968,053",6.847392895,50.9184949,0,"5,21E+18"
156473,5,3,15,0,2021,6,13,7,3,5,3,0,0,1,0,1,0,0,"350099,3679","5644450,326",6.866745498,50.93218162,0,"5,21E+18"
156487,5,3,15,0,2021,9,21,7,3,0,6,2,1,0,0,0,0,0,"351164,9815","5652324,187",6.878677455,51.00321516,0,"5,21E+18"
156496,5,3,15,0,2021,9,0,1,3,0,1,2,0,0,0,0,0,1,"347865,8252","5645690,792",6.834465849,50.94274386,0,"5,21E+18"
156505,5,3,15,0,2021,1,16,3,3,3,6,0,1,0,0,0,0,1,"349250,5091","5645580,025",6.854206943,50.94211218,1,"5,21E+18"
156513,5,3,15,0,2021,12,12,7,3,5,3,0,1,1,0,0,0,0,"350366,4081","5644829,757",6.870387187,50.93566067,0,"5,21E+18"
156525,5,3,15,0,2021,1,21,6,3,0,1,2,1,0,0,0,0,0,"347767,155","5645265,042",6.833240322,50.93889196,1,"5,21E+18"
156542,5,3,15,0,2021,7,15,5,3,0,7,0,1,0,1,0,0,0,"348319,1916","5647729,976",6.840064759,50.96118778,0,"5,21E+18"
156566,5,3,15,0,2021,4,15,3,3,0,3,2,1,1,0,0,0,0,"348791,9902","5656998,296",6.842931757,51.04459837,0,"5,21E+18"
156617,5,3,15,0,2021,12,10,6,2,6,2,0,0,1,1,0,0,0,"348522,1629","5644872,862",6.844141376,50.93556657,0,"5,21E+18"
156636,5,3,15,0,2021,12,21,6,3,1,1,2,0,1,0,0,0,1,"350812,8364","5648280,287",6.875322285,50.96678414,0,"5,21E+18"
156659,5,3,15,0,2021,9,9,4,3,6,1,0,0,0,1,0,0,1,"349969,0154","5659277,997",6.858765105,51.06539266,1,"5,21E+18"
156689,5,3,15,0,2021,11,15,5,3,5,3,0,0,1,0,1,0,0,"350182,8222","5644258,999",6.868010907,50.93048397,1,"5,21E+18"
156691,5,3,15,0,2021,12,15,3,3,6,4,0,0,1,1,0,0,0,"347877,7736","5646111,319",6.834460161,50.94652593,0,"5,21E+18"
156693,5,3,15,0,2021,3,16,4,3,6,6,0,1,0,1,0,0,0,"349185,15","5658175,947",6.848045594,51.05528418,1,"5,21E+18"
156702,5,3,15,0,2021,12,12,5,3,5,3,0,0,1,0,0,0,0,"348891,1987","5649823,28",6.847334232,50.98014892,0,"5,21E+18"
156706,5,3,15,0,2021,11,9,3,3,5,3,0,1,1,0,0,0,0,"350031,0968","5643912,828",6.86599577,50.92733372,1,"5,21E+18"
156733,5,3,15,0,2021,9,10,5,2,0,1,0,1,0,0,0,0,0,"350002,2985","5653397,878",6.861674438,51.01256164,0,"5,21E+18"
156760,5,3,15,0,2021,10,15,7,2,1,6,0,0,1,0,1,0,0,"348791,296","5656999,222",6.842921474,51.04460651,0,"5,21E+18"
156778,5,3,15,0,2021,5,20,4,3,0,7,0,1,0,0,0,0,0,"349157,1976","5653741,393",6.849493139,51.01542749,0,"5,21E+18"
156787,5,3,15,0,2021,6,9,7,3,8,5,0,0,1,0,0,0,0,"350864,4186","5651623,637",6.874684485,50.99684197,0,"5,21E+18"
156794,5,3,15,0,2021,6,17,5,3,8,1,0,1,0,0,0,0,0,"350870,961","5645413,836",6.877323738,50.94104014,0,"5,21E+18"
156801,5,3,15,0,2021,5,17,5,2,0,1,0,1,0,0,0,0,0,"350375,2797","5643761,822",6.870951722,50.92606609,0,"5,21E+18"
156816,5,3,15,0,2021,10,17,5,3,5,3,1,0,1,0,1,0,0,"348545,2122","5645072,491",6.844386197,50.93736654,1,"5,21E+18"
156863,5,3,15,0,2021,11,18,2,3,6,4,2,0,1,1,0,0,0,"348474,4381","5645219,84",6.843318375,50.93867205,0,"5,21E+18"
156870,5,3,15,0,2021,9,17,4,3,0,1,0,0,0,0,1,0,0,"348938,1273","5642858,909",6.850891414,50.91757773,1,"5,21E+18"
156934,5,3,15,0,2021,12,14,2,3,7,1,0,1,0,0,0,0,0,"350596,327","5645039,583",6.873570993,50.93760586,0,"5,21E+18"
156937,5,3,15,0,2021,10,11,3,3,5,2,0,1,1,0,0,0,0,"347030,8309","5645059,375",6.822854492,50.93684897,0,"5,21E+18"
156942,5,3,15,0,2021,9,13,3,3,0,1,0,0,0,0,0,0,1,"350357,8013","5644786,894",6.870282385,50.93527325,0,"5,21E+18"
156954,5,3,15,0,2021,2,18,6,2,6,6,0,1,0,1,0,0,0,"348468,011","5647692,561",6.842197921,50.96089073,0,"5,21E+18"
156959,5,3,15,0,2021,3,12,3,3,1,5,0,1,1,0,0,0,0,"349633,3679","5645001,682",6.859891242,50.93701499,1,"5,21E+18"
156973,5,3,15,0,2021,2,16,4,3,5,3,0,1,1,0,0,0,0,"350855,678","5651302,459",6.874691914,50.99395351,0,"5,21E+18"
156992,5,3,15,0,2021,12,17,5,2,0,1,2,1,0,0,0,0,0,"349016,433","5644350,443",6.851387036,50.93100158,1,"5,21E+18"
157022,5,3,15,0,2021,5,15,1,2,0,7,0,1,0,0,0,0,0,"350389,1562","5646301,932",6.870106067,50.94889609,0,"5,21E+18"
157024,5,3,15,0,2021,1,18,3,3,5,3,2,0,1,0,0,0,0,"347814,841","5645454,384",6.833839438,50.94060601,1,"5,21E+18"
157053,5,3,15,0,2021,12,16,3,3,5,2,2,1,1,0,0,0,0,"350767,7442","5644410,037",6.876266738,50.93199289,0,"5,21E+18"
157073,5,3,15,0,2021,7,14,3,2,6,4,0,0,1,1,0,0,0,"350478,2179","5649363,022",6.8701151,50.97642719,0,"5,21E+18"
157084,5,3,15,0,2021,1,8,3,3,0,7,1,1,0,0,0,0,0,"347610,303","5645604,49",6.830867539,50.94190086,1,"5,21E+18"
157099,5,3,15,0,2021,9,10,2,3,0,7,0,1,0,0,0,0,0,"349612,7298","5644186,491",6.859934099,50.92968403,0,"5,21E+18"
157104,5,3,15,0,2021,3,17,4,3,0,1,0,1,0,0,0,0,0,"350811,3352","5652606,16",6.873524806,51.00565746,0,"5,21E+18"
157126,5,3,15,0,2021,9,17,4,3,0,5,0,1,1,0,0,0,0,"350408,2769","5644822,981",6.870985413,50.93561064,0,"5,21E+18"
157137,5,3,15,0,2021,9,13,2,3,0,5,0,1,1,0,0,0,0,"348433,0138","5644761,157",6.842920011,50.93453934,0,"5,21E+18"
157148,5,3,15,0,2021,7,18,3,3,5,2,0,1,0,0,0,0,1,"349161,4767","5644846,488",6.853244274,50.93549713,0,"5,21E+18"
157175,5,3,15,0,2021,7,11,6,3,0,3,0,0,1,0,1,0,0,"348931,136","5642872,093",6.850786567,50.91769438,1,"5,21E+18"
157177,5,3,15,0,2021,5,14,2,3,2,6,0,1,1,0,0,0,0,"347509,078","5648108,343",6.828379002,50.964374,0,"5,21E+18"
157178,5,3,15,0,2021,9,15,2,3,4,1,0,0,1,0,1,0,0,"348959,4271","5659213,984",6.84439392,51.0645527,0,"5,21E+18"
157239,5,3,15,0,2021,9,8,4,3,1,6,0,1,1,0,0,0,0,"349812,5133","5644448,405",6.86266706,50.93208974,0,"5,21E+18"
157255,5,3,15,0,2021,2,0,5,2,8,1,2,0,1,0,0,0,0,"348542,093","5643336,794",6.845062978,50.92176833,0,"5,21E+18"
157268,5,3,15,0,2021,3,12,6,3,9,1,0,0,0,0,1,0,0,"351022,754","5652692,446",6.876500651,51.00648765,1,"5,21E+18"
157289,5,3,15,0,2021,9,15,4,3,5,3,0,1,1,0,0,0,0,"350732,3663","5651519,668",6.872846743,50.99587344,0,"5,21E+18"
157380,5,3,15,0,2021,4,18,2,3,0,2,0,1,1,0,0,0,0,"349161,3156","5645592,56",6.852933111,50.9422015,0,"5,21E+18"
157386,5,3,15,0,2021,5,22,6,2,0,1,2,1,0,0,0,0,0,"349432,848","5644457,804",6.857264158,50.93207521,1,"5,21E+18"
157392,5,3,15,0,2021,7,9,7,3,5,2,0,0,1,0,0,0,0,"348821,6063","5646215,347",6.847842764,50.94770904,0,"5,21E+18"
157425,5,3,15,0,2021,5,21,1,3,0,7,0,0,1,0,0,0,0,"349652,9283","5657056,81",6.855179998,51.04535014,0,"5,21E+18"
157440,5,3,15,0,2021,9,17,4,3,6,6,0,0,1,1,0,0,0,"350966,0487","5658724,36",6.873212259,51.06067728,0,"5,21E+18"
157485,5,3,15,0,2021,5,9,2,3,1,5,0,1,1,0,0,0,0,"347490,659","5645628,026",6.829155966,50.94208073,0,"5,21E+18"
157520,5,3,15,0,2021,5,8,6,3,1,5,0,1,1,0,0,0,0,"350098,2207","5649364,557",6.864705556,50.9763422,0,"5,21E+18"
157535,5,3,15,0,2021,2,10,3,2,0,1,0,1,0,0,0,0,0,"347025,5077","5644905,64",6.822843324,50.93546608,2,"5,21E+18"
157540,5,3,15,0,2021,12,14,4,3,5,3,0,1,1,0,0,0,0,"347743,0396","5648322,369",6.831618718,50.96635914,0,"5,21E+18"
157547,5,3,15,0,2021,10,15,3,3,0,1,0,1,1,0,0,0,0,"354092,9501","5643322,1",6.923989754,50.92306668,1,"5,21E+18"
157550,5,3,15,0,2021,9,8,5,3,3,5,0,1,1,0,0,0,0,"355866,003","5644519,966",6.948726302,50.93427738,0,"5,21E+18"