OBJECTID,ULAND,UREGBEZ,UKREIS,UGEMEINDE,UJAHR,UMONAT,USTUNDE,UWOCHENTAG,UKATEGORIE,UART,UTYP1,ULICHTVERH,IstRad,IstPKW,IstFuss,IstKrad,IstGkfz,IstSonstige,LINREFX,LINREFY,XGCSWGS84,YGCSWGS84,USTRZUSTAND,UIDENTSTLAE
157553,5,3,15,0,2021,3,7,4,3,5,3,1,1,1,0,0,0,0,"351120,171","5650590,542",6.878749946,50.98762446,0,"5,21E+18"
157554,5,3,15,0,2021,9,14,1,3,0,1,0,0,0,0,1,0,0,"355515,1639","5642432,509",6.944563844,50.91542999,0,"5,21E+18"
157556,5,3,15,0,2021,6,14,3,3,5,3,0,1,1,0,0,0,0,"354522,002","5648416,277",6.928055279,50.96895489,1,"5,21E+18"
157557,5,3,15,0,2021,1,9,1,3,5,3,0,1,1,0,0,0,0,"353730,7057","5646869,391",6.917415156,50.95485324,1,"5,21E+18"
157558,5,3,15,0,2021,1,9,6,3,0,5,0,1,0,0,0,0,1,"355039,599","5641607,448",6.938130909,50.90789607,1,"5,21E+18"
157560,5,3,15,0,2021,11,11,7,3,2,6,0,0,1,0,0,0,0,"355337,691","5643971,992",6.941430183,50.92922057,0,"5,21E+18"
157561,5,3,15,0,2021,12,18,6,3,0,2,2,0,1,0,0,0,1,"354732,82","5644530,644",6.932606092,50.93408903,0,"5,21E+18"
157563,5,3,15,0,2021,9,20,3,3,5,2,2,1,1,0,0,0,0,"355788,8954","5643188,76",6.948156274,50.92229477,0,"5,21E+18"
157564,5,3,15,0,2021,4,12,5,3,6,4,0,1,0,1,0,0,0,"353373,394","5647108,792",6.912234914,50.95691384,0,"5,21E+18"
157565,5,3,15,0,2021,9,18,4,3,4,3,0,0,1,0,0,0,1,"353950,0873","5646728,043",6.920593223,50.95363863,0,"5,21E+18"
157566,5,3,15,0,2021,3,13,2,3,3,2,0,1,1,0,0,0,0,"352588,2284","5646902,203",6.901146882,50.95485701,0,"5,21E+18"
157568,5,3,15,0,2021,12,14,7,3,0,1,0,1,0,0,0,0,0,"353599,3427","5646957,598",6.915510654,50.95561256,0,"5,21E+18"
157569,5,3,15,0,2021,6,2,5,3,1,5,2,0,1,0,0,0,1,"355011,239","5641952,106",6.937590878,50.91098632,0,"5,21E+18"
157570,5,3,15,0,2021,9,11,6,3,0,3,0,1,1,0,0,0,0,"352229,4096","5648422,698",6.895424205,50.96842903,0,"5,21E+18"
157574,5,3,15,0,2021,12,11,1,3,0,1,0,1,0,0,0,0,0,"353754,5643","5643142,814",6.919250384,50.92136983,1,"5,21E+18"
157575,5,3,15,0,2021,10,13,6,3,0,1,0,0,0,0,1,0,0,"355255,143","5643026,554",6.940631626,50.9207034,1,"5,21E+18"
157577,5,3,15,0,2021,12,18,6,3,1,5,2,1,1,0,0,0,1,"354118,0489","5643334,754",6.924341555,50.92318675,0,"5,21E+18"
157578,5,3,15,0,2021,12,15,7,3,0,1,0,1,0,0,0,0,0,"354876,1049","5643824,852",6.934924861,50.92778231,1,"5,21E+18"
157579,5,3,15,0,2021,6,17,4,3,9,1,0,0,1,0,0,0,0,"352206,3147","5655572,226",6.892185125,51.03267175,0,"5,21E+18"
157581,5,3,15,0,2021,3,15,1,3,0,7,0,0,1,1,0,0,0,"351272,2417","5645868,004",6.882845882,50.94522514,0,"5,21E+18"
157582,5,3,15,0,2021,6,11,2,3,5,2,0,1,1,0,0,0,0,"355574,0372","5641862,196",6.945626538,50.91031941,0,"5,21E+18"
157584,5,3,15,0,2021,9,17,2,3,2,6,0,0,1,0,0,0,0,"353457,7296","5638475,423",6.916903218,50.87935007,0,"5,21E+18"
157585,5,3,15,0,2021,3,4,1,2,9,1,2,0,1,0,0,0,0,"355211,864","5645929,689",6.938862935,50.94678238,1,"5,21E+18"
157587,5,3,15,0,2021,9,15,5,2,8,1,0,1,0,0,0,0,0,"354121,9566","5648885,703",6.922173407,50.97307227,0,"5,21E+18"
157589,5,3,15,0,2021,11,15,3,3,5,2,0,0,1,0,1,0,0,"354767,3818","5641450,969",6.93432393,50.9064214,1,"5,21E+18"
157592,5,3,15,0,2021,4,8,5,3,0,7,0,0,0,1,0,0,1,"353960,7311","5643252,934",6.922137522,50.92241166,0,"5,21E+18"
157593,5,3,15,0,2021,9,6,4,3,4,6,0,1,0,0,0,0,1,"351220,209","5646126,076",6.882000303,50.94753087,0,"5,21E+18"
157594,5,3,15,0,2021,6,16,3,3,0,7,0,0,1,1,0,0,0,"352941,841","5654486,405",6.90310807,51.02310276,0,"5,21E+18"
157595,5,3,15,0,2021,3,15,2,3,6,4,0,0,1,1,0,0,0,"354318,4823","5643277,59",6.92721423,50.92272367,0,"5,21E+18"
157599,5,3,15,0,2021,10,18,4,2,4,2,2,0,1,0,1,0,0,"355290,103","5641928,925",6.941564064,50.91084798,0,"5,21E+18"
157600,5,3,15,0,2021,9,3,7,3,0,1,2,0,0,0,0,0,1,"354751,7525","5644894,661",6.932730253,50.93736512,0,"5,21E+18"
157602,5,3,15,0,2021,10,13,7,3,3,5,0,1,1,0,0,0,0,"353898,8513","5643708,228",6.921075286,50.92648758,0,"5,21E+18"
157603,5,3,15,0,2021,7,17,7,3,6,7,0,0,1,1,0,0,0,"352516,5581","5647037,994",6.900072151,50.95605896,0,"5,21E+18"
157604,5,3,15,0,2021,4,10,1,3,6,4,0,1,0,1,0,0,0,"354102,8304","5641919,01",6.924691381,50.91046,0,"5,21E+18"
157605,5,3,15,0,2021,5,14,7,3,2,6,0,1,0,0,0,0,0,"355038,9048","5642861,746",6.937622712,50.91916802,0,"5,21E+18"
157608,5,3,15,0,2021,6,21,6,2,5,2,2,0,1,0,1,0,0,"353338,3344","5647132,466",6.911726527,50.95711766,1,"5,21E+18"
157610,5,3,15,0,2021,7,17,4,3,5,5,0,0,1,0,1,0,0,"355422,8886","5640832,177",6.943885974,50.90102494,0,"5,21E+18"
157611,5,3,15,0,2021,12,13,3,3,2,6,0,0,1,0,0,0,0,"351687,2933","5652020,265",6.886240618,51.00061889,0,"5,21E+18"
157614,5,3,15,0,2021,3,12,2,3,1,5,0,0,1,0,0,0,0,"355095,8877","5640900,166",6.939211736,50.90155398,0,"5,21E+18"
157615,5,3,15,0,2021,11,21,2,3,5,3,2,0,1,0,0,0,0,"352440,7431","5645914,093",6.899448939,50.94593958,1,"5,21E+18"
157617,5,3,15,0,2021,5,18,1,3,1,5,0,1,1,0,0,0,0,"355846,4814","5644268,933",6.948547957,50.93201651,0,"5,21E+18"
157618,5,3,15,0,2021,1,13,3,3,0,1,0,1,0,0,0,0,0,"353968,9655","5647213,738",6.920666957,50.95800818,1,"5,21E+18"
157619,5,3,15,0,2021,2,10,4,3,6,4,0,0,1,1,0,0,0,"352607,003","5647604,681",6.901129509,50.96117465,0,"5,21E+18"
157621,5,3,15,0,2021,11,7,3,3,5,2,0,0,1,0,0,0,0,"355303,347","5654611,641",6.936707081,51.02482742,0,"5,21E+18"
157624,5,3,15,0,2021,9,7,4,3,3,7,0,0,1,0,1,0,0,"353130,4465","5645814,651",6.909300172,50.94522207,0,"5,21E+18"
157626,5,3,15,0,2021,10,7,7,3,0,1,2,0,0,0,0,0,1,"355725,4834","5642431,857",6.947554046,50.91547674,1,"5,21E+18"
157628,5,3,15,0,2021,11,7,3,3,6,2,0,0,1,1,0,0,0,"355266,3142","5641785,482",6.941282802,50.90955291,1,"5,21E+18"
157629,5,3,15,0,2021,10,18,6,3,5,3,2,1,0,0,0,0,1,"352476,7267","5648019,325",6.899107592,50.96486751,0,"5,21E+18"
157630,5,3,15,0,2021,7,10,1,3,4,6,0,0,1,0,0,0,1,"354074,4327","5644154,515",6.9233933,50.93054266,0,"5,21E+18"
157631,5,3,15,0,2021,4,13,3,3,6,4,0,0,1,1,0,0,0,"355008,5186","5647044,918",6.935526074,50.95675354,1,"5,21E+18"
157635,5,3,15,0,2021,6,0,1,3,0,1,2,1,0,0,0,0,0,"355530,0298","5641343,849",6.945206164,50.90565008,0,"5,21E+18"
157638,5,3,15,0,2021,11,8,3,3,6,4,0,1,0,1,0,0,0,"355211,9917","5645862,266",6.938891558,50.94617651,0,"5,21E+18"
157640,5,3,15,0,2021,9,13,4,3,0,5,0,0,1,0,0,0,1,"353901,0434","5643221,479",6.921301478,50.92211387,0,"5,21E+18"
157642,5,3,15,0,2021,4,13,6,3,0,6,0,0,1,0,0,0,0,"354909,798","5647918,015",6.933773286,50.96457497,0,"5,21E+18"
157643,5,3,15,0,2021,2,2,7,3,0,1,2,0,0,0,0,0,1,"351548,315","5645784,823",6.886806854,50.94454879,0,"5,21E+18"
157644,5,3,15,0,2021,5,14,5,3,5,3,0,1,0,0,0,0,1,"355870,3501","5642776,012",6.949477529,50.91860582,0,"5,21E+18"
157645,5,3,15,0,2021,9,16,6,3,5,3,0,0,1,0,0,0,0,"352953,098","5647474,526",6.90610696,50.96009343,0,"5,21E+18"
157646,5,3,15,0,2021,3,11,6,3,0,6,0,0,1,0,0,0,1,"354028,8024","5646679,359",6.921732674,50.95322106,0,"5,21E+18"
157650,5,3,15,0,2021,12,6,4,3,5,3,2,1,1,0,0,0,0,"353641,2448","5647636,852",6.915833675,50.96172739,1,"5,21E+18"
157653,5,3,15,0,2021,12,16,5,3,5,3,0,1,1,0,0,0,0,"352567,7664","5642869,557",6.902487372,50.91861215,1,"5,21E+18"
157657,5,3,15,0,2021,6,18,4,3,1,5,0,1,1,0,0,0,0,"353905,429","5646756,064",6.919946597,50.95387912,0,"5,21E+18"
157658,5,3,15,0,2021,6,9,2,3,0,7,0,1,1,0,0,0,0,"352675,1273","5652184,779",6.900242362,51.00235107,0,"5,21E+18"
157659,5,3,15,0,2021,11,19,6,3,5,3,2,1,1,0,0,0,0,"354209,2784","5642698,334",6.925893083,50.91749047,1,"5,21E+18"
157660,5,3,15,0,2021,10,10,3,3,4,2,0,1,1,0,0,0,0,"355037,9076","5645972,651",6.936371187,50.94712476,0,"5,21E+18"
157664,5,3,15,0,2021,10,6,7,2,6,4,2,0,0,1,0,0,1,"353130,1951","5642918,174",6.910463749,50.91919247,0,"5,21E+18"
157665,5,3,15,0,2021,6,8,4,3,0,3,0,1,1,0,0,0,0,"355504,383","5643362,279",6.944042244,50.92378297,0,"5,21E+18"
157667,5,3,15,0,2021,10,10,5,3,0,7,0,0,1,0,0,0,0,"355805,7056","5647995,725",6.946492297,50.96549826,1,"5,21E+18"
157669,5,3,15,0,2021,11,17,7,2,5,2,2,0,0,0,1,0,1,"354150,8027","5655495,387",6.919928402,51.03247798,1,"5,21E+18"
157670,5,3,15,0,2021,11,17,6,3,3,6,1,1,1,0,0,0,0,"355180,1602","5644086,405",6.939144588,50.93020925,0,"5,21E+18"
157671,5,3,15,0,2021,9,8,7,2,7,1,0,0,1,0,0,0,1,"352453,2658","5647481,163",6.898991954,50.96002531,0,"5,21E+18"
157672,5,3,15,0,2021,6,16,5,3,1,5,0,1,1,0,0,0,0,"354034,1034","5643519,305",6.923074114,50.92482402,0,"5,21E+18"
157674,5,3,15,0,2021,11,11,4,2,6,4,0,0,1,1,0,0,0,"351790,2762","5645248,129",6.890467007,50.93978805,1,"5,21E+18"
157676,5,3,15,0,2021,7,11,3,3,5,3,0,1,1,0,0,0,0,"352978,1298","5643125,338",6.908218329,50.92101546,1,"5,21E+18"
157678,5,3,15,0,2021,3,8,6,2,0,2,0,0,1,0,1,0,0,"355702,02","5647430,586",6.945240831,50.96039353,0,"5,21E+18"
157679,5,3,15,0,2021,12,8,6,3,0,3,0,1,1,0,0,0,0,"352736,03","5644611,921",6.904175791,50.93431303,0,"5,21E+18"
157680,5,3,15,0,2021,1,14,7,3,0,1,0,1,0,0,0,0,0,"354361,4632","5643450,66",6.927756222,50.92428986,0,"5,21E+18"
157681,5,3,15,0,2021,6,23,6,3,0,1,2,0,0,0,0,0,1,"353709,1273","5646930,308",6.917083656,50.9553952,0,"5,21E+18"
157682,5,3,15,0,2021,11,19,3,3,0,5,2,1,0,0,0,0,1,"355135,3868","5644557,036",6.938320825,50.93442747,0,"5,21E+18"
157686,5,3,15,0,2021,2,17,6,2,0,1,1,1,0,0,0,0,0,"351614,228","5643064,483",6.888851933,50.92011945,1,"5,21E+18"
157688,5,3,15,0,2021,9,20,2,3,0,1,2,0,0,0,0,0,1,"353016,2252","5648325,695",6.906661355,50.96775861,1,"5,21E+18"
157690,5,3,15,0,2021,6,7,3,3,0,4,0,1,1,1,0,0,0,"354114,4716","5645706,534",6.923341283,50.9445003,0,"5,21E+18"
157691,5,3,15,0,2021,11,0,1,3,0,1,2,0,0,0,0,0,1,"355014,539","5647048,365",6.935610363,50.95678603,1,"5,21E+18"
157693,5,3,15,0,2021,9,23,4,2,5,2,2,0,1,0,1,0,0,"353425,1949","5647074,888",6.912985619,50.95662234,0,"5,21E+18"
157697,5,3,15,0,2021,7,17,3,3,2,1,0,0,1,0,0,0,0,"354648,9751","5646831,691",6.930495397,50.95474676,0,"5,21E+18"
157698,5,3,15,0,2021,5,19,7,3,9,1,0,1,0,0,0,0,0,"353741,3006","5646991,065",6.91751701,50.95594936,0,"5,21E+18"
157699,5,3,15,0,2021,5,23,6,3,0,7,2,1,1,0,0,0,0,"355163,552","5645899,302",6.938187749,50.94649717,0,"5,21E+18"
157701,5,3,15,0,2021,9,19,4,3,5,7,0,1,1,0,0,0,0,"355475,5444","5645683,784",6.94271156,50.94463866,0,"5,21E+18"
157702,5,3,15,0,2021,12,12,3,3,0,7,0,0,1,0,1,0,0,"354864,375","5644520,088",6.934481241,50.93402729,1,"5,21E+18"
157703,5,3,15,0,2021,10,10,3,2,0,1,0,0,0,0,1,0,0,"351704,3243","5648292,178",6.888004481,50.96712118,1,"5,21E+18"
157704,5,3,15,0,2021,6,5,7,3,0,5,0,0,1,0,0,0,1,"355992,1326","5645700,811",6.950053358,50.94492095,1,"5,21E+18"
157705,5,3,15,0,2021,4,10,7,3,4,2,0,0,1,0,0,0,0,"352901,398","5647401,582",6.905400782,50.95942472,1,"5,21E+18"
157706,5,3,15,0,2021,5,9,4,3,5,3,0,1,0,0,0,0,1,"353905,8967","5643060,202",6.921435086,50.92066575,0,"5,21E+18"
157707,5,3,15,0,2021,5,17,7,3,1,3,0,1,1,0,0,0,0,"351102,3569","5646100,938",6.88033409,50.94727453,0,"5,21E+18"
157708,5,3,15,0,2021,3,13,1,3,0,5,0,1,1,0,0,0,0,"352656,1996","5645098,512",6.902843722,50.93866543,0,"5,21E+18"
157710,5,3,15,0,2021,7,7,6,3,0,1,0,0,0,0,1,0,0,"353536,5836","5645674,437",6.915133852,50.94406534,1,"5,21E+18"
157711,5,3,15,0,2021,6,0,3,3,1,3,2,1,0,0,0,0,1,"355021,0176","5643950,327",6.936935601,50.92894637,0,"5,21E+18"
157715,5,3,15,0,2021,12,11,4,3,3,6,0,1,1,0,0,0,0,"354680,3288","5642171,7",6.932799627,50.91287654,1,"5,21E+18"
157717,5,3,15,0,2021,2,17,4,3,6,7,0,0,1,1,0,0,0,"353986,7245","5647215,401",6.920918981,50.95802763,0,"5,21E+18"
157718,5,3,15,0,2021,11,5,1,3,6,4,2,0,1,1,0,0,0,"355296,6925","5645352,592",6.940298953,50.94161745,0,"5,21E+18"
157720,5,3,15,0,2021,9,17,7,3,3,2,0,1,1,0,0,0,0,"354141,81","5642680,013",6.924941235,50.91730878,0,"5,21E+18"
157721,5,3,15,0,2021,11,2,7,3,1,5,2,0,1,0,0,0,1,"355100,3502","5648404,151",6.936291406,50.96899168,1,"5,21E+18"
157722,5,3,15,0,2021,2,0,5,3,1,7,2,1,1,0,0,0,0,"352002,699","5647091,044",6.892739334,50.95640396,0,"5,21E+18"
157724,5,3,15,0,2021,10,0,2,3,9,5,2,0,1,0,0,0,1,"355531,6249","5645904,212",6.943421872,50.94663365,0,"5,21E+18"
157726,5,3,15,0,2021,2,14,1,3,0,3,0,1,1,0,0,0,0,"355686,416","5644203,259",6.946297629,50.93138628,0,"5,21E+18"
157728,5,3,15,0,2021,9,9,3,3,0,1,0,1,0,0,0,0,0,"353758,8593","5642194,439",6.919691639,50.91284816,0,"5,21E+18"
157730,5,3,15,0,2021,5,13,7,3,5,2,0,1,1,0,0,0,0,"352443,3626","5646674,604",6.899178015,50.95277462,0,"5,21E+18"
157731,5,3,15,0,2021,9,9,5,3,5,2,0,1,0,0,0,0,1,"354179,2664","5646580,821",6.923912872,50.95237362,0,"5,21E+18"
157732,5,3,15,0,2021,9,5,7,2,0,1,2,0,0,0,0,0,1,"354837,6625","5645605,52",6.93366888,50.94377506,0,"5,21E+18"
157734,5,3,15,0,2021,3,14,5,3,4,6,0,1,1,0,0,0,0,"353411,0161","5646773,346",6.912905312,50.95390889,0,"5,21E+18"
157735,5,3,15,0,2021,11,13,6,3,5,3,0,0,1,0,1,0,0,"353034,6163","5646030,285",6.907849977,50.94713545,0,"5,21E+18"
157740,5,3,15,0,2021,5,14,7,3,5,3,0,1,1,0,0,0,0,"353750,9091","5647442,906",6.917472152,50.96001233,1,"5,21E+18"
157741,5,3,15,0,2021,4,12,1,3,5,3,0,1,1,0,0,0,0,"355156,2672","5644988,467",6.938446295,50.93830988,1,"5,21E+18"
157742,5,3,15,0,2021,9,17,2,3,0,5,0,1,1,0,0,0,1,"352332,0418","5646198,197",6.897787454,50.94846486,0,"5,21E+18"
157743,5,3,15,0,2021,7,17,1,3,5,2,0,0,1,0,0,0,0,"355313,7895","5642609,539",6.941630863,50.91697048,0,"5,21E+18"
157744,5,3,15,0,2021,12,1,7,3,0,1,2,1,0,0,0,0,0,"354772,1915","5643769,98",6.933469085,50.92726305,1,"5,21E+18"
157747,5,3,15,0,2021,9,20,1,3,0,7,1,1,0,1,0,0,0,"352815,9154","5641519,535",6.90655981,50.90654336,0,"5,21E+18"
157748,5,3,15,0,2021,11,9,3,2,6,2,0,0,1,1,0,0,0,"354098,0209","5651349,831",6.920843395,50.99521034,0,"5,21E+18"
157749,5,3,15,0,2021,6,12,3,3,6,4,0,1,0,1,0,0,0,"352452,7499","5645020,628",6.899981624,50.9379135,0,"5,21E+18"
157750,5,3,15,0,2021,5,13,1,3,1,5,0,1,1,0,0,0,0,"354476,0988","5648445,329",6.927390345,50.96920438,0,"5,21E+18"
157751,5,3,15,0,2021,3,16,3,3,0,5,0,1,1,0,0,0,0,"353732,7709","5651058,372",6.915759504,50.99249842,0,"5,21E+18"
157753,5,3,15,0,2021,1,7,5,3,6,7,0,0,1,1,0,0,0,"352194,4137","5647134,477",6.895449456,50.95684348,1,"5,21E+18"
157755,5,3,15,0,2021,5,15,3,3,0,4,0,1,0,1,0,0,0,"355259,7906","5642831,363",6.940775164,50.91895042,1,"5,21E+18"
157756,5,3,15,0,2021,12,11,3,3,7,1,0,1,0,0,0,0,0,"355466,5636","5644319,409",6.943125042,50.93237505,1,"5,21E+18"
157758,5,3,15,0,2021,2,22,4,3,0,1,2,0,0,0,0,0,1,"353842,2191","5647099,116",6.91890952,50.95694598,0,"5,21E+18"
157759,5,3,15,0,2021,10,15,6,3,6,4,0,0,0,1,0,0,1,"355332,2133","5645086,919",6.940909704,50.93923882,0,"5,21E+18"
157760,5,3,15,0,2021,12,17,1,3,5,3,2,1,1,0,0,0,0,"352360,9926","5645618,125",6.898434454,50.94325944,0,"5,21E+18"
157761,5,3,15,0,2021,11,9,5,3,2,6,0,0,1,0,0,0,0,"354149,5384","5644164,055",6.924457531,50.9306474,0,"5,21E+18"
157762,5,3,15,0,2021,6,14,5,3,0,2,0,0,1,0,1,0,0,"355177,6284","5654766,118",6.934853944,51.02618399,0,"5,21E+18"
157764,5,3,15,0,2021,6,15,4,3,0,1,0,0,0,0,1,0,0,"354065,3407","5636577,87",6.926291455,50.86245091,0,"5,21E+18"
157765,5,3,15,0,2021,12,13,7,3,0,7,0,1,0,0,0,0,0,"353510,4026","5646703,626",6.914347404,50.95330761,0,"5,21E+18"
157766,5,3,15,0,2021,7,19,4,2,8,1,0,1,1,0,0,0,0,"354994,2471","5644009,63",6.936531329,50.92947259,0,"5,21E+18"
157768,5,3,15,0,2021,5,15,1,2,0,5,0,0,1,0,1,0,0,"353161,2248","5642670,246",6.911004701,50.91697233,0,"5,21E+18"
157769,5,3,15,0,2021,1,8,6,3,5,3,0,0,1,0,0,0,1,"355326,9181","5644419,511",6.941099365,50.93323964,0,"5,21E+18"
157770,5,3,15,0,2021,5,12,7,3,5,3,0,0,1,0,0,0,1,"355495,6039","5643374,589",6.943912538,50.92389141,0,"5,21E+18"
157771,5,3,15,0,2021,2,6,3,3,5,3,1,0,1,0,0,0,0,"355995,4755","5652119,363",6.947558936,51.00260385,0,"5,21E+18"
157772,5,3,15,0,2021,9,15,4,3,1,5,0,0,1,0,0,0,0,"353343,7846","5646604,667",6.91201672,50.95237594,0,"5,21E+18"
157776,5,3,15,0,2021,6,8,2,3,6,4,0,1,0,1,0,0,0,"354195,4481","5642625,803",6.925725452,50.91683517,0,"5,21E+18"
157777,5,3,15,0,2021,11,3,6,3,5,2,2,0,1,0,0,0,1,"355028,4867","5645987,538",6.936231241,50.94725617,0,"5,21E+18"
157778,5,3,15,0,2021,5,12,7,3,2,6,0,0,1,0,1,0,0,"351875,0481","5644662,527",6.891910784,50.93454732,0,"5,21E+18"
157779,5,3,15,0,2021,10,18,7,3,0,1,0,0,0,0,1,0,0,"353232,015","5653116,37",6.907797042,51.01086513,0,"5,21E+18"
157781,5,3,15,0,2021,2,12,7,3,0,1,0,0,0,0,1,0,0,"355815,1019","5648680,715",6.946354479,50.97165646,0,"5,21E+18"
157786,5,3,15,0,2021,9,8,5,3,6,4,0,1,0,1,0,0,0,"354069,013","5642679,113",6.923906671,50.91728229,0,"5,21E+18"
157787,5,3,15,0,2021,5,18,7,2,0,1,1,1,0,0,0,0,0,"354795,327","5643781,421",6.933793508,50.92737169,1,"5,21E+18"
157789,5,3,15,0,2021,12,16,3,3,0,5,0,1,1,0,0,0,0,"355914,8882","5645304,363",6.94911136,50.94133884,1,"5,21E+18"
157790,5,3,15,0,2021,9,9,5,3,5,3,0,0,1,0,1,0,0,"353281,8109","5642546,725",6.912768673,50.91589296,0,"5,21E+18"
157793,5,3,15,0,2021,9,17,3,3,6,6,0,1,0,1,0,0,0,"355607,2206","5644616,844",6.945007531,50.93508327,0,"5,21E+18"
157796,5,3,15,0,2021,11,8,3,3,0,7,0,1,1,0,0,0,0,"353616,778","5643325,532",6.917218031,50.92297691,0,"5,21E+18"
157797,5,3,15,0,2021,2,17,5,3,1,5,1,1,1,0,0,0,0,"355161,6233","5645644,958",6.938261461,50.94421095,0,"5,21E+18"
157798,5,3,15,0,2021,2,18,4,3,3,6,2,1,1,0,0,0,0,"352303,7443","5645481,493",6.89767554,50.94201693,1,"5,21E+18"
157799,5,3,15,0,2021,6,11,3,3,0,5,0,1,1,0,0,0,0,"355286,9323","5641948,798",6.941511112,50.91102577,0,"5,21E+18"
157802,5,3,15,0,2021,10,21,3,3,3,1,2,0,1,0,1,0,0,"355800,9679","5642601,634",6.948560043,50.91702138,1,"5,21E+18"
157803,5,3,15,0,2021,12,13,2,3,5,3,0,0,1,0,0,0,0,"353494,7427","5651798,999",6.912071337,50.99909355,1,"5,21E+18"
157804,5,3,15,0,2021,4,13,7,3,0,1,0,1,0,0,0,0,0,"353819,1578","5642290,445",6.92051033,50.91372621,0,"5,21E+18"
157806,5,3,15,0,2021,9,12,2,3,6,4,0,1,0,1,0,0,0,"354154,8605","5642666,943",6.925131993,50.91719462,0,"5,21E+18"
157808,5,3,15,0,2021,6,15,7,3,5,3,0,0,1,0,1,0,0,"351595,996","5650141,56",6.885707955,50.98371259,0,"5,21E+18"
157810,5,3,15,0,2021,4,9,3,3,0,7,0,0,0,0,0,0,1,"353313,4379","5650545,149",6.909995681,50.9877796,0,"5,21E+18"
157811,5,3,15,0,2021,6,11,3,3,0,4,0,1,0,1,0,0,0,"355461,022","5644098,338",6.943133897,50.93038694,0,"5,21E+18"
157812,5,3,15,0,2021,9,15,7,3,0,1,0,1,0,0,0,0,0,"355740,6286","5647242,248",6.945864888,50.95871064,0,"5,21E+18"
157813,5,3,15,0,2021,12,8,6,3,0,1,0,1,0,0,0,0,0,"353888,5379","5650620,984",6.918153467,50.98860736,2,"5,21E+18"
157814,5,3,15,0,2021,2,15,4,3,6,3,0,0,0,1,0,0,1,"355265,9937","5641766,352",6.941285833,50.90938092,0,"5,21E+18"
157815,5,3,15,0,2021,6,10,5,2,0,7,0,1,0,0,0,0,0,"352397,2102","5643490,553",6.899811291,50.92414918,1,"5,21E+18"
157817,5,3,15,0,2021,9,2,1,2,3,6,2,1,0,0,0,0,1,"354969,978","5647022,798",6.934986505,50.95654506,0,"5,21E+18"
157820,5,3,15,0,2021,10,15,4,3,5,3,0,1,0,1,0,0,0,"352919,1768","5643191,551",6.90735346,50.92159546,0,"5,21E+18"
157822,5,3,15,0,2021,10,13,6,3,3,6,0,0,1,0,1,0,0,"355775,2743","5649397,996",6.945503079,50.97809251,0,"5,21E+18"
157823,5,3,15,0,2021,7,7,3,3,6,7,0,0,1,1,0,0,0,"354535,651","5645320,241",6.92948678,50.94113522,1,"5,21E+18"
157824,5,3,15,0,2021,4,20,5,3,2,6,0,0,1,0,0,0,1,"353637,4255","5646614,622",6.916190402,50.95254004,0,"5,21E+18"
157826,5,3,15,0,2021,6,17,4,2,5,3,0,1,1,0,0,0,0,"352600,9076","5654533,895",6.898230916,51.02344222,0,"5,21E+18"
157827,5,3,15,0,2021,11,0,6,3,0,1,2,1,0,0,0,0,0,"354043,5215","5645275,624",6.922504688,50.9406099,0,"5,21E+18"
157828,5,3,15,0,2021,9,22,6,2,7,1,2,0,0,0,0,0,1,"355429,0484","5644984,972",6.942327483,50.93834693,0,"5,21E+18"
157829,5,3,15,0,2021,6,2,1,2,0,1,2,0,0,0,0,0,1,"354802,6294","5643784,879",6.933895969,50.9274046,1,"5,21E+18"
157830,5,3,15,0,2021,9,19,1,1,0,1,1,0,0,0,1,0,0,"351610,5349","5645951,588",6.887623959,50.94606344,0,"5,21E+18"
157831,5,3,15,0,2021,6,16,1,3,9,1,0,0,0,0,0,0,1,"355862,1145","5644408,377",6.948715133,50.93327357,0,"5,21E+18"
157833,5,3,15,0,2021,12,1,2,3,8,1,2,0,1,0,0,0,0,"353042,709","5650877,715",6.906006537,50.99069916,1,"5,21E+18"
157834,5,3,15,0,2021,6,17,1,3,1,7,0,0,1,0,1,0,0,"354082,2465","5646646,508",6.922506217,50.95293938,0,"5,21E+18"
157836,5,3,15,0,2021,4,9,2,3,5,3,0,1,1,0,0,0,0,"351922,8461","5645345,345",6.892313052,50.94069575,1,"5,21E+18"
157837,5,3,15,0,2021,9,14,1,2,5,3,0,0,1,0,1,0,0,"353231,5863","5653231,288",6.907744452,51.01189773,0,"5,21E+18"
157840,5,3,15,0,2021,5,18,6,3,5,3,0,1,1,0,0,0,0,"354443,0805","5646716,417",6.927612016,50.95365887,0,"5,21E+18"
157844,5,3,15,0,2021,6,11,3,3,6,4,0,0,1,0,0,0,1,"354197,8098","5647678,5",6.923736963,50.96224278,0,"5,21E+18"
157845,5,3,15,0,2021,10,19,4,3,0,1,2,1,0,0,0,0,0,"354854,8445","5643810,014",6.934628448,50.92764363,1,"5,21E+18"
157846,5,3,15,0,2021,10,14,1,2,8,1,0,0,0,0,1,0,0,"351989,5735","5651580,014",6.89072506,50.99674046,0,"5,21E+18"
157847,5,3,15,0,2021,5,17,5,3,5,3,0,0,1,0,0,0,0,"355971,0311","5647366,882",6.949094054,50.95988834,0,"5,21E+18"