OBJECTID,ULAND,UREGBEZ,UKREIS,UGEMEINDE,UJAHR,UMONAT,USTUNDE,UWOCHENTAG,UKATEGORIE,UART,UTYP1,ULICHTVERH,IstRad,IstPKW,IstFuss,IstKrad,IstGkfz,IstSonstige,LINREFX,LINREFY,XGCSWGS84,YGCSWGS84,USTRZUSTAND,UIDENTSTLAE
157849,5,3,15,0,2021,9,7,5,3,9,6,0,1,1,0,0,0,0,"354174,8892","5650157,339",6.922416704,50.98451338,0,"5,21E+18"
157852,5,3,15,0,2021,11,16,1,3,2,6,1,0,1,0,0,0,0,"354322,2499","5642980,295",6.92738655,50.92005291,0,"5,21E+18"
157853,5,3,15,0,2021,5,16,1,3,0,1,0,1,0,0,0,0,0,"353809,2123","5657767,176",6.914143194,51.05280656,0,"5,21E+18"
157854,5,3,15,0,2021,5,20,6,3,0,1,1,1,0,0,0,0,0,"355092,6962","5644012,333",6.93793024,50.92952162,0,"5,21E+18"
157856,5,3,15,0,2021,9,7,4,3,2,7,0,1,1,0,0,0,0,"355457,562","5647231,108",6.941841454,50.95853959,0,"5,21E+18"
157857,5,3,15,0,2021,6,1,1,2,0,1,2,0,0,0,0,0,1,"354708,5136","5643728,029",6.932580325,50.92687001,0,"5,21E+18"
157858,5,3,15,0,2021,9,20,5,3,5,3,2,0,1,0,0,0,0,"351646,3224","5646066,552",6.888086205,50.94710577,0,"5,21E+18"
157859,5,3,15,0,2021,6,17,2,3,5,3,0,1,0,0,0,0,0,"355774,736","5641793,058",6.948506724,50.90974826,0,"5,21E+18"
157860,5,3,15,0,2021,1,7,2,3,0,1,2,1,0,0,0,0,0,"353813,8912","5642282,06",6.920438822,50.91364952,1,"5,21E+18"
157861,5,3,15,0,2021,9,18,2,3,1,5,0,1,1,0,0,0,0,"352475,7469","5642773,012",6.901218199,50.91772102,0,"5,21E+18"
157862,5,3,15,0,2021,10,13,6,3,0,5,0,1,1,0,0,0,0,"354125,1723","5642696,675",6.924698041,50.91745431,0,"5,21E+18"
157865,5,3,15,0,2021,9,6,4,2,1,3,1,0,0,0,1,1,0,"352040,8497","5645981,45",6.893733078,50.94644239,0,"5,21E+18"
157866,5,3,15,0,2021,11,16,2,3,2,5,0,0,1,0,0,0,1,"353040,0914","5643277,723",6.909037866,50.92240067,0,"5,21E+18"
157869,5,3,15,0,2021,6,14,1,3,7,1,0,1,0,0,0,0,0,"355751,7209","5644602,368",6.947068372,50.93498934,0,"5,21E+18"
157870,5,3,15,0,2021,6,15,6,2,6,4,0,0,1,1,0,0,0,"353748,5693","5646857,504",6.917674095,50.95475094,0,"5,21E+18"
157871,5,3,15,0,2021,9,17,5,2,0,3,0,0,1,1,0,0,0,"355262,1189","5641783,85",6.941223816,50.9095372,0,"5,21E+18"
157872,5,3,15,0,2021,12,15,4,3,5,3,1,0,1,0,0,0,0,"352493,5307","5646963,333",6.899774769,50.95538213,0,"5,21E+18"
157873,5,3,15,0,2021,11,18,4,3,0,1,2,1,0,0,0,0,0,"354075,1399","5643312,823",6.923740235,50.92297881,1,"5,21E+18"
157874,5,3,15,0,2021,6,19,2,3,0,1,0,1,0,0,0,0,0,"354976,3389","5643911,677",6.936315635,50.9285878,0,"5,21E+18"
157877,5,3,15,0,2021,11,9,5,3,6,2,0,0,1,1,0,0,0,"353461,6513","5648136,578",6.913076777,50.96617258,1,"5,21E+18"
157878,5,3,15,0,2021,7,12,6,3,0,2,0,1,1,0,0,0,0,"353028,4526","5646382,116",6.907620291,50.95029564,0,"5,21E+18"
157879,5,3,15,0,2021,10,19,1,3,0,6,2,0,1,0,0,0,1,"351278,8717","5647417,194",6.882307349,50.95914854,0,"5,21E+18"
157880,5,3,15,0,2021,6,16,2,3,0,1,0,1,0,0,0,0,0,"355557,2266","5641577,842",6.945500121,50.90775975,0,"5,21E+18"
157882,5,3,15,0,2021,9,6,1,2,5,3,2,1,1,0,0,0,0,"353557,686","5643062,995",6.916483268,50.92060258,0,"5,21E+18"
157884,5,3,15,0,2021,9,16,5,3,3,2,0,1,1,0,0,0,0,"352348,6293","5645784,345",6.898191215,50.94475001,0,"5,21E+18"
157885,5,3,15,0,2021,9,12,4,3,0,1,0,1,0,0,0,0,0,"354047,9307","5645756,549",6.922374706,50.94493293,1,"5,21E+18"
157887,5,3,15,0,2021,6,20,3,3,5,3,0,1,1,0,0,0,0,"355005,8155","5649278,796",6.934597194,50.97682806,1,"5,21E+18"
157891,5,3,15,0,2021,6,7,5,3,0,3,0,1,1,0,0,0,0,"354054,3165","5647605,82",6.921724167,50.9615533,0,"5,21E+18"
157895,5,3,15,0,2021,4,17,4,3,5,2,0,1,1,0,0,0,0,"353549,9878","5647805,658",6.91446714,50.9632212,0,"5,21E+18"
157896,5,3,15,0,2021,10,17,6,3,4,6,0,1,0,0,0,0,0,"355115,8724","5645932,796",6.937496153,50.94678619,0,"5,21E+18"
157899,5,3,15,0,2021,5,19,4,3,5,3,0,1,1,0,0,0,0,"355416,1806","5644614,323",6.942291531,50.93501275,1,"5,21E+18"
157902,5,3,15,0,2021,12,19,5,3,2,6,2,0,1,0,0,0,0,"353743,5437","5638697,937",6.920874175,50.88142216,1,"5,21E+18"
157905,5,3,15,0,2021,3,22,5,3,3,6,2,0,1,0,0,0,0,"355019,6197","5646015,946",6.936093791,50.94750924,1,"5,21E+18"
157910,5,3,15,0,2021,5,23,6,2,0,1,2,1,0,0,0,0,0,"354409,8739","5648556,021",6.926403493,50.97018239,0,"5,21E+18"
157911,5,3,15,0,2021,6,13,1,3,0,1,0,1,0,0,0,0,0,"353601,9529","5647710,962",6.915244731,50.96238341,0,"5,21E+18"
157912,5,3,15,0,2021,11,11,4,3,1,3,0,1,1,0,0,0,0,"355142,6998","5643927,179",6.93867515,50.92876892,0,"5,21E+18"
157917,5,3,15,0,2021,11,7,3,3,3,6,1,1,1,0,0,0,0,"355914,5358","5647237,192",6.948341486,50.95870872,1,"5,21E+18"
157918,5,3,15,0,2021,6,6,7,3,5,3,0,0,1,0,0,0,0,"353387,8238","5648041,833",6.912064294,50.96530236,0,"5,21E+18"
157919,5,3,15,0,2021,6,16,3,3,0,7,0,0,0,0,0,0,1,"353052,9963","5653673,494",6.905021267,51.015826,0,"5,21E+18"
157920,5,3,15,0,2021,11,11,6,3,0,1,0,1,0,0,0,0,0,"353986,4493","5647213,911",6.920915664,50.95801417,1,"5,21E+18"
157921,5,3,15,0,2021,6,19,4,3,5,3,0,1,1,0,0,0,0,"352495,595","5644619,692",6.900753288,50.93432143,0,"5,21E+18"
157923,5,3,15,0,2021,11,12,7,3,0,1,0,0,0,0,1,0,0,"354883,055","5637760,805",6.937433723,50.8732876,0,"5,21E+18"
157924,5,3,15,0,2021,9,19,6,3,2,6,0,1,1,0,0,0,0,"351533,4941","5648675,769",6.885416747,50.97052428,0,"5,21E+18"
157929,5,3,15,0,2021,12,15,2,3,1,6,0,0,1,0,0,0,0,"355920,112","5651338,657",6.946795343,50.99556899,1,"5,21E+18"
157931,5,3,15,0,2021,7,14,5,2,6,7,0,0,1,1,0,0,0,"353668,4264","5643305,771",6.91796031,50.92281242,0,"5,21E+18"
157933,5,3,15,0,2021,1,14,4,3,5,3,0,0,1,0,0,0,1,"352440,2636","5645090,245",6.899775842,50.93853592,0,"5,21E+18"
157935,5,3,15,0,2021,11,17,4,3,0,3,2,1,1,0,0,0,0,"355039,2913","5645981,206",6.936387466,50.94720199,0,"5,21E+18"
157936,5,3,15,0,2021,4,18,3,2,0,1,0,1,0,0,0,0,0,"351859,9835","5646471,004",6.890961066,50.95079532,0,"5,21E+18"
157937,5,3,15,0,2021,11,16,5,3,5,3,0,1,1,0,0,0,0,"353280,582","5642548,013",6.912750686,50.91590422,0,"5,21E+18"
157938,5,3,15,0,2021,5,13,6,3,5,2,0,1,1,0,0,0,0,"353268,3861","5653254,554",6.908259267,51.0121162,0,"5,21E+18"
157940,5,3,15,0,2021,11,12,2,2,6,2,0,0,1,1,0,0,0,"355621,119","5644917,568",6.945086044,50.9377893,1,"5,21E+18"
157943,5,3,15,0,2021,11,15,3,3,0,5,0,1,1,0,0,0,0,"355225,5913","5647459,166",6.938449949,50.96053086,0,"5,21E+18"
157949,5,3,15,0,2021,9,19,6,3,2,7,1,0,1,0,1,0,1,"352931,5167","5647932,133",6.90561491,50.96420023,0,"5,21E+18"
157952,5,3,15,0,2021,11,11,4,3,1,5,0,0,1,0,0,1,0,"352768,2933","5647174,674",6.9035986,50.95735161,0,"5,21E+18"
157954,5,3,15,0,2021,6,7,2,2,0,7,0,1,0,0,0,0,0,"353399,5478","5643832,513",6.913925571,50.92747782,0,"5,21E+18"
157955,5,3,15,0,2021,7,10,3,3,1,5,0,1,1,0,0,0,0,"355032,3275","5645214,27",6.936593642,50.94030797,1,"5,21E+18"
157957,5,3,15,0,2021,4,12,5,3,5,3,0,1,1,0,0,0,0,"352696,2295","5647548,023",6.902422116,50.96068831,0,"5,21E+18"
157958,5,3,15,0,2021,12,19,7,3,0,7,2,1,0,0,0,0,1,"355277,2709","5642472,294",6.941166138,50.91572792,0,"5,21E+18"
157959,5,3,15,0,2021,6,7,5,3,0,6,0,1,1,0,0,0,0,"355664,1249","5648176,865",6.944405524,50.96709066,0,"5,21E+18"
157962,5,3,15,0,2021,6,13,3,3,2,6,0,0,1,0,0,0,0,"355375,132","5648235,942",6.940269114,50.9675491,0,"5,21E+18"
157965,5,3,15,0,2021,2,17,5,3,1,5,0,1,1,0,0,0,0,"354293,1614","5645941,468",6.925789132,50.94665677,0,"5,21E+18"
157967,5,3,15,0,2021,9,6,5,2,8,1,1,0,0,0,0,0,1,"352188,9208","5653602,583",6.892740189,51.01496732,0,"5,21E+18"
157968,5,3,15,0,2021,5,15,1,3,1,5,0,1,1,0,0,0,1,"356039,7698","5646185,603",6.950539364,50.94928958,0,"5,21E+18"
157972,5,3,15,0,2021,6,15,6,3,4,7,0,1,0,0,0,0,1,"355691,6476","5645363,457",6.945912555,50.94181408,0,"5,21E+18"
157975,5,3,15,0,2021,6,10,4,2,6,4,0,0,0,1,1,0,0,"355200,021","5643716,626",6.939573896,50.92689111,0,"5,21E+18"
157977,5,3,15,0,2021,12,14,3,2,6,4,0,0,1,1,0,0,0,"354376,5721","5655229,839",6.923252713,51.03014887,0,"5,21E+18"
157978,5,3,15,0,2021,6,13,2,3,0,1,0,1,0,0,0,0,0,"354880,9321","5646087,758",6.934092223,50.9481197,0,"5,21E+18"
157980,5,3,15,0,2021,6,13,7,3,1,5,0,1,1,0,0,0,0,"355882,4357","5644606,65",6.948925727,50.9350605,0,"5,21E+18"
157982,5,3,15,0,2021,11,16,6,3,5,3,0,1,1,0,0,0,0,"351126,6549","5646106,072",6.880677637,50.94732695,1,"5,21E+18"
157983,5,3,15,0,2021,7,16,5,3,0,7,0,1,0,0,0,0,1,"355523,4107","5642452,616",6.944673119,50.91561275,0,"5,21E+18"
157987,5,3,15,0,2021,9,20,2,3,0,1,2,1,0,0,0,0,0,"355121,5427","5644036,689",6.938330769,50.92974775,0,"5,21E+18"
157988,5,3,15,0,2021,11,7,4,3,0,1,0,1,0,0,0,0,0,"355606,5581","5648315,823",6.943531075,50.96832502,1,"5,21E+18"
157993,5,3,15,0,2021,5,22,7,3,0,1,2,1,0,0,0,0,0,"355308,1068","5645907,576",6.940240842,50.94660783,0,"5,21E+18"
157995,5,3,15,0,2021,10,0,7,2,0,1,2,1,1,0,0,0,0,"353990,2599","5642556,442",6.922836172,50.91615995,1,"5,21E+18"
157996,5,3,15,0,2021,1,23,6,2,0,1,2,1,0,0,0,0,0,"354866,5469","5646750,392",6.933623436,50.95407098,0,"5,21E+18"
157997,5,3,15,0,2021,1,18,5,3,6,4,2,0,1,1,0,0,0,"351919,4347","5648503,839",6.890979646,50.96907859,1,"5,21E+18"
158000,5,3,15,0,2021,3,15,2,3,5,3,0,0,1,0,0,0,0,"351480,2529","5650239,652",6.884020091,50.98456424,0,"5,21E+18"
158001,5,3,15,0,2021,1,23,4,3,0,1,2,0,0,0,0,0,1,"355610,7643","5644489,461",6.9451084,50.93393939,0,"5,21E+18"
158002,5,3,15,0,2021,12,12,6,3,2,6,0,0,1,0,0,0,0,"352692,016","5642961,519",6.904216663,50.9194703,1,"5,21E+18"
158004,5,3,15,0,2021,4,17,2,3,1,6,0,0,1,0,0,0,0,"353654,9202","5646919,476",6.916316747,50.95528409,0,"5,21E+18"
158008,5,3,15,0,2021,2,18,7,3,6,2,2,0,1,1,0,0,0,"354734,3433","5644266,132",6.932733183,50.93171231,0,"5,21E+18"
158010,5,3,15,0,2021,6,17,7,3,0,1,0,1,0,0,0,0,0,"355924,6871","5644140,311",6.949710983,50.93088014,0,"5,21E+18"
158011,5,3,15,0,2021,4,10,6,2,4,2,0,0,1,0,1,0,0,"352926,469","5647390,655",6.90576194,50.95933293,0,"5,21E+18"
158012,5,3,15,0,2021,11,10,2,3,5,2,0,0,1,0,0,0,1,"354049,1636","5645325,659",6.922564894,50.94106097,0,"5,21E+18"
158014,5,3,15,0,2021,1,8,2,3,3,6,0,0,1,0,1,0,0,"353520,9129","5648211,929",6.913889809,50.9668648,1,"5,21E+18"
158015,5,3,15,0,2021,12,14,3,3,5,2,0,0,1,0,0,0,1,"354469,024","5651286,272",6.926152084,50.9947331,0,"5,21E+18"
158016,5,3,15,0,2021,11,17,2,3,5,7,2,0,1,0,1,0,0,"353672,1064","5648388,419",6.915970538,50.96848927,0,"5,21E+18"
158020,5,3,15,0,2021,11,14,3,3,0,6,0,0,0,0,0,0,1,"355610,3058","5654657,381",6.941062898,51.02531564,1,"5,21E+18"
158021,5,3,15,0,2021,5,9,4,3,0,1,0,0,0,0,1,0,0,"355479,215","5643414,676",6.943663621,50.92424755,0,"5,21E+18"
158022,5,3,15,0,2021,6,23,4,3,5,3,2,0,1,0,0,0,1,"355772,8652","5643681,058",6.947733631,50.92671497,0,"5,21E+18"
158023,5,3,15,0,2021,4,15,2,2,0,5,0,1,1,0,0,0,0,"353925,4159","5646431,049",6.920361373,50.9509634,0,"5,21E+18"
158024,5,3,15,0,2021,5,18,3,3,0,6,0,0,1,0,1,0,0,"355302,997","5645499,876",6.940330124,50.94294264,1,"5,21E+18"
158025,5,3,15,0,2021,9,18,2,3,0,7,1,1,0,1,0,0,0,"352661,547","5652250,801",6.900022151,51.0029409,0,"5,21E+18"
158026,5,3,15,0,2021,7,9,3,3,5,3,0,1,1,0,0,0,0,"354162,5428","5644167,135",6.924641229,50.93067836,1,"5,21E+18"
158027,5,3,15,0,2021,5,20,1,3,9,1,0,1,0,0,0,0,0,"354962,3313","5647018,407",6.934879452,50.95650367,0,"5,21E+18"
158034,5,3,15,0,2021,10,19,5,2,1,5,2,1,1,0,0,0,0,"353610,9062","5643324,79",6.917134842,50.92296876,0,"5,21E+18"
158035,5,3,15,0,2021,12,11,3,3,0,5,0,0,0,0,0,1,1,"355173,0548","5644226,388",6.938987926,50.93146547,1,"5,21E+18"
158036,5,3,15,0,2021,3,10,4,3,0,7,0,0,1,0,0,0,1,"352337,7876","5646009,016",6.897945903,50.94676625,0,"5,21E+18"
158037,5,3,15,0,2021,10,12,6,3,5,3,0,0,0,0,0,1,1,"354386,0319","5655764,163",6.92317283,51.03495299,0,"5,21E+18"
158038,5,3,15,0,2021,10,1,6,2,0,1,2,0,0,0,0,0,1,"354778,7787","5643773,381",6.9335614,50.92729527,0,"5,21E+18"
158039,5,3,15,0,2021,9,11,3,3,0,7,0,1,1,0,0,0,0,"351765,7806","5644657,914",6.890358709,50.93447779,0,"5,21E+18"
158041,5,3,15,0,2021,4,4,1,3,3,6,2,1,1,0,0,0,0,"352877,5488","5643244,007",6.906740443,50.92205625,0,"5,21E+18"
158046,5,3,15,0,2021,10,1,1,3,0,1,2,0,0,0,0,0,1,"355171,6906","5647136,166",6.937811493,50.95761459,1,"5,21E+18"
158048,5,3,15,0,2021,11,19,3,3,1,1,2,1,1,0,0,0,0,"355337,691","5643971,992",6.941430183,50.92922057,0,"5,21E+18"
158049,5,3,15,0,2021,2,10,4,2,5,2,0,1,1,0,0,0,0,"354976,436","5651191,073",6.933415788,50.99400567,0,"5,21E+18"
158051,5,3,15,0,2021,10,14,4,3,0,1,0,0,0,0,1,0,0,"355874,6116","5646617,284",6.94801885,50.95312774,1,"5,21E+18"
158055,5,3,15,0,2021,2,17,1,3,2,6,1,0,1,0,0,0,0,"355009,3615","5642818,617",6.937219831,50.91877301,1,"5,21E+18"
158059,5,3,15,0,2021,10,0,1,3,6,4,2,1,0,1,0,0,0,"355539,7741","5644475,2",6.944104443,50.93379345,0,"5,21E+18"
158061,5,3,15,0,2021,12,16,2,3,0,1,2,1,0,0,0,0,0,"355350,9431","5643588,723",6.941770698,50.92577953,1,"5,21E+18"
158062,5,3,15,0,2021,10,5,1,2,1,5,2,1,1,0,0,0,0,"354723,1986","5644432,572",6.932508353,50.93320526,0,"5,21E+18"
158066,5,3,15,0,2021,11,11,4,3,0,1,0,1,0,0,0,0,0,"352519,4427","5644080,401",6.901310649,50.92948115,1,"5,21E+18"
158067,5,3,15,0,2021,9,13,1,3,0,1,0,1,0,0,0,0,0,"354192,0838","5641697,057",6.926048749,50.90848792,0,"5,21E+18"
158068,5,3,15,0,2021,2,17,5,3,0,5,0,0,1,0,0,0,0,"353696,7235","5649960,661",6.915688227,50.9826246,0,"5,21E+18"
158069,5,3,15,0,2021,12,0,4,2,1,1,2,1,1,0,0,0,0,"355076,9162","5643998,683",6.937711269,50.92939498,0,"5,21E+18"
158071,5,3,15,0,2021,12,1,6,3,9,1,2,1,0,0,0,0,0,"353069,5907","5643402,241",6.909407118,50.92352718,0,"5,21E+18"
158072,5,3,15,0,2021,9,16,2,3,5,3,0,1,1,0,0,0,0,"355497,8758","5645867,195",6.942956456,50.94629253,0,"5,21E+18"
158073,5,3,15,0,2021,2,10,5,2,1,5,0,0,1,0,0,0,1,"355719,6135","5645844,636",6.946119744,50.94614533,0,"5,21E+18"
158074,5,3,15,0,2021,7,10,3,3,0,1,0,1,0,0,0,0,1,"353754,2122","5642187,04",6.919628545,50.91278049,1,"5,21E+18"
158075,5,3,15,0,2021,1,7,3,3,6,4,2,0,1,1,0,0,0,"355398,1342","5647219,528",6.941000439,50.95842062,1,"5,21E+18"
158076,5,3,15,0,2021,6,12,6,3,5,3,0,1,1,0,0,0,0,"352448,2638","5646703,941",6.899235855,50.95303951,0,"5,21E+18"
158078,5,3,15,0,2021,4,11,2,3,0,5,0,1,0,0,0,0,1,"354879,4083","5642926,627",6.935329297,50.919711,1,"5,21E+18"
158080,5,3,15,0,2021,12,18,4,2,3,6,2,1,1,0,0,0,0,"355912,8362","5642469,177",6.950202759,50.91585894,0,"5,21E+18"
158081,5,3,15,0,2021,12,15,3,3,0,1,0,1,0,0,0,0,0,"353221,4869","5654745,435",6.906987809,51.02550199,0,"5,21E+18"
158083,5,3,15,0,2021,7,0,7,3,2,6,2,0,1,0,0,0,0,"355621,4749","5645205,42",6.944977037,50.94037626,0,"5,21E+18"
158084,5,3,15,0,2021,5,20,6,3,0,5,0,0,0,1,1,0,0,"354562,3184","5648867,804",6.928448506,50.97302279,0,"5,21E+18"
158086,5,3,15,0,2021,2,17,6,3,1,5,0,1,1,0,0,0,1,"355163,8014","5643930,463",6.938973913,50.92880373,0,"5,21E+18"
158088,5,3,15,0,2021,3,13,7,3,3,3,0,1,1,0,0,0,0,"354125,5168","5646619,911",6.9231325,50.95271131,0,"5,21E+18"
158092,5,3,15,0,2021,11,12,5,3,0,7,0,0,0,1,0,0,1,"355912,4803","5645630,661",6.948948039,50.94427062,0,"5,21E+18"
158093,5,3,15,0,2021,7,8,2,3,0,1,0,1,0,0,0,0,0,"352960,3866","5646783,328",6.906489911,50.9538838,0,"5,21E+18"
158094,5,3,15,0,2021,4,8,4,3,0,1,0,0,0,0,0,0,1,"353956,582","5643422,181",6.922010749,50.92393158,0,"5,21E+18"
158095,5,3,15,0,2021,5,18,5,2,0,1,0,0,0,0,0,0,1,"351287,0775","5648319,937",6.882055128,50.96726307,1,"5,21E+18"
158098,5,3,15,0,2021,1,8,7,3,6,4,0,0,1,1,0,0,0,"353611,6186","5651483,593",6.913862972,50.99628888,1,"5,21E+18"
158099,5,3,15,0,2021,11,9,4,3,0,1,0,0,0,0,1,0,0,"355200,1762","5647151,765",6.938210608,50.95776194,0,"5,21E+18"
158100,5,3,15,0,2021,6,14,4,2,0,3,0,1,1,0,0,0,0,"352060,7827","5644675,498",6.894546952,50.93471156,0,"5,21E+18"
158101,5,3,15,0,2021,6,16,2,3,0,1,0,1,0,0,0,0,0,"355313,8512","5642609,867",6.94163161,50.91697344,0,"5,21E+18"
158102,5,3,15,0,2021,2,15,4,2,0,7,0,1,0,0,0,0,0,"354681,7713","5642174,669",6.932818951,50.91290359,0,"5,21E+18"
158104,5,3,15,0,2021,5,21,5,3,0,1,2,1,0,0,0,0,0,"353348,3152","5646319,934",6.912195865,50.94981831,0,"5,21E+18"
158106,5,3,15,0,2021,5,23,4,3,7,1,2,0,0,0,1,0,0,"352806,0996","5654592,044",6.901131047,51.02401735,0,"5,21E+18"
158107,5,3,15,0,2021,12,17,2,3,6,7,2,0,0,1,0,0,1,"354223,4437","5646834,074",6.924439981,50.9546607,0,"5,21E+18"
158108,5,3,15,0,2021,1,14,6,3,5,3,0,0,1,0,0,0,0,"354980,939","5642843,25",6.93680595,50.91898724,0,"5,21E+18"
158110,5,3,15,0,2021,3,17,6,3,6,4,0,0,1,1,0,0,0,"351813,9469","5642468,276",6.891933555,50.91481294,0,"5,21E+18"
158111,5,3,15,0,2021,10,11,3,3,5,3,0,1,0,0,1,0,0,"353190,647","5648644,523",6.909015002,50.97066826,0,"5,21E+18"
158112,5,3,15,0,2021,6,15,6,3,4,3,0,0,1,0,0,0,1,"355486,5745","5643403,393",6.943772736,50.924148,0,"5,21E+18"
158114,5,3,15,0,2021,1,18,6,3,2,6,2,0,1,0,0,0,0,"355702,433","5642370,944",6.947250449,50.91492357,0,"5,21E+18"
158115,5,3,15,0,2021,6,22,7,3,1,1,2,0,1,0,0,0,1,"353786,7042","5647062,102",6.918134489,50.95659927,0,"5,21E+18"
158117,5,3,15,0,2021,6,19,6,3,6,5,0,0,1,1,0,0,0,"352658,996","5654940,209",6.898893477,51.02710841,0,"5,21E+18"
158118,5,3,15,0,2021,1,16,3,3,5,2,1,0,1,0,1,0,0,"354244,007","5649622,297",6.923615313,50.97972267,1,"5,21E+18"
158119,5,3,15,0,2021,12,7,4,3,0,5,2,0,1,0,1,0,0,"355103,2456","5648491,37",6.936297867,50.96977623,1,"5,21E+18"
158122,5,3,15,0,2021,11,14,7,3,5,2,0,0,1,0,0,0,1,"353425,8392","5647074,467",6.912994956,50.95661871,0,"5,21E+18"
158127,5,3,15,0,2021,3,20,4,3,1,4,0,1,1,1,0,0,0,"353472,5952","5641511,416",6.915896589,50.90663744,0,"5,21E+18"
158130,5,3,15,0,2021,9,15,1,3,6,4,0,0,1,1,0,0,0,"355842,9491","5649634,033",6.946372845,50.98023067,0,"5,21E+18"
158131,5,3,15,0,2021,9,20,3,3,0,1,2,1,0,0,0,0,0,"353748,9282","5643467,274",6.919040128,50.92428422,0,"5,21E+18"
158132,5,3,15,0,2021,4,15,3,3,0,1,0,1,0,0,0,0,0,"355290,3623","5642729,777",6.94125011,50.91804515,0,"5,21E+18"
158135,5,3,15,0,2021,10,7,2,3,0,1,0,1,0,0,0,0,0,"354920,9804","5643863,381",6.935547651,50.92813986,1,"5,21E+18"
158136,5,3,15,0,2021,12,18,5,3,2,6,2,0,1,0,0,0,0,"351914,3686","5651754,209",6.889583065,50.99828649,1,"5,21E+18"
158138,5,3,15,0,2021,11,15,4,3,5,2,0,1,1,0,0,0,0,"353003,8407","5647014,268",6.907014898,50.95597025,0,"5,21E+18"
158140,5,3,15,0,2021,9,6,7,2,1,5,0,0,1,0,0,0,1,"355669,777","5645926,574",6.94537832,50.94686922,0,"5,21E+18"
158141,5,3,15,0,2021,4,17,6,3,5,3,0,0,1,0,0,0,0,"354684,933","5654862,286",6.927794539,51.02692387,0,"5,21E+18"
158143,5,3,15,0,2021,12,8,2,3,0,1,0,0,0,0,0,0,1,"355206,8673","5643952,189",6.939577691,50.92900978,0,"5,21E+18"
158145,5,3,15,0,2021,6,17,3,3,6,3,0,0,0,1,0,0,1,"353981,9151","5644477,783",6.921948139,50.93342436,0,"5,21E+18"
158146,5,3,15,0,2021,1,10,4,3,0,1,0,0,0,0,1,0,0,"355543,2051","5648902,647",6.942396321,50.97358278,1,"5,21E+18"
158151,5,3,15,0,2021,3,16,2,3,0,1,0,0,0,0,1,0,0,"354050,9512","5646665,744",6.922053255,50.95310432,1,"5,21E+18"
158155,5,3,15,0,2021,4,7,2,3,0,6,0,1,0,0,0,0,0,"353408,413","5643289,94",6.91426976,50.92260415,0,"5,21E+18"
158157,5,3,15,0,2021,9,15,5,3,2,2,0,0,1,0,0,0,1,"352333,8701","5655206,692",6.89415192,51.02941971,0,"5,21E+18"
158158,5,3,15,0,2021,7,12,6,3,5,7,0,1,1,0,0,0,0,"352568,4302","5642870,159",6.902496566,50.91861773,0,"5,21E+18"
158159,5,3,15,0,2021,12,15,5,3,4,2,0,1,1,0,0,0,0,"355425,344","5644921,232",6.942300086,50.93777318,0,"5,21E+18"
158160,5,3,15,0,2021,2,14,1,3,1,5,0,0,0,1,0,0,1,"354780,2066","5646275,994",6.932584226,50.94978595,0,"5,21E+18"
158163,5,3,15,0,2021,6,7,4,2,7,1,0,1,0,0,0,0,0,"352503,9846","5645906,41",6.900351666,50.94588673,0,"5,21E+18"
158165,5,3,15,0,2021,6,7,3,3,5,2,0,0,1,0,0,0,0,"355011,4187","5642816,834",6.937249788,50.9187575,1,"5,21E+18"
158170,5,3,15,0,2021,2,14,4,3,5,3,0,1,1,0,0,0,0,"355639,1657","5647311,599",6.944393623,50.95930847,0,"5,21E+18"
158174,5,3,15,0,2021,11,1,7,3,0,1,2,0,0,0,0,0,1,"353893,2173","5646450,803",6.919895363,50.95113276,1,"5,21E+18"
158177,5,3,15,0,2021,12,16,4,3,5,3,0,1,1,0,0,0,0,"354007,6324","5643148,955",6.922845993,50.9214891,0,"5,21E+18"
158178,5,3,15,0,2021,4,17,2,2,6,4,0,0,1,1,0,0,0,"354908,1192","5646987,276",6.934120499,50.95621026,0,"5,21E+18"
158180,5,3,15,0,2021,6,15,5,3,7,1,0,1,0,0,0,0,0,"356266,9471","5655098,672",6.950244931,51.02944594,0,"5,21E+18"
158182,5,3,15,0,2021,7,14,5,3,0,2,0,0,1,0,0,0,0,"353023,907","5645826,275",6.907779964,50.94529937,1,"5,21E+18"
158184,5,3,15,0,2021,11,10,1,3,0,1,0,1,0,0,0,0,0,"355463,1173","5640775,108",6.944480286,50.90052215,1,"5,21E+18"
158185,5,3,15,0,2021,7,11,6,3,5,2,0,1,1,0,0,0,0,"352787,1542","5647183,083",6.903863564,50.95743199,0,"5,21E+18"
158190,5,3,15,0,2021,9,11,6,3,0,1,0,1,0,0,0,0,0,"355420,159","5645179,512",6.942123848,50.94009298,0,"5,21E+18"
158191,5,3,15,0,2021,4,20,1,3,6,4,2,1,0,1,0,0,0,"354657,6813","5644237,214",6.931654501,50.93143312,0,"5,21E+18"
158192,5,3,15,0,2021,4,16,1,2,0,3,0,1,1,0,0,0,0,"351965,1603","5655198,315",6.888901032,51.02924959,0,"5,21E+18"
158193,5,3,15,0,2021,10,22,3,3,0,6,2,0,1,0,1,0,0,"356139,6055","5651002,055",6.950054411,50.99259895,1,"5,21E+18"