OBJECTID,ULAND,UREGBEZ,UKREIS,UGEMEINDE,UJAHR,UMONAT,USTUNDE,UWOCHENTAG,UKATEGORIE,UART,UTYP1,ULICHTVERH,IstRad,IstPKW,IstFuss,IstKrad,IstGkfz,IstSonstige,LINREFX,LINREFY,XGCSWGS84,YGCSWGS84,USTRZUSTAND,UIDENTSTLAE
158195,5,3,15,0,2021,9,13,7,3,0,3,0,1,1,0,0,0,0,"352866,97","5646759,765",6.905170345,50.95364821,0,"5,21E+18"
158198,5,3,15,0,2021,11,17,3,3,4,3,2,1,1,0,0,0,0,"354323,742","5645517,707",6.926393648,50.94285629,0,"5,21E+18"
158199,5,3,15,0,2021,10,15,2,3,0,7,0,1,1,0,0,0,0,"353402,3247","5642421,189",6.914532347,50.91479544,0,"5,21E+18"
158201,5,3,15,0,2021,1,18,6,3,5,3,2,1,1,0,0,0,0,"352126,9294","5645965,251",6.894964154,50.94631891,0,"5,21E+18"
158203,5,3,15,0,2021,5,12,6,3,1,5,0,0,0,0,0,0,1,"355249,246","5643008,81",6.940554827,50.92054246,0,"5,21E+18"
158204,5,3,15,0,2021,5,14,7,2,0,1,0,0,0,0,1,0,0,"355704,143","5649951,684",6.944270694,50.98305054,0,"5,21E+18"
158205,5,3,15,0,2021,6,12,6,3,3,7,0,0,1,0,1,0,0,"355845,2815","5645503,392",6.948042505,50.94311008,0,"5,21E+18"
158206,5,3,15,0,2021,5,7,5,2,0,1,0,1,0,0,0,0,0,"353804,1962","5640717,98",6.920927453,50.89959112,1,"5,21E+18"
158207,5,3,15,0,2021,6,11,4,3,5,2,0,1,1,0,0,0,0,"355468,7131","5648874,106",6.941347354,50.9733076,0,"5,21E+18"
158209,5,3,15,0,2021,6,8,5,3,0,1,0,1,0,0,0,0,0,"354852,9792","5643809,101",6.934602288,50.92763495,0,"5,21E+18"
158211,5,3,15,0,2021,4,15,5,3,0,7,0,1,0,0,0,0,0,"356038,129","5647346,614",6.950056861,50.95972296,0,"5,21E+18"
158213,5,3,15,0,2021,10,20,3,3,0,5,2,1,1,0,0,0,0,"354027,1093","5646680,399",6.921708168,50.95322998,1,"5,21E+18"
158216,5,3,15,0,2021,9,8,6,3,0,1,0,1,0,0,0,0,0,"354263,091","5643523,998",6.926328184,50.92492409,0,"5,21E+18"
158217,5,3,15,0,2021,12,14,5,3,4,6,0,1,0,0,0,0,0,"353453,3066","5643229,413",6.914932385,50.92207163,0,"5,21E+18"
158218,5,3,15,0,2021,9,16,5,3,0,7,0,1,1,0,0,0,0,"354998,3762","5642828,138",6.937059867,50.91885581,0,"5,21E+18"
158220,5,3,15,0,2021,10,7,2,3,0,1,0,1,0,0,0,0,0,"352546,596","5642848,356",6.902194968,50.91841622,1,"5,21E+18"
158222,5,3,15,0,2021,2,18,2,3,0,1,0,1,0,0,0,0,0,"354688,577","5646218,451",6.931303618,50.94924574,0,"5,21E+18"
158223,5,3,15,0,2021,11,4,7,3,0,1,2,0,0,0,1,0,0,"355804,6403","5645280,869",6.947552481,50.94110014,1,"5,21E+18"
158225,5,3,15,0,2021,9,2,1,3,0,1,2,0,0,0,0,0,1,"355271,913","5644166,136",6.940417715,50.93094881,0,"5,21E+18"
158228,5,3,15,0,2021,11,17,4,3,2,6,2,0,1,0,1,0,0,"354963,4841","5644489,968",6.935902734,50.93378154,0,"5,21E+18"
158230,5,3,15,0,2021,11,10,3,3,0,1,0,0,0,0,1,0,0,"353238,5615","5646391,682",6.91060555,50.95043515,1,"5,21E+18"
158233,5,3,15,0,2021,12,19,2,3,0,3,2,0,1,0,1,0,0,"355775,8724","5644455,962",6.947469799,50.93367965,0,"5,21E+18"
158235,5,3,15,0,2021,7,9,6,2,6,4,0,0,1,1,0,0,0,"353871,3017","5651409,52",6.917590826,50.99568922,1,"5,21E+18"
158236,5,3,15,0,2021,12,12,3,3,0,7,0,0,0,0,0,0,1,"355302,6336","5647343,631",6.939592194,50.95951193,0,"5,21E+18"
158238,5,3,15,0,2021,10,8,5,2,0,1,0,1,0,0,0,0,0,"354095,9579","5643323,667",6.924031893,50.92308152,1,"5,21E+18"
158239,5,3,15,0,2021,9,2,1,3,0,1,2,0,0,0,0,0,1,"354791,4707","5643779,596",6.9337394,50.92735431,0,"5,21E+18"
158240,5,3,15,0,2021,6,7,4,3,4,2,0,0,1,0,0,0,0,"352074,4473","5654726,732",6.890650857,51.02503991,0,"5,21E+18"
158241,5,3,15,0,2021,5,10,2,3,1,6,0,0,1,0,0,1,1,"353026,579","5645782,824",6.907835507,50.94490958,0,"5,21E+18"
158244,5,3,15,0,2021,9,12,2,3,2,6,0,0,1,0,1,0,0,"352788,7281","5646525,239",6.904151993,50.95152065,0,"5,21E+18"
158245,5,3,15,0,2021,1,20,4,3,2,6,2,0,1,0,0,0,0,"354701,768","5651249,729",6.929481037,50.99446351,0,"5,21E+18"
158247,5,3,15,0,2021,11,8,6,3,0,7,1,0,0,1,0,0,1,"355193,7972","5647472,005",6.937992415,50.96063825,0,"5,21E+18"
158249,5,3,15,0,2021,4,12,7,3,0,1,0,1,0,0,0,0,0,"355283,9336","5641967,532",6.941461058,50.91119339,1,"5,21E+18"
158250,5,3,15,0,2021,10,16,6,3,5,3,0,1,1,0,0,0,0,"354792,144","5646143,464",6.932806905,50.94859795,0,"5,21E+18"
158251,5,3,15,0,2021,3,15,5,3,2,2,0,0,1,0,0,0,0,"351738,4816","5649980,533",6.887802143,50.98230225,0,"5,21E+18"
158253,5,3,15,0,2021,9,7,4,3,0,5,0,0,1,0,0,0,1,"353822,4998","5643179,134",6.920201717,50.92171343,0,"5,21E+18"
158260,5,3,15,0,2021,11,15,2,3,0,1,1,1,0,0,0,0,0,"355242,5279","5642079,839",6.940827929,50.91219228,0,"5,21E+18"
158262,5,3,15,0,2021,9,17,3,3,1,2,0,1,1,0,0,0,0,"355702,433","5642370,944",6.947250449,50.91492357,0,"5,21E+18"
158264,5,3,15,0,2021,5,13,2,3,0,1,0,0,0,0,0,0,1,"352915,2692","5649260,057",6.904846657,50.97612951,1,"5,21E+18"
158265,5,3,15,0,2021,5,15,3,3,1,5,0,0,1,0,0,0,1,"353747,349","5643139,529",6.919149115,50.92133847,1,"5,21E+18"
158268,5,3,15,0,2021,5,12,2,3,1,7,0,0,0,0,1,0,1,"354200,3596","5645483,965",6.924652117,50.94252187,0,"5,21E+18"
158269,5,3,15,0,2021,7,12,3,3,1,5,0,1,1,0,0,0,0,"354931,2828","5643968,924",6.935652152,50.92909094,0,"5,21E+18"
158271,5,3,15,0,2021,5,15,6,3,1,7,0,0,1,0,1,0,0,"353096,899","5648305,586",6.90781761,50.96759848,0,"5,21E+18"
158273,5,3,15,0,2021,12,12,4,3,0,1,0,0,0,0,1,0,0,"355614,8436","5645594,11",6.944728652,50.94386768,1,"5,21E+18"
158276,5,3,15,0,2021,2,19,5,3,8,1,2,0,1,0,0,0,0,"355307,4332","5647367,204",6.939651117,50.95972497,1,"5,21E+18"
158278,5,3,15,0,2021,10,15,6,3,1,5,0,1,1,0,0,0,0,"354083,0005","5643316,917",6.923850361,50.92301759,1,"5,21E+18"
158279,5,3,15,0,2021,6,15,1,3,0,1,0,1,0,0,0,0,0,"354856,8287","5643814,162",6.934655012,50.9276814,0,"5,21E+18"
158280,5,3,15,0,2021,11,16,2,3,0,1,0,1,0,0,0,0,0,"352506,011","5644204,18",6.901069566,50.93059006,1,"5,21E+18"
158281,5,3,15,0,2021,10,14,7,3,0,3,0,0,0,0,1,0,1,"354402,723","5653372,335",6.924371206,51.01346293,0,"5,21E+18"
158282,5,3,15,0,2021,11,1,6,2,0,1,2,0,0,0,0,0,1,"354811,7247","5641963,455",6.934750319,50.91103817,0,"5,21E+18"
158284,5,3,15,0,2021,7,15,6,3,2,6,0,0,1,0,0,0,1,"353026,6504","5648323,025",6.906810803,50.96773728,0,"5,21E+18"
158288,5,3,15,0,2021,10,18,4,3,0,1,2,1,0,0,0,0,0,"353712,3974","5643125,489",6.918657814,50.92120344,0,"5,21E+18"
158289,5,3,15,0,2021,10,3,1,3,0,1,2,0,0,0,0,0,1,"355235,37","5644397,794",6.939806032,50.9330215,1,"5,21E+18"
158291,5,3,15,0,2021,12,15,5,3,5,3,0,0,1,0,0,0,1,"354183,2076","5646579,526",6.923969464,50.95236298,0,"5,21E+18"
158292,5,3,15,0,2021,11,10,6,2,5,3,0,1,0,0,0,0,0,"354844,3071","5646395,886",6.933448358,50.95087953,1,"5,21E+18"
158295,5,3,15,0,2021,6,11,5,3,5,2,0,0,1,0,0,0,0,"352902,291","5645084,229",6.906349625,50.9385999,0,"5,21E+18"
158296,5,3,15,0,2021,1,16,2,3,2,6,2,0,1,0,0,0,0,"351048,0341","5647995,244",6.87878615,50.9642835,1,"5,21E+18"
158298,5,3,15,0,2021,3,18,5,3,3,2,1,1,0,0,0,0,0,"352803,8186","5647656,426",6.903909216,50.96168997,0,"5,21E+18"
158300,5,3,15,0,2021,6,13,2,3,0,1,0,1,0,0,0,0,0,"353691,9313","5645640,116",6.917357407,50.94379635,1,"5,21E+18"
158301,5,3,15,0,2021,9,8,2,3,5,3,0,1,1,0,0,0,0,"355219,5136","5648355,807",6.938006638,50.9685872,0,"5,21E+18"
158302,5,3,15,0,2021,10,15,2,3,5,3,0,1,0,0,0,0,1,"352561,318","5654060,028",6.897859477,51.01917371,0,"5,21E+18"
158303,5,3,15,0,2021,11,9,2,2,1,5,0,0,1,0,0,0,0,"355513,5599","5649760,036",6.941633591,50.98128046,0,"5,21E+18"
158304,5,3,15,0,2021,7,10,3,3,0,1,0,1,0,0,0,0,0,"354771,9653","5643769,863",6.933465916,50.92726194,1,"5,21E+18"
158306,5,3,15,0,2021,3,12,5,3,3,7,0,0,1,0,0,0,0,"355883,3123","5645491,201",6.948588303,50.94301003,1,"5,21E+18"
158307,5,3,15,0,2021,9,16,4,3,0,6,0,1,1,0,0,0,0,"354082,3634","5651306,975",6.920637645,50.99482124,0,"5,21E+18"
158309,5,3,15,0,2021,11,19,7,3,0,4,2,0,1,1,0,0,0,"354409,3353","5647057,492",6.92699548,50.95671548,1,"5,21E+18"
158310,5,3,15,0,2021,5,11,1,3,0,1,0,1,0,0,0,0,0,"353797,0564","5657756,311",6.913974266,51.05270582,0,"5,21E+18"
158311,5,3,15,0,2021,1,15,7,2,0,5,0,0,1,0,1,0,0,"354985,4477","5642839,343",6.936871606,50.91895326,0,"5,21E+18"
158314,5,3,15,0,2021,5,12,4,3,3,2,0,1,1,0,0,0,0,"353227,9153","5645803,292",6.910691239,50.94514481,1,"5,21E+18"
158315,5,3,15,0,2021,11,7,5,3,3,6,1,1,0,0,0,0,0,"355471,1734","5643450,308",6.943535155,50.92456575,1,"5,21E+18"
158318,5,3,15,0,2021,7,2,1,3,6,7,2,0,1,1,0,0,0,"355330,7143","5644597,746",6.9410826,50.93484234,1,"5,21E+18"
158319,5,3,15,0,2021,3,14,6,3,0,1,0,0,0,0,1,0,0,"352403,9314","5647471,433",6.898293903,50.95992523,0,"5,21E+18"
158320,5,3,15,0,2021,5,17,5,3,1,5,0,1,1,0,0,0,0,"353349,7935","5643806,542",6.913228533,50.92723178,1,"5,21E+18"
158322,5,3,15,0,2021,10,8,5,3,0,4,0,1,1,1,0,0,0,"354895,8434","5645126,522",6.934687285,50.93948507,1,"5,21E+18"
158323,5,3,15,0,2021,9,16,4,3,3,2,0,1,1,0,0,0,0,"351916,402","5648668,547",6.890869423,50.97055796,1,"5,21E+18"
158324,5,3,15,0,2021,12,18,3,3,5,3,2,1,0,0,0,0,1,"352918,7105","5642929,944",6.907452327,50.91924439,0,"5,21E+18"
158326,5,3,15,0,2021,9,10,6,3,6,4,0,1,0,1,0,0,0,"355653,0227","5644793,824",6.945588832,50.93668522,0,"5,21E+18"
158327,5,3,15,0,2021,12,18,4,3,6,4,2,1,0,1,0,0,0,"354331,5447","5641696,153",6.928031395,50.908515,1,"5,21E+18"
158328,5,3,15,0,2021,3,9,7,2,3,6,0,1,0,0,0,0,0,"353592,6768","5643261,172",6.916901193,50.92239241,0,"5,21E+18"
158332,5,3,15,0,2021,6,8,2,2,0,1,0,1,0,0,0,0,0,"355346,5416","5641918,754",6.942370358,50.91077072,0,"5,21E+18"
158333,5,3,15,0,2021,9,18,4,3,6,7,0,1,0,1,0,0,0,"354669,0795","5638361,351",6.93415588,50.87863084,0,"5,21E+18"
158337,5,3,15,0,2021,2,15,5,3,0,4,0,1,0,1,0,0,0,"354062,3902","5645486,989",6.922688395,50.94251414,0,"5,21E+18"
158340,5,3,15,0,2021,9,21,3,3,0,7,1,0,0,0,0,0,1,"353612,6923","5646532,816",6.91587141,50.9517986,0,"5,21E+18"
158343,5,3,15,0,2021,3,17,2,3,9,1,0,0,1,1,0,0,0,"355289,789","5641931,039",6.941558763,50.9108669,0,"5,21E+18"
158344,5,3,15,0,2021,6,14,4,3,0,1,0,1,0,0,0,0,0,"354723,301","5644285,777",6.93256832,50.93188607,0,"5,21E+18"
158346,5,3,15,0,2021,12,9,3,3,0,5,0,0,1,0,0,0,0,"353601,1236","5651817,011",6.913579093,50.99928248,1,"5,21E+18"
158347,5,3,15,0,2021,1,8,3,3,2,2,1,0,1,0,0,0,0,"354055,489","5649491,685",6.920984086,50.97850116,1,"5,21E+18"
158348,5,3,15,0,2021,6,18,2,3,5,3,0,1,1,0,0,0,0,"352496,7985","5646631,943",6.899955542,50.95240492,0,"5,21E+18"
158351,5,3,15,0,2021,3,8,5,3,1,5,0,1,1,0,0,0,0,"353105,6315","5651591,101",6.906613954,50.99712607,1,"5,21E+18"
158352,5,3,15,0,2021,7,22,2,2,8,1,2,0,0,0,1,0,0,"354162,7102","5648953,122",6.922726437,50.97368846,0,"5,21E+18"
158353,5,3,15,0,2021,5,17,6,3,0,6,0,1,1,0,0,0,0,"351257,3009","5647023,984",6.882161115,50.95560942,0,"5,21E+18"
158355,5,3,15,0,2021,11,16,3,3,0,1,0,1,0,0,0,0,0,"354237,7286","5642739,31",6.926281176,50.9178659,1,"5,21E+18"
158356,5,3,15,0,2021,9,18,6,2,7,1,1,1,0,0,0,0,0,"353790,0658","5657750,065",6.913877118,51.05264792,0,"5,21E+18"
158357,5,3,15,0,2021,2,14,7,3,0,1,0,1,0,0,0,0,0,"355190,7459","5647146,601",6.938078478,50.95771316,1,"5,21E+18"
158358,5,3,15,0,2021,7,12,4,3,5,2,0,0,0,0,1,1,0,"352267,3298","5650859,058",6.894973709,50.990333,0,"5,21E+18"
158361,5,3,15,0,2021,12,20,3,3,5,3,2,0,1,0,0,0,0,"351872,31","5653444,308",6.888294349,51.01346354,1,"5,21E+18"
158362,5,3,15,0,2021,9,13,6,3,0,6,0,0,0,1,0,0,1,"355819,3715","5645314,933",6.947748537,50.94140995,0,"5,21E+18"
158363,5,3,15,0,2021,5,12,1,2,0,7,0,1,0,0,0,0,0,"353921,4898","5646746,07",6.920179115,50.95379339,0,"5,21E+18"
158364,5,3,15,0,2021,6,17,5,3,0,7,0,1,0,0,0,0,0,"352504,8943","5644216,933",6.901048526,50.93070438,0,"5,21E+18"
158371,5,3,15,0,2021,9,20,7,2,0,1,2,0,0,0,0,0,1,"355467,6001","5644053,568",6.943245194,50.92998625,0,"5,21E+18"
158373,5,3,15,0,2021,6,3,1,3,1,5,2,0,1,0,0,0,0,"355567,5208","5641475,001",6.945687136,50.90683811,1,"5,21E+18"
158374,5,3,15,0,2021,9,11,4,3,5,3,0,1,1,0,0,0,0,"353822,4016","5648531,941",6.918051876,50.9698172,0,"5,21E+18"
158375,5,3,15,0,2021,9,21,7,3,0,5,2,0,1,0,1,0,0,"355267,5483","5641800,015",6.94129458,50.90968383,0,"5,21E+18"
158376,5,3,15,0,2021,7,6,2,2,0,1,0,1,0,0,0,0,0,"352445,1912","5645066,801",6.899855421,50.9383265,0,"5,21E+18"
158378,5,3,15,0,2021,9,5,5,3,0,6,1,0,1,0,0,0,1,"354415,8284","5655838,839",6.923567501,51.03563162,0,"5,21E+18"
158379,5,3,15,0,2021,4,9,3,2,6,7,0,0,0,1,0,0,1,"354894,5238","5645082,595",6.93468601,50.93908998,0,"5,21E+18"
158381,5,3,15,0,2021,3,19,3,3,0,2,2,1,1,0,0,0,0,"353028,3438","5646381,277",6.907619082,50.95028808,0,"5,21E+18"
158383,5,3,15,0,2021,1,14,6,2,0,7,0,1,1,0,0,0,0,"355705,3963","5648728,367",6.944774095,50.97205722,0,"5,21E+18"
158386,5,3,15,0,2021,1,6,4,3,0,1,2,1,0,0,0,0,0,"355373,2522","5648992,899",6.939941333,50.97435119,2,"5,21E+18"
158388,5,3,15,0,2021,4,14,4,3,0,1,0,1,0,0,0,0,0,"353960,0453","5643252,569",6.922127917,50.9224082,0,"5,21E+18"
158390,5,3,15,0,2021,6,9,5,3,0,1,0,0,0,0,1,0,0,"354884,0246","5646973,44",6.933783185,50.95607985,0,"5,21E+18"
158393,5,3,15,0,2021,4,10,5,3,0,5,0,0,1,0,1,0,0,"353067,2483","5653177,845",6.905425049,51.01137551,0,"5,21E+18"
158394,5,3,15,0,2021,1,16,6,3,5,2,0,1,1,0,0,0,0,"354122,5148","5648890,601",6.922179387,50.97311643,1,"5,21E+18"
158398,5,3,15,0,2021,9,19,2,3,0,7,1,1,0,0,0,0,0,"353590,7042","5646534,544",6.91555789,50.95180854,0,"5,21E+18"
158401,5,3,15,0,2021,3,7,2,3,6,4,1,1,0,1,0,0,0,"355270,2882","5641580,481",6.941420583,50.9077116,1,"5,21E+18"
158404,5,3,15,0,2021,5,9,7,3,5,2,0,0,1,0,0,0,1,"353466,3149","5647917,112",6.913231545,50.96420152,0,"5,21E+18"
158405,5,3,15,0,2021,4,15,7,3,3,5,0,1,1,0,0,0,0,"353893,303","5645856,445",6.920135058,50.9457915,0,"5,21E+18"
158406,5,3,15,0,2021,11,7,2,3,0,1,2,0,0,0,0,0,1,"352614,8655","5647293,795",6.901367301,50.95838287,0,"5,21E+18"
158407,5,3,15,0,2021,11,17,6,3,2,6,2,0,1,0,0,0,0,"354352,6325","5648900,373",6.925450878,50.97326248,0,"5,21E+18"
158408,5,3,15,0,2021,12,0,7,2,9,7,2,1,0,0,0,0,0,"353396,5419","5644521,395",6.913605769,50.93366779,1,"5,21E+18"
158412,5,3,15,0,2021,12,15,6,3,5,3,0,1,1,0,0,0,0,"353114,134","5644276,2",6.90968834,50.93139246,0,"5,21E+18"
158415,5,3,15,0,2021,3,13,3,3,6,2,0,0,1,1,0,0,0,"355595,1714","5642107,379",6.945829927,50.91252812,1,"5,21E+18"
158417,5,3,15,0,2021,10,23,1,3,6,7,2,0,0,1,0,0,1,"354699,7709","5648407,323",6.930588931,50.96891929,0,"5,21E+18"
158418,5,3,15,0,2021,9,10,2,3,0,1,0,1,0,0,0,0,0,"353787,075","5647364,218",6.918018392,50.95931436,0,"5,21E+18"
158419,5,3,15,0,2021,6,16,4,3,5,3,0,1,1,0,0,0,0,"355110,4626","5642007,162",6.938979459,50.91150602,0,"5,21E+18"
158421,5,3,15,0,2021,10,22,6,3,0,1,0,1,0,0,0,0,0,"354082,3936","5642886,853",6.924013797,50.91915258,0,"5,21E+18"
158422,5,3,15,0,2021,11,15,7,3,0,1,0,1,0,0,0,0,0,"354796,2897","5643781,877",6.933807017,50.92737603,0,"5,21E+18"
158426,5,3,15,0,2021,9,8,4,3,5,6,0,1,1,0,0,0,0,"354217,53","5642603,259",6.926048388,50.91663815,1,"5,21E+18"
158431,5,3,15,0,2021,9,12,5,3,3,3,0,1,1,0,0,0,0,"355602,6027","5648334,16",6.943467501,50.96848882,0,"5,21E+18"
158432,5,3,15,0,2021,10,6,6,3,5,3,2,0,1,0,1,0,0,"351593,893","5650142,322",6.885677704,50.9837189,0,"5,21E+18"
158434,5,3,15,0,2021,4,19,7,3,3,6,0,1,1,0,0,0,0,"353842,5823","5647244,748",6.918856205,50.95825481,0,"5,21E+18"
158435,5,3,15,0,2021,7,16,3,2,0,1,0,1,0,0,0,0,0,"355178,8792","5644085,274",6.939126821,50.93019877,1,"5,21E+18"
158438,5,3,15,0,2021,3,9,6,3,5,2,0,1,1,0,0,0,0,"355043,6108","5645979,471",6.936449606,50.94718749,0,"5,21E+18"
158443,5,3,15,0,2021,1,19,5,3,1,1,2,0,1,0,0,0,1,"355588,769","5643475,37",6.945197317,50.92482043,1,"5,21E+18"
158444,5,3,15,0,2021,1,12,7,3,4,7,0,1,1,0,0,0,0,"354360,0602","5643035,492",6.927902074,50.9205585,1,"5,21E+18"
158445,5,3,15,0,2021,5,16,3,3,0,7,0,0,1,0,1,0,0,"353806,9912","5649834,341",6.917308858,50.98151743,0,"5,21E+18"
158448,5,3,15,0,2021,5,6,2,3,5,3,0,1,1,0,0,0,0,"355595,2422","5650397,765",6.942543026,50.98703204,0,"5,21E+18"
158456,5,3,15,0,2021,6,9,4,3,8,1,0,1,0,0,1,0,0,"354226,8264","5642749,219",6.926122222,50.9179522,0,"5,21E+18"
158458,5,3,15,0,2021,6,8,2,3,3,7,0,0,1,0,0,0,0,"355197,0743","5651042,372",6.936616982,50.9927249,0,"5,21E+18"
158460,5,3,15,0,2021,1,19,5,3,0,1,2,1,0,0,0,0,0,"352795,5007","5651820,308",6.902104538,50.99910657,1,"5,21E+18"
158461,5,3,15,0,2021,11,17,5,2,0,1,1,1,1,0,0,0,0,"355282,1855","5641979,045",6.941431642,50.91129641,0,"5,21E+18"
158462,5,3,15,0,2021,3,11,7,3,0,3,0,1,1,0,0,0,0,"354688,8978","5645242,143",6.931697697,50.94047202,0,"5,21E+18"
158463,5,3,15,0,2021,6,13,6,3,3,6,0,1,0,0,0,0,0,"355882,0122","5645856,984",6.948425073,50.94629692,0,"5,21E+18"
158464,5,3,15,0,2021,3,17,3,3,9,1,0,1,0,0,0,0,0,"353799,9119","5642259,802",6.920249019,50.91344596,0,"5,21E+18"
158469,5,3,15,0,2021,9,13,7,3,0,4,0,0,1,1,0,0,0,"355032,9451","5648748,981",6.935194615,50.97207361,0,"5,21E+18"
158470,5,3,15,0,2021,1,21,6,3,2,6,2,0,1,0,0,0,0,"352136,3971","5650817,523",6.893126317,50.98992613,1,"5,21E+18"
158473,5,3,15,0,2021,5,15,5,3,5,3,0,1,1,0,0,0,0,"355769,0508","5644352,439",6.947413752,50.93274761,1,"5,21E+18"
158474,5,3,15,0,2021,2,16,4,3,5,3,0,1,0,0,0,0,0,"354557,4891","5641918,787",6.931154231,50.91057273,0,"5,21E+18"
158476,5,3,15,0,2021,5,12,4,3,0,7,0,0,0,0,0,0,1,"355368,6793","5648323,943",6.940142288,50.96833831,0,"5,21E+18"
158477,5,3,15,0,2021,9,6,6,3,5,3,0,1,1,0,0,0,0,"352440,3419","5645089,926",6.899777085,50.93853307,0,"5,21E+18"
158478,5,3,15,0,2021,10,14,2,3,1,5,0,1,1,0,0,0,1,"354108,8811","5645617,576",6.923297391,50.94369945,0,"5,21E+18"
158481,5,3,15,0,2021,10,12,5,2,0,1,0,0,0,0,1,0,0,"356003,7919","5648037,41",6.949294859,50.96592243,1,"5,21E+18"
158482,5,3,15,0,2021,11,10,4,3,5,3,0,0,1,0,0,0,1,"353145,6986","5650757,463",6.9075216,50.98964479,1,"5,21E+18"
158485,5,3,15,0,2021,3,17,4,3,6,4,0,0,1,1,0,0,0,"352808,1913","5646887,385",6.90428247,50.95478007,0,"5,21E+18"
158487,5,3,15,0,2021,1,21,7,3,0,7,2,1,0,0,0,0,0,"353653,5262","5646890,81",6.916308438,50.95502612,0,"5,21E+18"
158490,5,3,15,0,2021,2,14,4,3,1,7,0,1,1,0,0,0,0,"355363,755","5644602,616",6.941550575,50.9348944,1,"5,21E+18"
158491,5,3,15,0,2021,12,22,5,3,0,1,2,1,0,0,0,0,0,"354772,0614","5643769,913",6.933467262,50.92726241,0,"5,21E+18"
158493,5,3,15,0,2021,5,15,7,3,0,1,0,0,0,0,0,0,1,"355851,8119","5645030,286",6.9483226,50.93885999,0,"5,21E+18"
158495,5,3,15,0,2021,7,15,1,3,0,3,0,0,1,0,0,0,1,"352599,2266","5646918,725",6.901296672,50.9550083,0,"5,21E+18"
158496,5,3,15,0,2021,6,17,3,3,5,3,0,0,1,0,0,0,0,"354426,0424","5646703,587",6.927374734,50.95353926,0,"5,21E+18"
158498,5,3,15,0,2021,11,11,7,3,1,7,0,1,1,0,0,0,0,"355071,0247","5643826,011",6.937696135,50.92784173,0,"5,21E+18"
158499,5,3,15,0,2021,12,19,1,3,0,1,2,1,0,0,0,0,0,"351198,9918","5644475,514",6.88237263,50.93269271,1,"5,21E+18"
158501,5,3,15,0,2021,10,16,5,3,0,3,0,1,1,0,0,0,0,"352862,529","5648433,529",6.904430361,50.96868842,0,"5,21E+18"
158502,5,3,15,0,2021,9,2,6,3,8,1,2,0,0,0,0,0,1,"354495,9581","5647242,175",6.928154168,50.95839704,1,"5,21E+18"
158506,5,3,15,0,2021,6,10,2,2,0,4,0,0,1,1,0,0,0,"355475,0947","5647210,495",6.942099118,50.95835875,0,"5,21E+18"
158507,5,3,15,0,2021,12,17,6,2,6,2,2,0,1,1,0,0,0,"354976,5247","5651191,369",6.933416933,50.99400835,1,"5,21E+18"
158510,5,3,15,0,2021,5,13,6,3,5,3,0,1,1,0,0,0,0,"352930,0013","5648266,041",6.905458352,50.96720052,0,"5,21E+18"
158513,5,3,15,0,2021,12,14,7,3,6,7,0,0,0,1,0,0,1,"354067,8935","5636618,111",6.926311658,50.86281318,1,"5,21E+18"
158515,5,3,15,0,2021,7,10,2,3,1,5,0,1,1,0,0,0,0,"355078,7616","5644867,55",6.937392018,50.93720376,0,"5,21E+18"
158517,5,3,15,0,2021,12,19,5,3,0,1,2,0,0,0,0,0,1,"353287,127","5651161,631",6.909372091,50.99331293,1,"5,21E+18"
158518,5,3,15,0,2021,11,15,6,3,3,2,0,1,1,0,0,0,0,"355269,3121","5642445,743",6.941063527,50.91548732,0,"5,21E+18"
158521,5,3,15,0,2021,7,12,6,3,7,7,0,1,0,0,0,0,1,"354027,8903","5648746,334",6.920890454,50.97179598,0,"5,21E+18"
158523,5,3,15,0,2021,3,13,4,3,1,7,0,1,1,0,0,0,0,"352527,8437","5647074,689",6.900217857,50.95639161,0,"5,21E+18"
158524,5,3,15,0,2021,11,17,6,3,6,2,2,0,1,1,0,0,0,"353461,798","5648139,315",6.913077762,50.96619721,0,"5,21E+18"
158526,5,3,15,0,2021,6,0,7,3,5,3,2,1,1,0,0,0,0,"354973,5918","5643911,515",6.936276636,50.92858566,0,"5,21E+18"
158527,5,3,15,0,2021,9,10,2,2,0,2,0,0,1,0,0,0,1,"352017,5832","5650091,769",6.89173017,50.98337366,0,"5,21E+18"
158529,5,3,15,0,2021,9,17,5,3,5,2,0,1,1,0,0,0,0,"353023,907","5645826,275",6.907779964,50.94529937,0,"5,21E+18"
158532,5,3,15,0,2021,4,11,3,3,8,4,0,1,0,1,0,0,0,"354717,9456","5648083,398",6.930976978,50.96601286,0,"5,21E+18"
158533,5,3,15,0,2021,10,17,3,3,0,7,0,1,1,0,0,0,0,"353715,7959","5642124,648",6.919107465,50.91221005,1,"5,21E+18"
158537,5,3,15,0,2021,9,8,6,3,5,3,0,1,0,0,0,0,0,"354783,8295","5643775,927",6.933632206,50.92731942,1,"5,21E+18"
158539,5,3,15,0,2021,2,15,2,3,0,7,0,1,1,0,0,0,0,"355927,0584","5646120,634",6.948961575,50.94867756,0,"5,21E+18"
158541,5,3,15,0,2021,3,13,4,3,5,3,0,1,1,0,0,0,0,"351197,5431","5647128,125",6.881268316,50.95652984,0,"5,21E+18"
158542,5,3,15,0,2021,1,7,3,3,6,2,2,0,1,1,0,0,0,"355533,2028","5643356,937",6.94445414,50.92374219,1,"5,21E+18"