OBJECTID,ULAND,UREGBEZ,UKREIS,UGEMEINDE,UJAHR,UMONAT,USTUNDE,UWOCHENTAG,UKATEGORIE,UART,UTYP1,ULICHTVERH,IstRad,IstPKW,IstFuss,IstKrad,IstGkfz,IstSonstige,LINREFX,LINREFY,XGCSWGS84,YGCSWGS84,USTRZUSTAND,UIDENTSTLAE
158543,5,3,15,0,2021,5,15,6,3,0,7,0,0,1,0,0,0,0,"352791,0729","5647198,871",6.903912935,50.95757488,0,"5,21E+18"
158544,5,3,15,0,2021,5,9,4,3,5,2,0,1,1,0,0,0,0,"354304,6601","5643428,489",6.926957413,50.92407627,0,"5,21E+18"
158546,5,3,15,0,2021,7,19,4,3,2,6,0,1,1,0,0,0,0,"355124,9659","5645359,64",6.937853492,50.94163766,0,"5,21E+18"
158547,5,3,15,0,2021,10,7,3,2,0,1,0,0,0,0,0,0,1,"352052,4397","5645503,68",6.894092013,50.94215189,1,"5,21E+18"
158548,5,3,15,0,2021,3,8,6,3,7,5,0,1,1,0,0,0,1,"355408,6129","5645357,542",6.941888959,50.94169001,0,"5,21E+18"
158549,5,3,15,0,2021,4,17,6,3,5,3,0,1,0,0,1,0,0,"354654,1159","5644235,552",6.93160446,50.93141729,0,"5,21E+18"
158550,5,3,15,0,2021,6,15,4,3,3,6,0,1,1,0,0,0,0,"351663,3007","5645536,31",6.888543679,50.94234513,0,"5,21E+18"
158551,5,3,15,0,2021,5,16,2,2,5,3,0,1,1,0,0,0,0,"355800,5246","5642601,803",6.948553674,50.91702278,0,"5,21E+18"
158552,5,3,15,0,2021,10,14,2,3,3,2,0,0,1,0,1,0,0,"353923,739","5646744,671",6.920211678,50.95378138,0,"5,21E+18"
158553,5,3,15,0,2021,10,9,7,3,8,1,0,1,0,0,0,0,0,"352491,3575","5644635,724",6.900686535,50.93446441,1,"5,21E+18"
158555,5,3,15,0,2021,1,9,5,3,2,6,0,0,1,0,0,0,0,"355115,5262","5645933,028",6.937491137,50.94678819,1,"5,21E+18"
158557,5,3,15,0,2021,2,9,5,2,6,2,0,0,1,1,0,0,0,"351912,5191","5645238,382",6.892209645,50.93973187,0,"5,21E+18"
158558,5,3,15,0,2021,6,2,1,2,7,1,2,1,1,0,0,0,0,"353164,7795","5645810,929",6.909790059,50.94519736,0,"5,21E+18"
158559,5,3,15,0,2021,6,13,4,3,0,5,0,1,1,0,0,0,0,"355489,1085","5645169,314",6.943108608,50.94001863,0,"5,21E+18"
158560,5,3,15,0,2021,12,15,7,3,3,6,0,1,0,0,0,0,0,"355752,7875","5645030,343",6.946914119,50.93883574,0,"5,21E+18"
158561,5,3,15,0,2021,9,13,5,3,0,5,0,1,1,0,0,0,0,"353702,408","5643339,001",6.918430136,50.92311967,0,"5,21E+18"
158562,5,3,15,0,2021,10,14,7,3,1,5,0,1,1,0,0,0,0,"355249,1917","5643008,616",6.940554131,50.92054071,0,"5,21E+18"
158564,5,3,15,0,2021,6,16,5,3,0,7,0,1,1,0,0,0,0,"354027,3556","5643831,061",6.922853354,50.92762397,0,"5,21E+18"
158565,5,3,15,0,2021,6,15,6,3,5,3,0,0,1,0,0,0,0,"354911,8855","5645315,963",6.934840012,50.94119157,0,"5,21E+18"
158566,5,3,15,0,2021,4,8,4,3,3,2,0,1,1,0,0,0,0,"351916,44","5648669,679",6.890869503,50.97056814,0,"5,21E+18"
158571,5,3,15,0,2021,11,13,4,3,1,6,0,0,1,0,0,0,0,"353150,0624","5642937,584",6.910738388,50.91937196,0,"5,21E+18"
158573,5,3,15,0,2021,10,5,6,2,0,5,2,0,1,0,1,0,0,"355429,486","5642511,341",6.943314593,50.91611698,0,"5,21E+18"
158574,5,3,15,0,2021,5,8,5,3,3,6,0,1,1,0,0,0,0,"355674,0573","5642301,181",6.946874655,50.91428952,0,"5,21E+18"
158575,5,3,15,0,2021,5,13,2,3,0,1,0,1,0,0,0,0,0,"353896,828","5646566,324",6.919900373,50.95217182,0,"5,21E+18"
158576,5,3,15,0,2021,6,8,3,3,0,1,0,0,0,0,1,0,0,"355265,2732","5642384,947",6.941030228,50.91493994,1,"5,21E+18"
158577,5,3,15,0,2021,1,15,4,3,2,6,0,0,1,0,0,0,0,"352717,704","5656719,029",6.899007025,51.04310864,0,"5,21E+18"
158578,5,3,15,0,2021,12,13,5,3,5,2,0,1,1,0,0,0,0,"354290,9735","5646501,817",6.925533779,50.95169189,0,"5,21E+18"
158579,5,3,15,0,2021,4,15,5,3,0,5,0,0,1,1,0,0,0,"354956,057","5645207,061",6.935511665,50.94022401,0,"5,21E+18"
158581,5,3,15,0,2021,7,15,3,3,1,5,0,1,1,0,0,0,0,"353025,332","5647317,703",6.907198147,50.95870256,0,"5,21E+18"
158588,5,3,15,0,2021,5,18,2,3,6,7,0,1,0,1,0,0,0,"354175,3896","5647581,078",6.92345696,50.96136161,0,"5,21E+18"
158590,5,3,15,0,2021,4,17,1,3,1,1,0,0,1,0,1,0,0,"354970,9619","5648200,432",6.934531123,50.96712836,0,"5,21E+18"
158591,5,3,15,0,2021,3,14,4,3,6,4,0,0,1,1,0,0,0,"351940,4735","5649373,303",6.890925056,50.9768974,0,"5,21E+18"
158592,5,3,15,0,2021,4,23,5,3,5,3,2,1,1,0,0,0,0,"355883,8879","5644616,42",6.948942517,50.93514867,0,"5,21E+18"
158596,5,3,15,0,2021,7,13,6,3,0,1,0,1,1,0,0,0,0,"352545,3123","5642847,039",6.902177251,50.91840405,0,"5,21E+18"
158597,5,3,15,0,2021,6,19,2,3,4,2,0,1,0,0,0,1,0,"354608,4695","5653513,694",6.927245611,51.01478531,0,"5,21E+18"
158598,5,3,15,0,2021,11,7,6,3,6,4,2,0,1,1,0,0,0,"353505,5072","5645695,674",6.91468326,50.94424829,1,"5,21E+18"
158599,5,3,15,0,2021,6,11,3,3,0,2,0,0,1,0,0,0,1,"355080,4095","5641297,902",6.938833878,50.90512448,0,"5,21E+18"
158600,5,3,15,0,2021,2,7,5,3,4,6,1,0,1,0,0,0,0,"352276,5402","5650851,447",6.895107946,50.99026698,2,"5,21E+18"
158602,5,3,15,0,2021,9,13,7,3,7,1,0,0,0,0,1,0,0,"354720,7786","5644357,191",6.932503984,50.93252722,0,"5,21E+18"
158605,5,3,15,0,2021,10,8,2,2,5,1,0,1,0,0,0,0,0,"353396,493","5644522,313",6.913604705,50.93367602,1,"5,21E+18"
158606,5,3,15,0,2021,6,1,4,2,0,1,2,1,0,0,0,0,0,"353947,3498","5647217,829",6.920357746,50.95803947,0,"5,21E+18"
158608,5,3,15,0,2021,6,15,6,3,2,6,0,0,1,0,0,0,0,"353613,1223","5653509,789",6.913067194,51.01449772,0,"5,21E+18"
158609,5,3,15,0,2021,12,14,7,3,5,2,0,0,1,0,0,0,1,"354197,9022","5645218,231",6.924723518,50.94013319,1,"5,21E+18"
158610,5,3,15,0,2021,6,10,1,3,0,6,0,1,0,0,0,0,0,"355087,9753","5645951,883",6.937091703,50.94695071,0,"5,21E+18"
158613,5,3,15,0,2021,1,7,4,3,0,4,2,0,1,1,0,0,0,"353224,842","5651410,762",6.908384495,50.99553587,1,"5,21E+18"
158616,5,3,15,0,2021,5,17,7,3,0,1,0,1,0,0,0,0,0,"355585,5799","5641913,698",6.945770232,50.91078514,0,"5,21E+18"
158617,5,3,15,0,2021,10,14,2,3,0,1,0,0,1,1,0,0,0,"353819,3222","5646810,481",6.918699646,50.95434632,0,"5,21E+18"
158618,5,3,15,0,2021,12,17,6,3,6,7,2,0,1,1,0,0,0,"355167,1195","5641800,436",6.939866878,50.90966242,0,"5,21E+18"
158620,5,3,15,0,2021,10,18,2,2,0,1,0,1,0,0,0,0,0,"354043,8299","5643202,098",6.923339376,50.92197584,0,"5,21E+18"
158621,5,3,15,0,2021,11,15,6,3,0,1,0,1,0,0,0,0,0,"354977,2584","5643912,472",6.936328395,50.92859518,1,"5,21E+18"
158622,5,3,15,0,2021,2,9,1,3,0,1,0,0,0,0,1,0,0,"351715,599","5646048,445",6.889079061,50.94696087,0,"5,21E+18"
158624,5,3,15,0,2021,1,11,5,3,4,2,0,1,0,0,0,1,0,"353015,4089","5646329,663",6.907455899,50.94982094,1,"5,21E+18"
158626,5,3,15,0,2021,9,17,4,3,2,6,0,0,1,0,0,0,0,"355697,1352","5648137,508",6.944890938,50.96674525,1,"5,21E+18"
158628,5,3,15,0,2021,3,5,5,3,5,2,2,0,1,0,0,0,0,"353736,1688","5649920,428",6.916265978,50.98227307,1,"5,21E+18"
158631,5,3,15,0,2021,11,20,6,3,5,3,2,1,1,0,0,0,0,"355416,038","5644387,57",6.942379462,50.93297494,1,"5,21E+18"
158639,5,3,15,0,2021,12,7,4,3,0,1,2,0,0,0,1,0,0,"353476,4865","5643595,119",6.91511501,50.92536399,2,"5,21E+18"
158640,5,3,15,0,2021,11,10,4,3,6,7,0,0,0,1,0,1,0,"355001,1193","5642825,76",6.93709981,50.91883513,1,"5,21E+18"
158643,5,3,15,0,2021,6,13,2,3,0,3,0,1,1,0,0,0,0,"355556,0267","5641546,632",6.945495417,50.90747898,0,"5,21E+18"
158645,5,3,15,0,2021,10,21,2,2,0,1,2,0,0,0,0,0,1,"353555,2477","5642301,626",6.916754249,50.91375978,0,"5,21E+18"
158646,5,3,15,0,2021,3,16,7,2,6,4,0,0,1,1,0,0,0,"355114,7514","5641161,017",6.939376308,50.90390294,0,"5,21E+18"
158647,5,3,15,0,2021,4,18,6,2,4,2,0,0,1,0,0,0,0,"352333,4049","5646674,651",6.897613611,50.95274687,0,"5,21E+18"
158648,5,3,15,0,2021,10,2,7,2,0,1,2,0,0,0,0,0,1,"354006,5625","5644709,11",6.922205991,50.93550946,0,"5,21E+18"
158650,5,3,15,0,2021,5,10,6,3,3,6,0,1,0,0,0,0,0,"354873,7475","5646438,885",6.933850065,50.95127337,0,"5,21E+18"
158651,5,3,15,0,2021,12,8,2,3,5,3,0,1,1,0,0,0,0,"351890,9706","5655019,576",6.887916827,51.02762426,1,"5,21E+18"
158653,5,3,15,0,2021,6,15,2,3,0,7,0,0,0,0,0,0,1,"353408,0099","5647998,521",6.912369017,50.96491827,0,"5,21E+18"
158654,5,3,15,0,2021,6,17,6,3,0,7,0,1,0,1,0,0,0,"352944,1876","5647141,414",6.906114772,50.95709763,0,"5,21E+18"
158657,5,3,15,0,2021,9,15,2,3,8,1,0,0,0,0,0,1,1,"354547,352","5653468,615",6.926392983,51.01436475,0,"5,21E+18"
158659,5,3,15,0,2021,10,16,4,3,3,6,0,1,1,0,0,0,0,"355113,3243","5643790,079",6.938311912,50.92752945,0,"5,21E+18"
158660,5,3,15,0,2021,6,17,3,3,5,3,0,1,1,0,0,0,0,"352185,5125","5648478,785",6.894776673,50.96892179,0,"5,21E+18"
158662,5,3,15,0,2021,6,22,7,2,0,1,1,1,0,0,0,0,0,"355305,5043","5642679,455",6.941485343,50.91759672,1,"5,21E+18"
158663,5,3,15,0,2021,6,1,7,2,0,7,2,0,0,0,0,0,1,"354729,6673","5644289,007",6.932657568,50.93191671,0,"5,21E+18"
158664,5,3,15,0,2021,3,9,3,2,5,3,0,0,1,0,1,0,0,"355911,4163","5647359,91",6.94824851,50.95981077,0,"5,21E+18"
158666,5,3,15,0,2021,1,7,4,3,0,5,0,1,0,0,0,1,0,"353820,0023","5642291,79",6.920521796,50.91373851,1,"5,21E+18"
158669,5,3,15,0,2021,5,22,7,3,5,7,2,1,1,0,0,0,0,"354305,5897","5646033,117",6.925929265,50.94748353,0,"5,21E+18"
158670,5,3,15,0,2021,5,14,4,3,2,6,0,0,0,0,1,0,1,"355305,8091","5654612,399",6.936741863,51.02483485,0,"5,21E+18"
158674,5,3,15,0,2021,11,12,6,3,5,3,0,0,1,0,0,0,1,"355532,176","5643403,912",6.944420931,50.92416409,1,"5,21E+18"
158675,5,3,15,0,2021,6,10,2,3,3,6,0,0,1,0,0,0,0,"351598,001","5653176,266",6.88449629,51.01098411,0,"5,21E+18"
158676,5,3,15,0,2021,2,12,7,2,0,5,0,0,1,0,0,0,0,"355813,4799","5648869,516",6.946256532,50.97335276,0,"5,21E+18"
158678,5,3,15,0,2021,9,23,4,3,0,1,2,1,0,0,0,0,0,"353709,5969","5644717,831",6.917979024,50.93551258,0,"5,21E+18"
158679,5,3,15,0,2021,11,7,3,2,5,3,2,1,0,0,0,0,0,"355182,1024","5642702,495",6.939721816,50.91777283,1,"5,21E+18"
158681,5,3,15,0,2021,10,20,6,3,0,1,2,1,0,0,0,0,0,"354032,722","5643290,728",6.923145968,50.92276951,0,"5,21E+18"
158682,5,3,15,0,2021,10,15,7,3,5,2,0,1,1,0,0,0,0,"355039,5484","5645981,103",6.936391165,50.94720112,1,"5,21E+18"
158684,5,3,15,0,2021,6,15,1,3,0,1,0,1,0,0,0,0,0,"353093,2004","5647194,147",6.908213723,50.95760953,0,"5,21E+18"
158685,5,3,15,0,2021,10,17,6,3,0,1,0,1,0,0,0,0,0,"351272,988","5644511,549",6.883410217,50.93303562,0,"5,21E+18"
158688,5,3,15,0,2021,3,13,5,3,5,5,0,0,1,0,0,0,1,"354514,3848","5642372,263",6.930360715,50.91463715,0,"5,21E+18"
158697,5,3,15,0,2021,4,20,3,3,2,6,0,0,1,0,0,0,0,"354032,653","5644156,427",6.922798402,50.93054927,0,"5,21E+18"
158700,5,3,15,0,2021,2,18,5,3,5,3,2,1,1,0,0,0,0,"352895,2941","5648920,665",6.904699634,50.97307446,0,"5,21E+18"
158703,5,3,15,0,2021,10,22,3,3,0,1,2,0,0,0,0,0,1,"354999,8811","5643932,042",6.936642309,50.92877674,0,"5,21E+18"
158706,5,3,15,0,2021,9,15,2,3,5,3,0,1,1,0,0,0,0,"355328,191","5644419,763",6.941117367,50.93324222,0,"5,21E+18"
158708,5,3,15,0,2021,1,9,5,3,4,6,0,0,1,0,0,0,0,"355722,7954","5640773,103",6.948171537,50.90056907,0,"5,21E+18"
158709,5,3,15,0,2021,5,19,6,3,2,6,0,1,1,0,0,0,0,"353364,971","5647114,475",6.912112778,50.95696276,0,"5,21E+18"
158710,5,3,15,0,2021,9,21,5,3,0,5,2,1,1,0,0,0,0,"353968,3955","5646716,703",6.920858255,50.95354136,0,"5,21E+18"
158713,5,3,15,0,2021,11,18,2,3,5,3,2,1,0,0,0,0,1,"354221,7511","5646772,271",6.924440648,50.95410487,1,"5,21E+18"
158714,5,3,15,0,2021,5,16,3,3,5,2,0,1,1,0,0,0,0,"355035,956","5645982,545",6.936339486,50.94721318,0,"5,21E+18"
158715,5,3,15,0,2021,11,2,2,3,6,6,2,0,1,1,0,0,0,"352205,4582","5654382,814",6.892657843,51.02198302,0,"5,21E+18"
158718,5,3,15,0,2021,2,15,7,3,0,2,0,0,0,1,1,0,0,"353215,1618","5653221,844",6.9075143,51.01180867,0,"5,21E+18"
158722,5,3,15,0,2021,2,8,3,3,0,1,0,1,0,0,0,0,0,"353725,9471","5642142,036",6.919244793,50.91236888,1,"5,21E+18"
158724,5,3,15,0,2021,3,19,3,3,2,6,2,0,1,0,0,0,0,"355361,1319","5643579,994",6.941919038,50.92570365,1,"5,21E+18"
158725,5,3,15,0,2021,2,9,5,3,5,3,0,1,1,0,0,0,0,"354654,1766","5644235,577",6.931605314,50.93141752,1,"5,21E+18"
158726,5,3,15,0,2021,5,15,1,3,6,7,0,1,0,1,0,0,0,"355794,8302","5644822,208",6.947594482,50.93697579,0,"5,21E+18"
158727,5,3,15,0,2021,6,15,4,3,5,2,0,0,1,0,0,0,0,"352881,0095","5647327,079",6.905140787,50.95874999,0,"5,21E+18"
158728,5,3,15,0,2021,10,15,7,2,0,1,0,1,0,0,0,0,0,"353800,6374","5642260,957",6.92025887,50.91345652,0,"5,21E+18"
158729,5,3,15,0,2021,10,7,2,3,5,3,1,1,1,0,0,0,0,"352769,1747","5654342,844",6.900706091,51.02176847,0,"5,21E+18"
158730,5,3,15,0,2021,2,9,5,3,3,2,0,1,1,0,0,0,0,"354104,4958","5642724,156",6.9243931,50.91769605,0,"5,21E+18"
158731,5,3,15,0,2021,11,17,7,2,6,7,1,0,1,1,0,0,0,"354885,71","5644406,718",6.934829803,50.93301383,1,"5,21E+18"
158732,5,3,15,0,2021,6,7,6,2,5,2,0,1,1,0,0,0,0,"351519,24","5649427,019",6.884907108,50.97727165,0,"5,21E+18"
158735,5,3,15,0,2021,9,8,5,3,0,6,0,0,1,0,0,0,0,"353073,323","5642948,304",6.909643061,50.91944876,0,"5,21E+18"
158736,5,3,15,0,2021,6,8,4,3,6,2,0,0,1,1,0,0,0,"355647,5432","5648740,753",6.943945728,50.97215404,0,"5,21E+18"
158739,5,3,15,0,2021,11,11,1,3,0,7,0,1,0,0,0,0,0,"354557,3964","5643582,466",6.930489573,50.92552379,0,"5,21E+18"
158741,5,3,15,0,2021,4,17,6,3,6,7,0,0,1,1,0,0,0,"355306,4495","5647881,382",6.939432649,50.96434552,0,"5,21E+18"
158745,5,3,15,0,2021,12,12,2,2,4,2,0,1,1,0,0,0,0,"351915,4349","5648670,436",6.890854889,50.97057468,0,"5,21E+18"
158749,5,3,15,0,2021,3,18,7,2,1,7,2,1,1,0,0,0,0,"355594,5321","5645602,876",6.944436248,50.94394137,0,"5,21E+18"
158750,5,3,15,0,2021,3,14,4,2,0,2,0,1,1,0,0,0,0,"352804,06","5647212,918",6.904092043,50.95770443,0,"5,21E+18"
158752,5,3,15,0,2021,9,16,4,3,5,3,0,0,1,0,0,0,1,"354601,738","5646271,69",6.930046956,50.94970229,0,"5,21E+18"
158753,5,3,15,0,2021,5,17,4,3,0,1,0,0,0,0,0,0,1,"353845,3389","5650594,934",6.917548867,50.98836229,1,"5,21E+18"
158757,5,3,15,0,2021,6,0,2,3,0,1,2,0,0,0,0,0,1,"354703,967","5643730,571",6.932514661,50.92689171,1,"5,21E+18"
158758,5,3,15,0,2021,3,21,7,3,0,4,2,0,1,1,0,0,0,"351737,084","5648526,051",6.88837537,50.9692313,0,"5,21E+18"
158759,5,3,15,0,2021,4,11,6,2,5,3,0,1,1,0,0,0,0,"355890,119","5642814,084",6.949743546,50.91895291,0,"5,21E+18"
158760,5,3,15,0,2021,11,17,5,3,2,2,2,0,1,0,0,0,0,"352902,8711","5647403,778",6.905420855,50.95944483,1,"5,21E+18"
158761,5,3,15,0,2021,6,6,2,3,0,3,0,1,0,0,0,1,0,"354137,505","5649252,792",6.922247453,50.9763751,0,"5,21E+18"
158764,5,3,15,0,2021,5,9,4,3,5,5,0,1,1,0,0,0,0,"353585,065","5648500,577",6.914686607,50.96947507,1,"5,21E+18"
158765,5,3,15,0,2021,5,23,1,2,3,6,2,0,0,0,0,0,1,"355165,7733","5647132,912",6.937728591,50.95758386,0,"5,21E+18"
158767,5,3,15,0,2021,11,10,3,3,6,6,0,0,1,0,0,0,1,"353268,1784","5646376,008",6.911033212,50.95030183,1,"5,21E+18"
158768,5,3,15,0,2021,10,16,2,3,0,1,0,1,0,0,0,0,0,"355260,6219","5642339,689",6.940982059,50.91453205,0,"5,21E+18"
158770,5,3,15,0,2021,12,23,7,3,9,7,2,0,1,0,0,0,0,"356038,31","5651073,345",6.948583729,50.99321429,1,"5,21E+18"
158771,5,3,15,0,2021,5,23,1,2,1,1,2,0,1,0,0,0,0,"353737,1258","5645536,646",6.918041829,50.94287797,0,"5,21E+18"
158776,5,3,15,0,2021,2,16,7,3,6,6,0,1,0,1,0,0,0,"351973,2604","5647079,334",6.892325237,50.95629117,0,"5,21E+18"
158778,5,3,15,0,2021,5,3,7,3,0,7,2,1,0,0,0,0,0,"353032,2785","5645936,745",6.90785447,50.94629426,0,"5,21E+18"
158780,5,3,15,0,2021,6,9,2,3,3,6,0,1,1,0,0,0,0,"355631,4616","5646913,93",6.94444174,50.95573278,0,"5,21E+18"
158781,5,3,15,0,2021,3,19,4,3,1,5,1,1,1,0,0,0,0,"354407,476","5643471,692",6.928402068,50.92449048,0,"5,21E+18"
158782,5,3,15,0,2021,2,8,5,3,0,4,0,0,1,1,0,0,0,"353782,6365","5649863,707",6.916950328,50.98177514,0,"5,21E+18"
158783,5,3,15,0,2021,9,15,4,3,0,6,0,0,0,0,1,0,0,"355546,6016","5654661,106",6.940153647,51.02533312,1,"5,21E+18"
158786,5,3,15,0,2021,6,15,1,3,1,5,0,1,1,0,0,0,0,"354887,9939","5644961,807",6.934641242,50.93800284,0,"5,21E+18"
158788,5,3,15,0,2021,12,12,5,3,6,4,0,1,0,1,0,0,0,"355881,0842","5644896,924",6.948791701,50.93766881,0,"5,21E+18"
158789,5,3,15,0,2021,5,12,4,3,0,7,0,1,0,0,0,0,0,"353907,938","5642785,275",6.921574225,50.91819558,0,"5,21E+18"
158792,5,3,15,0,2021,11,13,3,3,6,7,0,0,0,1,0,0,1,"354343,067","5645497,013",6.926676809,50.9426752,1,"5,21E+18"
158793,5,3,15,0,2021,11,20,5,3,5,3,2,0,1,0,0,0,0,"353618,261","5651481,562",6.913958383,50.99627232,0,"5,21E+18"
158794,5,3,15,0,2021,12,11,3,3,2,6,0,0,1,0,0,0,0,"355161,0056","5645917,364",6.938144342,50.94665885,1,"5,21E+18"
158795,5,3,15,0,2021,9,12,4,3,3,2,0,0,1,0,0,0,1,"355313,6334","5642608,709",6.941628972,50.91696298,1,"5,21E+18"
158796,5,3,15,0,2021,9,17,7,3,0,2,0,1,1,0,0,0,0,"354976,7941","5651192,266",6.93342041,50.99401649,0,"5,21E+18"
158799,5,3,15,0,2021,12,11,2,3,3,5,0,0,1,0,1,0,0,"356386,8745","5646377,693",6.955401715,50.95110245,1,"5,21E+18"
158800,5,3,15,0,2021,9,13,5,3,0,4,0,0,1,1,0,0,0,"359872,2683","5645544,782",7.005310689,50.94447488,0,"5,21E+18"
158808,5,3,15,0,2021,12,14,6,3,0,1,0,0,0,0,0,0,1,"356582,957","5643146,243",6.959463266,50.9221106,1,"5,21E+18"
158809,5,3,15,0,2021,9,13,3,3,0,3,0,1,1,0,0,0,0,"357674,7434","5640822,354",6.975893194,50.90149612,0,"5,21E+18"
158810,5,3,15,0,2021,3,10,4,3,3,5,0,1,1,0,0,0,0,"356130,1909","5647605,311",6.951264596,50.96207081,0,"5,21E+18"
158812,5,3,15,0,2021,4,19,3,3,6,4,0,1,0,1,0,0,0,"356313,5039","5646061,078",6.954482804,50.94823879,0,"5,21E+18"
158814,5,3,15,0,2021,2,17,1,3,4,3,0,1,1,0,0,0,0,"357490,2064","5647765,308",6.970555771,50.96384669,0,"5,21E+18"
158818,5,3,15,0,2021,9,17,5,3,3,6,0,0,1,0,0,0,1,"356616,959","5644427,374",6.959442856,50.93363245,1,"5,21E+18"
158821,5,3,15,0,2021,11,17,3,3,5,3,2,1,1,0,0,0,0,"357167,0504","5640744,501",6.968708234,50.90067108,1,"5,21E+18"
158826,5,3,15,0,2021,9,22,1,2,0,1,2,1,0,0,0,0,0,"358087,5076","5642343,04",6.981168214,50.91526421,0,"5,21E+18"
158827,5,3,15,0,2021,9,10,6,3,5,3,0,1,1,0,0,0,0,"359872,138","5649177,312",7.003909975,50.97712077,0,"5,21E+18"
158828,5,3,15,0,2021,11,18,5,3,5,3,2,1,1,0,0,0,0,"356437,3114","5644031,709",6.957043779,50.93003197,1,"5,21E+18"
158830,5,3,15,0,2021,12,7,3,3,0,1,2,0,0,0,1,0,0,"357664,7273","5645652,87",6.973865405,50.94490547,1,"5,21E+18"
158831,5,3,15,0,2021,9,15,1,3,4,6,0,1,1,0,0,0,0,"360032,2471","5636868,756",7.01091323,50.86654045,0,"5,21E+18"
158832,5,3,15,0,2021,10,16,3,3,2,6,0,0,1,0,0,0,0,"357021,3283","5640112,554",6.966884665,50.89495572,1,"5,21E+18"
158838,5,3,15,0,2021,6,17,6,3,1,3,0,0,1,0,0,0,1,"359661,8568","5643040,184",7.003281896,50.92191454,0,"5,21E+18"
158839,5,3,15,0,2021,6,8,6,3,5,3,0,1,1,0,0,0,0,"356444,1568","5648771,784",6.955272129,50.97263201,0,"5,21E+18"
158840,5,3,15,0,2021,9,13,2,3,0,7,0,0,0,0,1,0,0,"359932,6659","5646872,244",7.005659205,50.95641963,0,"5,21E+18"
158845,5,3,15,0,2021,9,12,2,3,5,2,0,0,0,0,1,0,1,"356817,324","5644571,738",6.962235703,50.93497962,0,"5,21E+18"
158850,5,3,15,0,2021,11,15,2,3,1,6,0,0,1,0,0,0,0,"359609,269","5646187,866",7.00132146,50.95019036,1,"5,21E+18"
158851,5,3,15,0,2021,9,18,4,3,1,5,0,0,1,0,0,0,0,"356172,9342","5642606,862",6.953846128,50.91716118,0,"5,21E+18"
158853,5,3,15,0,2021,12,12,3,3,6,3,0,0,1,1,0,0,0,"358437,9771","5651454,936",6.982606743,50.99723887,0,"5,21E+18"
158856,5,3,15,0,2021,3,12,2,3,5,3,0,1,1,0,0,0,0,"356551,559","5643266,367",6.958969587,50.92318234,0,"5,21E+18"
158857,5,3,15,0,2021,11,10,1,3,2,2,0,0,1,0,0,0,1,"359017,0361","5639898,353",6.995327033,50.89352129,0,"5,21E+18"
158858,5,3,15,0,2021,1,16,2,3,4,6,1,1,0,0,0,0,0,"357851,327","5647754,873",6.975699034,50.96384213,1,"5,21E+18"
158859,5,3,15,0,2021,1,3,5,3,3,2,2,1,1,0,0,0,0,"357431,612","5648938,565",6.969262007,50.97437613,1,"5,21E+18"
158860,5,3,15,0,2021,1,14,2,3,0,1,0,1,0,0,0,0,0,"357191,1436","5642085,329",6.968526048,50.91272705,1,"5,21E+18"
158861,5,3,15,0,2021,11,22,5,3,0,1,2,0,0,0,0,0,1,"359521,0734","5644685,792",7.000645989,50.93666957,0,"5,21E+18"
158862,5,3,15,0,2021,10,10,4,3,2,2,0,0,1,0,0,0,0,"356249,9847","5647488,349",6.953015526,50.9610496,0,"5,21E+18"
158864,5,3,15,0,2021,6,11,2,2,8,5,0,0,1,1,0,0,1,"356856,887","5650780,21",6.960355824,50.99078411,0,"5,21E+18"
158865,5,3,15,0,2021,11,20,4,3,6,7,2,1,0,1,0,0,0,"358060,109","5641007,948",6.981297953,50.90325892,1,"5,21E+18"
158866,5,3,15,0,2021,6,1,3,2,0,1,2,0,0,0,0,0,1,"360037,3624","5645100,268",7.007830047,50.94052007,0,"5,21E+18"
158873,5,3,15,0,2021,3,15,2,3,5,3,0,1,1,0,0,0,0,"357307,214","5645112,508",6.968991312,50.9399609,0,"5,21E+18"
158877,5,3,15,0,2021,7,13,2,3,0,1,0,1,0,0,0,0,0,"356743,306","5644726,984",6.961121967,50.93635642,0,"5,21E+18"
158879,5,3,15,0,2021,3,11,7,3,3,2,0,0,1,0,0,0,1,"359775,983","5646238,921",7.003673686,50.95068977,0,"5,21E+18"
158880,5,3,15,0,2021,7,11,2,3,3,2,0,1,0,0,0,0,0,"356430,8303","5642983,251",6.957364442,50.92060797,1,"5,21E+18"
158881,5,3,15,0,2021,11,23,5,3,8,7,2,1,0,0,0,0,0,"359423,8663","5645832,481",6.998820885,50.9469513,0,"5,21E+18"
158882,5,3,15,0,2021,9,19,4,2,5,2,0,1,1,0,0,0,0,"357619,9686","5645098,756",6.973445279,50.93991462,0,"5,21E+18"
158883,5,3,15,0,2021,5,15,3,3,5,7,0,1,0,0,0,0,0,"360046,1281","5637038,566",7.011045403,50.86806994,0,"5,21E+18"
158884,5,3,15,0,2021,1,22,6,3,9,1,2,0,1,0,0,0,0,"357352,9108","5649788,77",6.967808121,50.98199732,2,"5,21E+18"
158885,5,3,15,0,2021,5,19,7,3,5,3,0,0,1,0,0,0,0,"359339,095","5642843,092",6.998768676,50.92006465,0,"5,21E+18"