OBJECTID,ULAND,UREGBEZ,UKREIS,UGEMEINDE,UJAHR,UMONAT,USTUNDE,UWOCHENTAG,UKATEGORIE,UART,UTYP1,ULICHTVERH,IstRad,IstPKW,IstFuss,IstKrad,IstGkfz,IstSonstige,LINREFX,LINREFY,XGCSWGS84,YGCSWGS84,USTRZUSTAND,UIDENTSTLAE
158888,5,3,15,0,2021,7,13,4,3,0,1,0,0,0,0,0,0,1,"356825,5675","5649235,882",6.96051829,50.97689772,0,"5,21E+18"
158892,5,3,15,0,2021,10,21,5,3,0,7,2,1,0,0,0,0,0,"356418,336","5646440,97",6.955824369,50.95167895,0,"5,21E+18"
158894,5,3,15,0,2021,2,17,3,3,0,1,0,1,0,0,0,0,0,"360093,774","5639659,959",7.010718847,50.89164062,1,"5,21E+18"
158895,5,3,15,0,2021,12,14,2,3,0,1,0,1,0,0,0,0,0,"356994,0534","5642011,184",6.965753361,50.91201192,1,"5,21E+18"
158896,5,3,15,0,2021,3,10,4,3,0,3,0,0,1,0,0,0,1,"359115,4668","5639677,534",6.996810892,50.89156078,0,"5,21E+18"
158899,5,3,15,0,2021,10,12,7,3,0,3,0,1,0,0,0,0,0,"356805,8058","5643406,524",6.962529607,50.92450508,1,"5,21E+18"
158900,5,3,15,0,2021,6,17,5,3,0,7,0,1,0,0,0,0,0,"356613,8148","5642875,771",6.960008348,50.91968756,0,"5,21E+18"
158901,5,3,15,0,2021,1,10,4,3,0,7,0,0,1,0,0,0,0,"359092,4923","5639709,055",6.99647228,50.89183845,0,"5,21E+18"
158902,5,3,15,0,2021,9,6,7,3,9,1,2,0,1,0,0,0,0,"357907,2945","5648725,914",6.976116176,50.97258261,0,"5,21E+18"
158903,5,3,15,0,2021,11,14,2,3,4,6,0,0,1,0,1,0,0,"356788,129","5642609,857",6.962591086,50.9173411,0,"5,21E+18"
158904,5,3,15,0,2021,4,9,2,3,5,7,0,1,0,0,0,0,1,"355952,1256","5642764,317",6.950644767,50.91852114,1,"5,21E+18"
158905,5,3,15,0,2021,6,16,3,3,2,6,0,0,1,0,0,0,0,"359529,5327","5644624,697",7.000789858,50.93612257,0,"5,21E+18"
158906,5,3,15,0,2021,12,6,5,3,5,2,2,1,1,0,0,0,0,"356195,7065","5643572,791",6.953789005,50.92584755,0,"5,21E+18"
158907,5,3,15,0,2021,6,14,6,3,0,2,0,1,0,0,0,1,0,"360007,0012","5644394,696",7.007669264,50.93417161,0,"5,21E+18"
158909,5,3,15,0,2021,5,14,1,3,0,7,0,1,1,0,0,0,0,"359592,5405","5636649,274",7.004752817,50.86446128,0,"5,21E+18"
158910,5,3,15,0,2021,10,19,5,3,0,1,2,1,0,0,0,0,0,"356530,9099",5645817,6.957671843,50.94609945,0,"5,21E+18"
158916,5,3,15,0,2021,1,10,3,3,1,7,0,0,1,0,0,0,1,"356180,6057","5645320,621",6.952884546,50.94155129,1,"5,21E+18"
158920,5,3,15,0,2021,11,20,6,2,0,1,2,0,0,0,0,0,1,"358036,1334","5648062,719",6.978208925,50.96665429,1,"5,21E+18"
158921,5,3,15,0,2021,10,16,4,3,5,3,0,0,1,0,0,0,0,"359728,0976","5643962,855",7.003868777,50.93022283,0,"5,21E+18"
158922,5,3,15,0,2021,12,17,5,3,2,6,1,0,1,0,0,0,0,"356343,4549","5643941,875",6.955744473,50.92920127,1,"5,21E+18"
158925,5,3,15,0,2021,5,18,7,3,1,6,0,0,1,0,0,0,0,"357279,928","5647666,632",6.967601973,50.96290785,0,"5,21E+18"
158926,5,3,15,0,2021,2,19,6,3,0,4,2,0,1,1,0,0,0,"359512,2755","5647751,289",6.999338024,50.96421734,0,"5,21E+18"
158930,5,3,15,0,2021,2,11,2,3,1,7,0,0,1,0,1,0,0,"356763,6344","5648930,069",6.959757146,50.97413404,0,"5,21E+18"
158933,5,3,15,0,2021,9,14,7,3,5,2,0,1,1,0,0,0,0,"359730,7405","5647250,024",7.002640364,50.95976566,0,"5,21E+18"
158934,5,3,15,0,2021,10,23,3,2,0,1,2,0,0,0,1,0,0,"356230,3079","5642872,981",6.95455691,50.91956706,1,"5,21E+18"
158935,5,3,15,0,2021,4,15,3,3,0,3,0,1,1,0,0,0,0,"359906,719","5646285,427",7.005515834,50.95113952,0,"5,21E+18"
158937,5,3,15,0,2021,12,14,6,3,5,2,0,1,0,0,0,0,1,"357162,2012","5648931,207",6.965430007,50.97424325,0,"5,21E+18"
158940,5,3,15,0,2021,10,0,5,2,1,1,2,0,0,0,0,1,1,"359166,4242","5651532,378",6.992950939,50.99811358,0,"5,21E+18"
158943,5,3,15,0,2021,1,22,7,3,2,6,2,0,1,0,0,0,0,"357276,3558","5649852,869",6.966693059,50.9825544,0,"5,21E+18"
158946,5,3,15,0,2021,12,15,5,3,9,1,0,0,0,0,0,0,1,"358922,8581","5646850,59",6.991298923,50.9559787,0,"5,21E+18"
158947,5,3,15,0,2021,1,14,6,3,1,5,0,1,1,0,0,0,0,"356615,2565","5642866,141",6.960032632,50.91960137,0,"5,21E+18"
158948,5,3,15,0,2021,11,19,5,3,1,6,2,0,1,0,0,0,0,"358043,0237","5648434,777",6.97816178,50.96999966,1,"5,21E+18"
158950,5,3,15,0,2021,9,15,3,2,6,4,0,0,0,1,0,0,1,"359739,6428","5647299,942",7.002747807,50.96021644,0,"5,21E+18"
158951,5,3,15,0,2021,5,14,6,2,6,7,0,0,1,1,0,0,0,"356454,9105","5646347,788",6.956381465,50.95085065,0,"5,21E+18"
158958,5,3,15,0,2021,6,7,3,3,6,4,0,0,1,1,0,0,0,"359857,6019","5645156,091",7.005251593,50.9409781,0,"5,21E+18"
158959,5,3,15,0,2021,10,19,1,3,0,1,2,0,0,0,0,0,1,"356660,235","5647740,433",6.958754167,50.96341724,0,"5,21E+18"
158960,5,3,15,0,2021,5,11,3,3,0,1,0,1,0,0,0,0,0,"359300,6693","5644513,996",6.997577486,50.93507189,0,"5,21E+18"
158962,5,3,15,0,2021,4,15,4,3,6,6,0,1,0,1,0,0,0,"356777,5107","5641796,822",6.962759273,50.91003177,0,"5,21E+18"
158963,5,3,15,0,2021,6,15,5,3,5,3,0,1,0,0,0,0,0,"356122,135","5648394,477",6.95083784,50.96916088,0,"5,21E+18"
158965,5,3,15,0,2021,7,17,3,3,2,6,0,0,1,0,0,0,0,"356302,0203","5644083,263",6.955099518,50.93046159,0,"5,21E+18"
158968,5,3,15,0,2021,12,18,7,3,5,3,2,0,1,0,1,0,0,"358276,0105","5651905,197",6.980124348,51.00124546,0,"5,21E+18"
158969,5,3,15,0,2021,11,15,2,3,6,4,1,1,0,1,0,0,0,"359879,5336","5646270,923",7.005134633,50.95100257,1,"5,21E+18"
158971,5,3,15,0,2021,11,8,1,3,0,7,0,0,0,0,0,0,1,"359052,3864","5642455,345",6.994842069,50.91650996,0,"5,21E+18"
158972,5,3,15,0,2021,3,12,2,3,1,5,0,0,1,0,1,0,0,"357554,3762","5637024,728",6.975662665,50.86733696,0,"5,21E+18"
158973,5,3,15,0,2021,10,17,1,2,5,3,0,1,1,0,0,0,0,"357398,6467","5649486,051",6.968578017,50.97928816,0,"5,21E+18"
158975,5,3,15,0,2021,3,18,7,3,0,7,0,1,0,1,0,0,0,"356074,7691","5641762,296",6.95278368,50.90954669,0,"5,21E+18"
158979,5,3,15,0,2021,11,13,5,3,4,6,0,1,0,0,0,0,1,"357981,813","5644769,852",6.978720334,50.937048,0,"5,21E+18"
158981,5,3,15,0,2021,4,20,3,3,1,6,1,1,1,0,0,0,0,"356353,7329","5644318,507",6.955742206,50.93258858,0,"5,21E+18"
158982,5,3,15,0,2021,4,12,7,3,2,6,0,0,1,0,0,0,0,"359970,5456","5648242,969",7.005670665,50.96874768,0,"5,21E+18"
158983,5,3,15,0,2021,10,17,3,3,5,3,0,1,1,0,0,0,0,"357387,4039","5641783,812",6.971433841,50.91006585,1,"5,21E+18"
158984,5,3,15,0,2021,4,7,3,3,6,7,0,0,1,1,0,0,0,"357242,309","5650034,419",6.966137022,50.98417753,0,"5,21E+18"
158985,5,3,15,0,2021,11,17,4,3,5,3,1,0,1,0,1,0,0,"359341,2937","5642842,989",6.998799977,50.92006426,1,"5,21E+18"
158986,5,3,15,0,2021,2,15,1,3,0,6,0,1,0,1,0,0,0,"358541,5997","5646512,44",6.986005435,50.95284628,0,"5,21E+18"
158988,5,3,15,0,2021,6,8,4,3,5,2,0,1,0,0,0,1,0,"356830,2809","5641475,599",6.963635395,50.90715803,0,"5,21E+18"
158991,5,3,15,0,2021,10,12,7,2,8,1,0,0,0,0,0,0,1,"356074,472","5643463,481",6.952108267,50.92483496,0,"5,21E+18"
158992,5,3,15,0,2021,9,11,1,3,5,2,0,0,1,0,0,0,0,"359616,8747","5645685,731",7.001623246,50.94567947,0,"5,21E+18"
158997,5,3,15,0,2021,3,14,3,2,0,1,0,1,0,0,0,0,0,"358821,2544","5648350,473",6.989271223,50.96943328,0,"5,21E+18"
159000,5,3,15,0,2021,10,11,1,3,0,1,0,0,0,0,0,0,1,"359193,0859","5644543,977",6.996035783,50.93531508,0,"5,21E+18"
159004,5,3,15,0,2021,1,9,4,3,1,1,0,0,1,0,1,0,0,"359581,7383","5647503,208",7.000422331,50.96200475,1,"5,21E+18"
159005,5,3,15,0,2021,6,15,1,3,0,1,0,1,0,0,0,0,0,"356285,6808","5648995,789",6.952927892,50.97460558,0,"5,21E+18"
159007,5,3,15,0,2021,9,16,4,3,2,6,0,1,1,0,0,0,0,"356718,4012","5642294,66",6.961723566,50.91449113,0,"5,21E+18"
159010,5,3,15,0,2021,5,12,3,3,0,4,0,1,0,1,0,0,0,"356372,5143","5641525,437",6.957109189,50.90749222,0,"5,21E+18"
159011,5,3,15,0,2021,11,10,3,3,5,3,0,1,1,0,0,0,0,"358902,4067","5643824,432",6.9921801,50.92877743,1,"5,21E+18"
159015,5,3,15,0,2021,3,18,4,3,5,3,0,1,1,0,0,0,0,"356680,5897","5648183,464",6.958869294,50.96740376,0,"5,21E+18"
159016,5,3,15,0,2021,9,9,3,3,0,1,0,1,0,0,0,0,0,"359188,7242","5646104,356",6.995370565,50.94933727,0,"5,21E+18"
159018,5,3,15,0,2021,12,13,2,3,5,3,0,1,1,0,0,0,0,"357167,3753","5641294,277",6.968497761,50.905612,0,"5,21E+18"
159019,5,3,15,0,2021,9,8,3,3,0,3,0,1,0,0,1,0,0,"356775,8343","5645343,777",6.961342138,50.94190755,0,"5,21E+18"
159024,5,3,15,0,2021,5,14,4,3,5,3,0,1,0,0,0,1,0,"356719,2866","5642297,506",6.961735035,50.91451693,0,"5,21E+18"
159034,5,3,15,0,2021,12,17,3,3,0,5,2,1,1,0,0,0,0,"356629,6845","5642775,795",6.960273276,50.91879302,0,"5,21E+18"
159035,5,3,15,0,2021,1,21,6,3,0,1,2,0,1,0,0,0,0,"357938,14","5646017,647",6.977612528,50.94825116,2,"5,21E+18"
159037,5,3,15,0,2021,11,3,6,3,1,5,2,0,1,0,1,0,0,"356461,41","5645961,383",6.956626254,50.9473797,0,"5,21E+18"
159045,5,3,15,0,2021,6,11,4,3,5,3,0,0,1,0,0,0,1,"356796,8226","5641674,551",6.963081764,50.90893771,0,"5,21E+18"
159046,5,3,15,0,2021,12,0,1,3,7,1,2,1,0,0,0,0,0,"356610,9299","5642895,938",6.959959404,50.91986808,0,"5,21E+18"
159048,5,3,15,0,2021,6,15,7,3,0,1,0,1,0,0,0,0,0,"356126,5372","5648101,967",6.951016194,50.96653325,0,"5,21E+18"
159050,5,3,15,0,2021,6,16,2,3,1,5,0,0,1,0,0,0,1,"356279,6355","5644945,603",6.95444111,50.93820574,0,"5,21E+18"
159060,5,3,15,0,2021,6,23,4,3,3,7,2,0,1,0,0,0,0,"359439,0556","5643773,939",6.999831104,50.92845466,0,"5,21E+18"
159061,5,3,15,0,2021,6,13,6,3,3,5,0,0,1,0,0,0,1,"356239,436","5646134,766",6.953400001,50.94888255,0,"5,21E+18"
159062,5,3,15,0,2021,4,16,7,3,1,7,0,0,1,0,1,0,0,"359823,2513","5639043,958",7.007111185,50.88603889,0,"5,21E+18"
159063,5,3,15,0,2021,5,16,2,2,6,2,0,1,0,1,0,0,0,"356758,9575","5642997,737",6.962024034,50.92081971,0,"5,21E+18"
159065,5,3,15,0,2021,10,7,6,3,5,2,1,1,1,0,0,0,0,"359557,7354","5638071,946",7.003712263,50.87723872,0,"5,21E+18"
159066,5,3,15,0,2021,4,11,3,3,5,3,0,1,1,0,0,0,0,"356497,3363","5643640,136",6.958051514,50.92652788,0,"5,21E+18"
159067,5,3,15,0,2021,7,6,3,3,9,1,0,0,0,0,1,0,0,"359124,563","5645722,115",6.994605618,50.94588636,1,"5,21E+18"
159068,5,3,15,0,2021,2,13,1,3,0,6,0,0,1,0,1,0,0,"357623,1882","5645277,049",6.973421393,50.94151774,0,"5,21E+18"
159069,5,3,15,0,2021,2,17,3,3,5,3,0,0,1,0,0,0,0,"357586,875","5646994,282",6.972233229,50.95694144,0,"5,21E+18"
159074,5,3,15,0,2021,3,16,7,3,0,3,0,1,0,0,0,0,1,"358102,1223","5648213,336",6.979089331,50.96802414,1,"5,21E+18"
159075,5,3,15,0,2021,10,15,6,3,0,3,0,0,0,1,0,0,1,"356119,027","5644752,616",6.952232949,50.93643135,0,"5,21E+18"
159077,5,3,15,0,2021,11,10,2,3,6,4,0,0,0,1,0,0,1,"356468,7237","5646040,579",6.956699084,50.94809324,0,"5,21E+18"
159078,5,3,15,0,2021,6,20,6,3,5,3,0,0,1,0,0,0,1,"359871,372","5643173,455",7.006209717,50.92316319,0,"5,21E+18"
159079,5,3,15,0,2021,11,8,6,2,0,7,0,1,0,0,0,0,0,"360261,54","5646792,005",7.010369643,50.95577834,1,"5,21E+18"
159086,5,3,15,0,2021,11,8,3,3,4,6,0,0,1,0,0,0,1,"360351,5174","5648617,134",7.010949372,50.97220283,1,"5,21E+18"
159090,5,3,15,0,2021,6,21,6,3,0,1,0,0,0,0,0,0,1,"356823,4767","5649528,204",6.960373393,50.97952425,0,"5,21E+18"
159092,5,3,15,0,2021,9,6,4,3,5,3,1,1,0,0,0,0,1,"359626,7999","5643215,119",7.002716096,50.92347818,0,"5,21E+18"
159093,5,3,15,0,2021,11,11,6,3,0,3,0,1,0,0,0,1,0,"356391,611","5645410,47",6.955850515,50.94241134,1,"5,21E+18"
159095,5,3,15,0,2021,1,12,7,2,0,7,0,0,1,0,0,0,0,"359932,6754","5638224,904",7.008979729,50.87870439,0,"5,21E+18"
159099,5,3,15,0,2021,10,18,3,3,3,6,2,1,1,0,0,0,0,"358888,4467","5646780,321",6.990836527,50.95533876,1,"5,21E+18"
159100,5,3,15,0,2021,1,13,5,3,0,1,0,1,1,1,0,0,0,"356771,6558","5641832,385",6.96266209,50.91034991,0,"5,21E+18"
159101,5,3,15,0,2021,11,20,7,3,5,2,2,0,1,0,0,0,0,"356590,6632","5642521,964",6.959818287,50.91650217,1,"5,21E+18"
159102,5,3,15,0,2021,9,0,1,2,0,7,2,0,0,0,0,0,1,"359145,0167","5639643,874",6.997243755,50.89126547,0,"5,21E+18"
159103,5,3,15,0,2021,10,8,6,3,5,3,0,1,1,0,0,0,0,"357859,2215","5644309,967",6.977156084,50.93288482,0,"5,21E+18"
159105,5,3,15,0,2021,6,21,2,3,5,2,0,1,1,0,0,0,0,"359596,4858","5645442,671",7.001426895,50.9434901,0,"5,21E+18"
159108,5,3,15,0,2021,9,22,6,3,4,6,2,1,1,0,0,0,0,"358254,9385","5642057,407",6.983659457,50.91273835,0,"5,21E+18"
159109,5,3,15,0,2021,12,14,3,3,6,7,0,0,1,1,0,0,0,"358886,4565","5650122,01",6.989511594,50.98537006,0,"5,21E+18"
159111,5,3,15,0,2021,10,3,3,3,0,1,2,0,0,0,0,0,1,"356648,885","5646172,064",6.959210344,50.94931971,1,"5,21E+18"
159113,5,3,15,0,2021,12,8,4,3,1,6,0,0,1,0,1,0,0,"357799,1807","5648288,65",6.974748271,50.96862627,1,"5,21E+18"
159114,5,3,15,0,2021,6,16,2,3,2,6,0,0,1,0,0,0,0,"357394,388","5648434,532",6.968929804,50.96983723,0,"5,21E+18"
159126,5,3,15,0,2021,10,19,6,2,6,2,2,0,1,1,0,0,0,"359530,0909","5650189,428",6.998649593,50.98613335,0,"5,21E+18"
159130,5,3,15,0,2021,5,18,4,3,0,2,0,1,1,0,0,0,0,"358057,034","5648381,37",6.978382034,50.96952314,0,"5,21E+18"
159131,5,3,15,0,2021,5,12,6,2,0,1,0,1,0,0,0,0,0,"356222,5276","5647933,712",6.952448813,50.96504514,1,"5,21E+18"
159133,5,3,15,0,2021,11,18,6,3,8,1,2,1,0,0,0,0,0,"356448,343","5646170,548",6.956357906,50.94925618,1,"5,21E+18"
159134,5,3,15,0,2021,3,8,6,3,6,7,0,0,1,1,0,0,0,"359955,5437","5647253,656",7.00583797,50.95985298,0,"5,21E+18"
159135,5,3,15,0,2021,11,20,5,3,0,2,2,1,1,0,0,0,0,"360223,6194","5647934,675",7.009391136,50.96603847,0,"5,21E+18"
159136,5,3,15,0,2021,12,12,7,3,0,5,0,1,1,0,0,0,0,"356883,0409","5639965,846",6.964977066,50.893603,1,"5,21E+18"
159140,5,3,15,0,2021,5,15,7,3,4,2,0,1,1,0,0,0,0,"356531,8981","5643413,386",6.958632192,50.9244987,0,"5,21E+18"
159143,5,3,15,0,2021,6,15,6,3,0,2,0,0,1,0,0,0,1,"356768,413","5641852,082",6.962608263,50.91052612,0,"5,21E+18"
159144,5,3,15,0,2021,5,7,2,2,2,7,0,1,1,0,0,0,0,"356364,6867","5655203,061",6.951596458,51.0304085,0,"5,21E+18"
159145,5,3,15,0,2021,7,19,4,2,0,7,0,0,1,0,1,0,0,"359621,6453","5645885,372",7.001614158,50.94747482,0,"5,21E+18"
159153,5,3,15,0,2021,10,15,6,3,1,5,0,0,1,0,0,0,0,"357373,783","5649754,73",6.968118631,50.98169659,0,"5,21E+18"
159154,5,3,15,0,2021,5,14,6,3,7,7,0,0,0,0,1,1,0,"356764,2424","5641876,514",6.962539389,50.91074466,0,"5,21E+18"
159155,5,3,15,0,2021,6,19,7,3,8,1,0,1,0,0,0,0,0,"356660,422","5645175,745",6.959766585,50.94036879,0,"5,21E+18"
159157,5,3,15,0,2021,6,10,2,3,9,5,0,0,1,0,1,0,0,"357844,507","5644783,979",6.976761911,50.93714113,0,"5,21E+18"
159158,5,3,15,0,2021,1,20,4,2,6,4,2,0,1,1,0,0,0,"356760,8517","5641901,098",6.962481541,50.91096475,1,"5,21E+18"
159159,5,3,15,0,2021,12,17,5,2,0,7,0,0,0,0,1,0,0,"356047,4971","5645437,19",6.950945117,50.94256566,0,"5,21E+18"
159160,5,3,15,0,2021,5,11,7,3,0,5,0,1,1,0,0,0,0,"359565,7518","5645016,169",7.001154117,50.93964959,0,"5,21E+18"
159163,5,3,15,0,2021,7,20,2,3,4,6,0,1,0,0,0,0,1,"357330,715","5644951,06",6.969388809,50.9385158,0,"5,21E+18"
159165,5,3,15,0,2021,5,19,3,3,0,4,0,0,1,1,0,0,0,"358217,4517","5642885,503",6.982804713,50.92017129,1,"5,21E+18"
159168,5,3,15,0,2021,6,17,4,2,6,6,0,1,0,1,0,0,0,"356430,5503","5641276,797",6.958031901,50.90527214,0,"5,21E+18"
159169,5,3,15,0,2021,5,13,4,3,6,4,0,0,1,1,0,0,0,"359185,9118","5646402,573",6.995215216,50.95201667,0,"5,21E+18"
159170,5,3,15,0,2021,6,13,3,3,0,1,0,0,0,0,0,0,1,"357736,666","5644750,733",6.975241061,50.93681576,0,"5,21E+18"
159173,5,3,15,0,2021,9,16,3,3,5,3,0,1,1,0,0,0,0,"356133,3266","5643432,144",6.952957492,50.92456802,0,"5,21E+18"
159174,5,3,15,0,2021,6,15,5,3,5,3,0,0,1,0,0,0,1,"360067,7847","5648005,132",7.007146167,50.96663384,0,"5,21E+18"
159178,5,3,15,0,2021,5,18,2,3,0,4,0,1,0,1,0,0,0,"356454,8504","5643895,884",6.957346681,50.92881569,0,"5,21E+18"
159182,5,3,15,0,2021,6,17,7,3,0,7,0,0,1,0,0,0,1,"357299,7162","5647519,469",6.967941292,50.96159021,0,"5,21E+18"
159186,5,3,15,0,2021,10,14,6,3,0,7,0,1,1,0,0,0,0,"356776,1439","5649055,153",6.959885938,50.97526125,1,"5,21E+18"
159188,5,3,15,0,2021,6,12,2,3,2,6,0,1,1,0,0,0,0,"356140,4128","5644149,336",6.952775247,50.9310151,0,"5,21E+18"
159189,5,3,15,0,2021,11,15,6,3,6,4,0,1,0,1,0,0,0,"359767,517","5648563,892",7.002657223,50.97158245,1,"5,21E+18"
159190,5,3,15,0,2021,2,9,5,3,0,1,0,1,0,0,0,0,0,"356340,3676","5642604,766",6.956227323,50.91718405,0,"5,21E+18"
159191,5,3,15,0,2021,4,14,6,3,0,3,0,1,0,0,0,0,0,"359730,5934","5639718,129",7.005535904,50.89207532,0,"5,21E+18"
159192,5,3,15,0,2021,12,10,7,3,6,4,0,0,0,1,0,0,1,"360236,4627","5645148,376",7.010643673,50.94100072,0,"5,21E+18"
159195,5,3,15,0,2021,10,17,6,3,5,3,0,0,1,0,0,0,0,"358770,311","5646385,982",6.989308592,50.95176589,0,"5,21E+18"
159198,5,3,15,0,2021,12,17,5,3,6,2,2,0,1,1,0,0,0,"356641,6146","5646071,818",6.959146378,50.94841701,0,"5,21E+18"
159206,5,3,15,0,2021,9,2,7,2,0,1,2,1,0,0,0,0,0,"356694,2647","5642352,913",6.961357558,50.91500866,0,"5,21E+18"
159209,5,3,15,0,2021,12,11,3,3,0,1,0,1,0,0,0,0,0,"359828,0267","5646568,019",7.004287426,50.95366008,0,"5,21E+18"
159210,5,3,15,0,2021,12,13,2,3,0,1,0,0,0,0,1,0,0,"356490,1261","5645781,573",6.957105627,50.94577092,1,"5,21E+18"
159212,5,3,15,0,2021,6,15,2,3,3,6,0,1,0,0,0,0,0,"357602,8561","5645124,768",6.973191705,50.94014417,0,"5,21E+18"
159213,5,3,15,0,2021,9,19,7,3,4,2,1,0,1,0,0,0,1,"357431,612","5648938,565",6.969262007,50.97437613,0,"5,21E+18"
159215,5,3,15,0,2021,10,17,4,2,3,7,0,0,1,0,1,0,0,"359488,2134","5643813,544",7.000514892,50.92882257,0,"5,21E+18"
159218,5,3,15,0,2021,1,20,5,3,0,7,2,0,1,0,0,0,0,"356638,2925","5641928,168",6.960728731,50.9111776,1,"5,21E+18"
159219,5,3,15,0,2021,5,15,2,3,5,2,0,1,1,0,0,0,0,"358057,034","5648381,37",6.978382034,50.96952314,0,"5,21E+18"
159221,5,3,15,0,2021,12,18,5,2,0,7,2,0,1,0,0,0,0,"356324,6639","5643745,426",6.955554678,50.92743113,0,"5,21E+18"
159222,5,3,15,0,2021,11,9,3,3,4,2,0,1,1,0,0,0,0,"359961,991","5647235,362",7.005936757,50.95969013,0,"5,21E+18"
159225,5,3,15,0,2021,12,15,5,3,1,6,0,0,1,0,0,0,0,"359356,1098","5643120,333",6.998903679,50.9225604,0,"5,21E+18"
159226,5,3,15,0,2021,11,12,2,3,0,1,0,1,0,0,0,0,0,"358304,7717","5637085,724",6.986296078,50.86806954,0,"5,21E+18"
159227,5,3,15,0,2021,9,18,1,2,0,1,0,1,0,0,0,0,0,"358980,1894","5648648,697",6.991417716,50.97215236,0,"5,21E+18"
159230,5,3,15,0,2021,6,3,7,2,0,1,2,0,0,0,0,0,1,"359363,4338","5638934,477",7.000620352,50.88494321,0,"5,21E+18"
159231,5,3,15,0,2021,10,17,3,3,2,6,0,0,1,0,0,0,0,"356230,5741","5645679,334",6.953453725,50.94478745,1,"5,21E+18"
159232,5,3,15,0,2021,10,18,5,3,0,1,2,1,1,0,0,0,0,"358621,5208","5646131,557",6.987290452,50.94944288,0,"5,21E+18"
159233,5,3,15,0,2021,11,22,6,3,5,3,2,0,1,0,0,0,1,"360061,5743","5648009,452",7.007056116,50.96667116,1,"5,21E+18"
159234,5,3,15,0,2021,10,13,3,2,5,2,0,1,0,0,0,0,1,"356791,1532","5649204,22",6.960040872,50.97660462,0,"5,21E+18"
159235,5,3,15,0,2021,9,10,6,3,0,7,0,1,0,0,0,0,0,"358093,732","5646493,873",6.979640449,50.95256932,0,"5,21E+18"
159236,5,3,15,0,2021,10,22,7,3,6,4,2,0,1,1,0,0,0,"359795,543","5647598,057",7.003428416,50.96290923,0,"5,21E+18"
159237,5,3,15,0,2021,6,19,3,3,6,4,0,0,1,1,0,0,0,"356382,0153","5646021,384",6.955473121,50.94789914,0,"5,21E+18"
159238,5,3,15,0,2021,9,7,2,3,7,7,0,0,1,1,0,0,0,"359100,5677","5650353,484",6.992470337,50.98750276,0,"5,21E+18"
159243,5,3,15,0,2021,4,8,4,3,1,5,0,1,1,0,0,0,0,"356874,8685","5643189,251",6.963596894,50.9225696,0,"5,21E+18"
159244,5,3,15,0,2021,9,8,6,3,5,2,0,1,0,0,0,0,1,"356754,3459","5648831,5",6.959663763,50.9732459,0,"5,21E+18"
159245,5,3,15,0,2021,1,13,2,3,5,3,0,1,1,0,0,0,0,"357960,168","5648625,51",6.976907991,50.97169333,0,"5,21E+18"
159248,5,3,15,0,2021,9,20,7,3,0,1,2,1,0,0,0,0,0,"356115,9338","5640735,3",6.953773609,50.90032744,0,"5,21E+18"
159253,5,3,15,0,2021,3,15,4,3,5,3,0,0,1,0,1,0,0,"358726,8868","5644635,935",6.989369548,50.93602749,0,"5,21E+18"
159254,5,3,15,0,2021,6,12,6,3,4,7,0,1,1,0,0,0,0,"357305,8262","5635358,52",6.972782446,50.85230131,0,"5,21E+18"
159255,5,3,15,0,2021,10,14,5,2,0,1,0,0,1,0,0,0,0,"359858,593","5646344,521",7.00480837,50.95165891,0,"5,21E+18"
159257,5,3,15,0,2021,9,10,6,3,3,6,0,0,0,0,0,1,1,"359235,5937","5646986,113",6.995696422,50.95727312,0,"5,21E+18"
159258,5,3,15,0,2021,9,8,2,3,0,5,0,1,1,0,0,0,0,"357779,7797","5647855,29",6.974641572,50.96472691,0,"5,21E+18"
159260,5,3,15,0,2021,6,23,7,3,0,1,2,0,0,0,0,0,1,"356668,5977","5642529,838",6.96092316,50.9165923,0,"5,21E+18"
159262,5,3,15,0,2021,9,15,6,3,1,6,0,0,1,0,0,0,0,"356190,194","5645131,862",6.953095446,50.93985733,0,"5,21E+18"
159264,5,3,15,0,2021,10,17,1,2,5,3,0,1,1,0,0,0,0,"356790,9844","5645803,901",6.961376729,50.9460464,0,"5,21E+18"
159266,5,3,15,0,2021,9,20,7,3,1,5,2,1,1,0,0,0,0,"359592,4665","5639726,593",7.003569925,50.89211783,0,"5,21E+18"
159268,5,3,15,0,2021,5,15,2,3,6,4,0,0,1,1,0,0,0,"359136,6214","5651325,883",6.992606595,50.99625052,0,"5,21E+18"
159269,5,3,15,0,2021,9,17,5,3,3,7,0,1,0,0,0,0,1,"357605,2018","5645269,214",6.973168609,50.94144288,0,"5,21E+18"
159271,5,3,15,0,2021,6,13,3,3,0,1,0,0,0,0,0,0,1,"356955,8057","5640643,637",6.965745563,50.89971233,0,"5,21E+18"
159272,5,3,15,0,2021,6,21,4,2,1,5,1,1,1,0,0,0,0,"359488,3651","5649736,83",6.998230492,50.98205566,0,"5,21E+18"
159275,5,3,15,0,2021,11,13,2,3,7,1,0,0,1,0,0,0,0,"356798,1644","5649273,023",6.960113575,50.97722469,0,"5,21E+18"
159276,5,3,15,0,2021,6,7,2,2,6,4,0,1,0,1,0,0,0,"358003,601","5648007,373",6.977767526,50.96614888,0,"5,21E+18"