OBJECTID,ULAND,UREGBEZ,UKREIS,UGEMEINDE,UJAHR,UMONAT,USTUNDE,UWOCHENTAG,UKATEGORIE,UART,UTYP1,ULICHTVERH,IstRad,IstPKW,IstFuss,IstKrad,IstGkfz,IstSonstige,LINREFX,LINREFY,XGCSWGS84,YGCSWGS84,USTRZUSTAND,UIDENTSTLAE
159278,5,3,15,0,2021,10,13,6,3,0,4,0,1,0,1,0,0,0,"356457,47","5645934,29",6.956580882,50.94713524,1,"5,21E+18"
159279,5,3,15,0,2021,6,15,7,3,0,1,0,0,0,0,0,0,1,"359895,2045","5644929,337",7.005873675,50.93894937,0,"5,21E+18"
159281,5,3,15,0,2021,10,20,1,3,0,1,0,1,0,0,0,0,0,"356889,5578","5640981,856",6.964671512,50.90273548,1,"5,21E+18"
159282,5,3,15,0,2021,10,15,7,2,5,7,0,1,1,0,0,0,0,"359178,286","5639260,289",6.997864334,50.88782624,0,"5,21E+18"
159284,5,3,15,0,2021,9,15,3,3,6,7,0,1,0,1,0,0,0,"358771,1306","5639437,068",6.992011057,50.88931558,0,"5,21E+18"
159287,5,3,15,0,2021,5,19,1,2,0,7,1,1,0,0,0,0,0,"359200,7454","5640546,281",6.997687748,50.89938915,0,"5,21E+18"
159289,5,3,15,0,2021,3,12,2,3,0,5,0,0,0,0,0,0,1,"356127,8469","5648056,197",6.951052936,50.96612225,0,"5,21E+18"
159291,5,3,15,0,2021,10,17,5,3,0,6,0,0,1,0,1,0,0,"356253,0792","5644159,047",6.954373648,50.93113045,1,"5,21E+18"
159299,5,3,15,0,2021,5,8,2,3,5,2,0,0,0,1,0,0,1,"357395,868","5648303,495",6.969002245,50.96865998,0,"5,21E+18"
159301,5,3,15,0,2021,11,1,1,3,1,6,2,0,1,0,0,0,0,"356191,5137","5644404,032",6.953401461,50.93331676,1,"5,21E+18"
159303,5,3,15,0,2021,3,19,1,3,0,3,0,1,1,0,0,0,0,"356183,5214","5648097,435",6.951828975,50.96650675,0,"5,21E+18"
159305,5,3,15,0,2021,10,18,3,3,6,6,0,0,0,1,0,0,1,"356224,39","5644799,261",6.953713087,50.93687682,1,"5,21E+18"
159309,5,3,15,0,2021,3,13,2,3,1,5,0,0,1,0,0,0,1,"359890,6245","5646843,211",7.005072166,50.95614848,0,"5,21E+18"
159310,5,3,15,0,2021,3,19,2,3,7,1,2,1,0,0,0,0,0,"356660,0948","5646171,328",6.959370112,50.94931588,0,"5,21E+18"
159312,5,3,15,0,2021,3,3,1,3,0,1,2,0,0,0,0,0,1,"357719,6877","5644750,014",6.97499986,50.9368051,0,"5,21E+18"
159315,5,3,15,0,2021,7,9,6,3,5,3,0,1,1,0,0,0,0,"356180,664","5645318,167",6.952886344,50.94152925,0,"5,21E+18"
159320,5,3,15,0,2021,12,23,6,3,0,7,2,0,0,0,0,0,1,"356438,522","5644031,868",6.957060932,50.9300337,0,"5,21E+18"
159321,5,3,15,0,2021,9,15,4,3,2,6,0,0,1,0,0,0,0,"358991,0116","5645133,702",6.992933518,50.94056561,1,"5,21E+18"
159322,5,3,15,0,2021,3,10,7,3,3,5,0,1,1,0,0,0,0,"357644,8518","5644748,026",6.973936249,50.93676877,1,"5,21E+18"
159327,5,3,15,0,2021,6,16,3,3,0,1,0,1,0,0,0,0,0,"356706,371","5645176,095",6.960420024,50.94038335,0,"5,21E+18"
159329,5,3,15,0,2021,1,9,2,3,0,5,0,1,1,0,0,0,1,"356203,6749","5647517,615",6.952344965,50.96130105,0,"5,21E+18"
159331,5,3,15,0,2021,9,16,7,3,4,2,0,1,1,0,0,0,0,"356394,5897","5644708,988",6.956169382,50.93610796,0,"5,21E+18"
159334,5,3,15,0,2021,12,11,4,3,2,5,0,0,1,0,1,0,0,"356867,1768","5641199,433",6.964268116,50.9046853,1,"5,21E+18"
159337,5,3,15,0,2021,6,13,5,3,0,1,0,1,0,0,0,0,0,"358643,8564","5639018,61",6.990364543,50.88552371,0,"5,21E+18"
159338,5,3,15,0,2021,3,14,1,3,0,1,0,1,0,0,0,0,0,"356788,5747","5643204,852",6.962363799,50.92268839,1,"5,21E+18"
159339,5,3,15,0,2021,10,0,7,3,0,5,2,1,1,0,0,0,0,"356625,8901","5644717,16",6.959455863,50.93623895,0,"5,21E+18"
159343,5,3,15,0,2021,1,19,6,3,1,5,2,1,1,0,0,0,0,"359565,0171","5645013,623",7.001144649,50.93962653,1,"5,21E+18"
159346,5,3,15,0,2021,10,17,3,3,5,3,0,1,1,0,0,0,0,"357438,1647","5648847,127",6.969391131,50.97355601,1,"5,21E+18"
159349,5,3,15,0,2021,10,15,6,3,6,2,0,0,1,1,0,0,0,"359640,082","5637289,595",7.005182286,50.87022754,0,"5,21E+18"
159350,5,3,15,0,2021,12,14,5,3,5,2,0,1,1,0,0,0,0,"356445,1663","5641302,095",6.958229692,50.90550313,0,"5,21E+18"
159351,5,3,15,0,2021,9,17,2,3,0,7,0,0,1,0,0,0,0,"359152,1477","5644000,756",6.995663462,50.9304231,0,"5,21E+18"
159354,5,3,15,0,2021,1,12,1,3,1,5,0,1,1,0,0,0,0,"359532,9858","5647002,876",6.99992167,50.95749634,1,"5,21E+18"
159355,5,3,15,0,2021,3,15,6,3,5,3,0,0,1,0,0,0,0,"356188,9039","5644963,18",6.953143679,50.93834109,0,"5,21E+18"
159357,5,3,15,0,2021,12,19,4,3,6,4,2,0,1,1,0,0,0,"356685,2436","5644775,09",6.960277243,50.93677431,1,"5,21E+18"
159358,5,3,15,0,2021,4,16,3,3,3,2,0,0,1,0,1,0,0,"358089,8684","5642338,851",6.981203405,50.91522714,0,"5,21E+18"
159359,5,3,15,0,2021,5,20,1,3,2,6,0,0,1,0,0,0,0,"359928,838","5650633,802",7.004155741,50.99022413,0,"5,21E+18"
159361,5,3,15,0,2021,2,18,4,3,2,6,0,0,1,0,0,0,0,"359022,3758","5644991,59",6.993434644,50.93929611,0,"5,21E+18"
159362,5,3,15,0,2021,3,15,1,3,0,7,0,0,0,0,0,0,1,"357655,4877","5647028,158",6.973196278,50.95726284,0,"5,21E+18"
159365,5,3,15,0,2021,3,16,2,2,6,6,0,1,0,1,0,0,0,"357046,5247","5643713,813",6.96583194,50.92732636,0,"5,21E+18"
159366,5,3,15,0,2021,2,12,1,2,0,6,0,1,0,0,0,0,0,"359528,9022","5647771,423",6.999566873,50.96440234,0,"5,21E+18"
159367,5,3,15,0,2021,11,17,4,3,2,6,1,0,1,0,0,0,0,"358629,4822","5648387,62",6.986527285,50.96972009,0,"5,21E+18"
159369,5,3,15,0,2021,11,13,7,3,5,3,0,0,1,0,0,0,0,"356754,6774","5648834,998",6.959667103,50.97327742,0,"5,21E+18"
159373,5,3,15,0,2021,10,19,1,3,6,2,2,0,1,1,0,0,0,"358275,9113","5651905,171",6.980122945,51.0012452,1,"5,21E+18"
159375,5,3,15,0,2021,12,8,7,3,4,3,0,1,0,0,0,0,0,"356339,1157","5641361,309",6.956699062,50.90600891,0,"5,21E+18"
159376,5,3,15,0,2021,11,15,3,3,6,2,0,0,1,1,0,0,0,"358859,518","5639364,312",6.993295028,50.88868331,0,"5,21E+18"
159377,5,3,15,0,2021,3,14,7,3,3,7,0,0,1,0,0,0,0,"357705,7819","5648990,597",6.973144292,50.97491155,0,"5,21E+18"
159380,5,3,15,0,2021,7,18,4,3,0,1,0,1,0,0,0,0,0,"359350,7385","5644561,048",6.998271441,50.93550696,0,"5,21E+18"
159381,5,3,15,0,2021,5,8,3,3,5,3,0,1,1,0,0,0,0,"358429,8001","5638328,78",6.987590531,50.87927171,1,"5,21E+18"
159382,5,3,15,0,2021,11,9,3,3,4,6,0,1,0,0,0,0,0,"357622,466","5645279,092",6.973410322,50.94153592,0,"5,21E+18"
159383,5,3,15,0,2021,9,10,7,2,8,1,0,0,0,0,1,0,0,"356804,9392","5647927,577",6.960739788,50.96513506,0,"5,21E+18"
159386,5,3,15,0,2021,3,17,4,3,5,3,0,0,1,0,0,0,0,"359663,554","5643838,641",7.00299871,50.9290908,0,"5,21E+18"
159388,5,3,15,0,2021,12,18,6,3,5,3,2,0,1,0,0,0,1,"359936,0625","5646011,813",7.006038575,50.94868765,0,"5,21E+18"
159393,5,3,15,0,2021,6,0,6,3,0,1,2,1,0,0,0,0,0,"358879,53","5646778,389",6.990710403,50.95531921,0,"5,21E+18"
159394,5,3,15,0,2021,9,14,3,3,5,2,0,1,1,0,0,0,0,"356788,129","5642609,857",6.962591086,50.9173411,0,"5,21E+18"
159395,5,3,15,0,2021,10,16,1,3,0,1,0,0,0,0,0,0,1,"356742,7385","5648708,993",6.959546806,50.97214206,0,"5,21E+18"
159399,5,3,15,0,2021,5,13,4,3,2,7,0,1,1,0,0,0,0,"356015,3879","5643277,791",6.951341466,50.92315145,0,"5,21E+18"
159405,5,3,15,0,2021,7,16,6,3,6,4,0,0,1,1,0,0,0,"359573,3926","5636756,058",7.004439908,50.86541633,0,"5,21E+18"
159406,5,3,15,0,2021,10,12,2,3,5,3,0,1,0,0,0,1,0,"356530,0465","5644723,241",6.958090319,50.93626976,0,"5,21E+18"
159407,5,3,15,0,2021,4,16,2,3,5,3,0,0,1,0,1,0,0,"358979,151","5639882,672",6.994794741,50.89337112,0,"5,21E+18"
159408,5,3,15,0,2021,4,11,7,3,3,6,0,1,1,0,0,0,0,"357545,9952","5640723,378",6.974102014,50.90057487,0,"5,21E+18"
159409,5,3,15,0,2021,11,13,2,3,8,1,0,0,0,0,0,0,1,"357249,7534","5642138,995",6.969338224,50.91322385,1,"5,21E+18"
159410,5,3,15,0,2021,4,14,2,3,3,3,0,0,1,0,0,0,0,"357150,5994","5641920,928",6.968014049,50.91123955,0,"5,21E+18"
159411,5,3,15,0,2021,7,14,3,3,5,2,0,0,1,0,0,0,0,"359430,5731","5643670,725",6.999750274,50.92752499,0,"5,21E+18"
159412,5,3,15,0,2021,11,16,5,3,0,5,0,1,1,0,0,0,0,"356200,8451","5646242,937",6.952808271,50.94984504,1,"5,21E+18"
159413,5,3,15,0,2021,3,8,6,3,1,6,0,0,1,0,1,0,0,"359983,9904","5645259,611",7.007009619,50.94193915,0,"5,21E+18"
159416,5,3,15,0,2021,11,8,4,3,6,4,0,0,1,1,0,0,0,"359583,549","5637927,129",7.004134563,50.87594349,0,"5,21E+18"
159417,5,3,15,0,2021,4,15,7,3,5,3,0,1,1,0,0,0,0,"356391,611","5645410,47",6.955850515,50.94241134,1,"5,21E+18"
159423,5,3,15,0,2021,9,17,1,3,9,1,0,0,0,0,1,0,0,"358455,9157","5642236,124",6.986447163,50.91439382,0,"5,21E+18"
159424,5,3,15,0,2021,3,9,4,3,9,1,0,1,0,0,0,0,0,"359057,8669","5651199,765",6.991533976,50.99509782,1,"5,21E+18"
159425,5,3,15,0,2021,12,12,5,3,4,2,0,1,1,0,0,0,0,"356967,3475","5647820,345",6.963093262,50.96421173,0,"5,21E+18"
159426,5,3,15,0,2021,12,16,6,3,5,2,1,0,1,0,0,0,0,"356770,6358","5648939,585",6.959853057,50.97422129,0,"5,21E+18"
159428,5,3,15,0,2021,1,11,5,2,6,7,0,0,0,1,0,0,1,"356040,0306","5642689,708",6.951923974,50.91787257,1,"5,21E+18"
159430,5,3,15,0,2021,6,18,2,3,0,1,0,0,0,0,0,0,1,"356417,3146","5648730,74",6.954906271,50.97225646,0,"5,21E+18"
159431,5,3,15,0,2021,1,15,4,3,2,6,0,0,1,0,1,0,0,"359906,1267","5645464,451",7.005823242,50.94376116,1,"5,21E+18"
159432,5,3,15,0,2021,12,22,4,3,1,7,2,0,1,0,0,0,0,"360204,8619","5644375,228",7.010490799,50.93404464,0,"5,21E+18"
159438,5,3,15,0,2021,10,9,6,3,1,6,0,0,1,0,0,0,0,"356656,198","5646388,771",6.959229068,50.95126905,0,"5,21E+18"
159439,5,3,15,0,2021,5,21,7,3,0,1,2,0,0,0,1,0,0,"359046,824","5642441,595",6.994768301,50.91638503,0,"5,21E+18"
159440,5,3,15,0,2021,3,14,4,3,6,4,0,1,0,1,0,0,0,"357697,6779","5644749,081",6.97468718,50.93679129,0,"5,21E+18"
159444,5,3,15,0,2021,11,21,6,3,8,1,2,0,1,0,0,0,0,"356224,7932","5645675,071",6.953373173,50.94474769,1,"5,21E+18"
159446,5,3,15,0,2021,9,15,2,3,3,2,0,0,1,0,0,0,1,"356727,635","5643565,319",6.961355693,50.92591275,0,"5,21E+18"
159449,5,3,15,0,2021,4,14,3,3,0,6,0,0,1,1,0,0,0,"356464,6818","5646003,001",6.956656395,50.94775453,0,"5,21E+18"
159450,5,3,15,0,2021,3,22,7,2,0,1,2,1,0,0,0,0,0,"359927,0974","5646472,542",7.005733778,50.9528261,1,"5,21E+18"
159452,5,3,15,0,2021,10,15,7,3,5,3,0,1,1,0,0,0,0,"356878,0332","5641129,32",6.964449908,50.90405788,0,"5,21E+18"
159455,5,3,15,0,2021,7,10,2,3,5,2,0,1,1,0,0,0,0,"356761,0554","5641898,335",6.962485521,50.91093997,0,"5,21E+18"
159456,5,3,15,0,2021,6,9,6,3,5,3,0,1,1,0,0,0,0,"356512,4882","5641870,907",6.958962936,50.91063174,0,"5,21E+18"
159457,5,3,15,0,2021,2,9,4,3,0,1,0,1,0,0,0,0,0,"359201,3891","5640545,856",6.99769706,50.89938548,2,"5,21E+18"
159459,5,3,15,0,2021,9,20,3,3,0,6,2,0,0,1,0,0,1,"356751,3525","5641398,756",6.962543678,50.90644787,0,"5,21E+18"
159461,5,3,15,0,2021,10,8,4,3,0,1,0,1,1,0,0,0,0,"359603,8204","5645806,567",7.001390955,50.94676225,0,"5,21E+18"
159462,5,3,15,0,2021,10,10,7,3,1,5,0,1,1,0,0,0,0,"356225,9222","5641900,432",6.954877821,50.91082577,1,"5,21E+18"
159464,5,3,15,0,2021,1,14,2,3,5,2,0,0,1,0,0,0,0,"356709,5958","5641884,372",6.961759508,50.91080172,0,"5,21E+18"
159467,5,3,15,0,2021,1,14,6,3,6,4,0,1,0,1,0,0,0,"356486,4338","5646227,949",6.956877185,50.94978152,1,"5,21E+18"
159468,5,3,15,0,2021,12,17,3,3,1,7,1,0,1,1,0,0,0,"359117,644","5645160,781",6.994724302,50.94083992,0,"5,21E+18"
159471,5,3,15,0,2021,9,15,4,3,0,1,0,0,0,0,0,0,1,"359609,857","5648103,278",7.00059092,50.96740447,0,"5,21E+18"
159472,5,3,15,0,2021,5,12,3,3,5,3,0,0,1,0,0,0,0,"356189,1281","5644963,168",6.953146871,50.93834104,0,"5,21E+18"
159473,5,3,15,0,2021,2,16,4,3,5,7,0,1,1,0,0,0,0,"358498,8504","5643195,422",6.986685389,50.92302562,1,"5,21E+18"
159475,5,3,15,0,2021,7,8,4,3,1,5,0,1,1,0,0,1,0,"356619,7627","5642837,085",6.960108122,50.91934137,0,"5,21E+18"
159477,5,3,15,0,2021,12,13,7,3,5,3,0,0,1,0,0,0,1,"359738,876","5644961,54",7.003637681,50.93920077,1,"5,21E+18"
159480,5,3,15,0,2021,10,8,6,3,2,5,0,1,1,0,0,0,0,"357248,0626","5649431,847",6.966455607,50.97876372,0,"5,21E+18"
159481,5,3,15,0,2021,11,12,6,3,2,2,0,0,1,0,0,0,0,"359355,8037","5643112,969",6.998902167,50.92249414,1,"5,21E+18"
159484,5,3,15,0,2021,1,7,2,3,1,5,1,0,1,0,0,0,1,"356820,0741","5641515,625",6.963474616,50.90751521,0,"5,21E+18"
159487,5,3,15,0,2021,12,10,5,3,6,3,0,0,1,1,0,0,0,"356125,7477","5645717,455",6.951947489,50.94510388,0,"5,21E+18"
159488,5,3,15,0,2021,3,0,5,3,2,7,2,0,1,0,0,0,1,"359555,1256","5644362,768",7.001254811,50.93377481,0,"5,21E+18"
159492,5,3,15,0,2021,10,18,6,3,6,4,1,1,0,1,0,0,0,"358481,364","5639439,473",6.987892943,50.88926628,1,"5,21E+18"
159493,5,3,15,0,2021,7,19,4,3,1,5,0,1,1,0,0,0,0,"359874,4586","5646329,583",7.005039851,50.95152851,1,"5,21E+18"
159494,5,3,15,0,2021,6,9,6,3,1,6,0,0,1,0,0,0,0,"356692,6728","5648294,709",6.958997434,50.96840651,0,"5,21E+18"
159495,5,3,15,0,2021,3,15,5,3,5,1,0,1,0,0,0,0,1,"359276,5848","5647268,149",6.996170644,50.95981781,0,"5,21E+18"
159499,5,3,15,0,2021,12,21,6,3,5,3,2,0,1,0,0,0,0,"359332,9677","5639372,83",7.000018765,50.88887535,0,"5,21E+18"
159503,5,3,15,0,2021,6,0,1,2,0,6,2,1,0,0,0,0,0,"356918,3216","5643747,375",6.963995722,50.92759619,0,"5,21E+18"
159506,5,3,15,0,2021,6,14,6,3,5,3,0,1,1,0,0,0,0,"359800,7886","5646782,723",7.003817179,50.95558301,0,"5,21E+18"
159507,5,3,15,0,2021,10,12,1,3,5,3,0,0,1,0,0,0,0,"356491,574","5645781,368",6.957126305,50.94576944,0,"5,21E+18"
159508,5,3,15,0,2021,9,18,7,3,6,4,0,0,1,1,0,0,0,"358820,944","5640081,949",6.992469614,50.8951234,0,"5,21E+18"
159509,5,3,15,0,2021,4,20,1,2,5,2,1,0,1,0,1,0,0,"357619,9778","5645098,983",6.973445321,50.93991667,0,"5,21E+18"
159512,5,3,15,0,2021,11,15,6,3,1,5,1,0,1,0,0,0,1,"359379,8698","5643873,278",6.998951125,50.929333,1,"5,21E+18"
159517,5,3,15,0,2021,10,0,7,3,8,1,2,1,0,0,0,0,0,"356314,45","5641727,157",6.956204456,50.90929061,1,"5,21E+18"
159519,5,3,15,0,2021,5,13,1,3,1,5,0,1,1,0,0,0,0,"358203,9693","5648178,028",6.980552637,50.96773191,0,"5,21E+18"
159521,5,3,15,0,2021,10,17,3,3,1,6,1,0,1,0,0,0,0,"356463,535","5645761,013",6.956735457,50.94557953,1,"5,21E+18"
159522,5,3,15,0,2021,5,15,6,3,0,1,0,1,0,0,0,0,0,"358872,4752","5639742,805",6.993332925,50.89208805,0,"5,21E+18"
159523,5,3,15,0,2021,3,20,4,3,6,4,2,1,0,1,0,0,0,"357742,7976","5649930,573",6.973303334,50.98336816,0,"5,21E+18"
159524,5,3,15,0,2021,10,10,5,2,0,1,0,0,1,0,0,0,0,"357021,3104","5640112,7",6.966884354,50.89495702,1,"5,21E+18"
159528,5,3,15,0,2021,9,14,6,3,0,1,0,1,0,0,0,0,0,"356633,8141","5642726,294",6.960351444,50.91834919,1,"5,21E+18"
159531,5,3,15,0,2021,11,14,3,2,0,1,0,0,0,0,0,0,1,"356419,5973","5645311,28",6.956287703,50.9415269,0,"5,21E+18"
159532,5,3,15,0,2021,11,9,5,3,0,2,0,0,1,0,0,0,1,"360019,998","5648032,887",7.006455369,50.96687167,0,"5,21E+18"
159534,5,3,15,0,2021,9,14,7,3,0,6,0,1,0,0,0,0,0,"356877,7507","5641131,144",6.964445178,50.90407421,0,"5,21E+18"
159539,5,3,15,0,2021,10,21,6,3,0,7,2,0,0,0,0,0,1,"356653,9476","5645316,913",6.959618946,50.94163584,0,"5,21E+18"
159540,5,3,15,0,2021,12,9,4,3,1,5,0,1,1,0,0,0,0,"358000,3272","5648361,412",6.97758272,50.9693298,0,"5,21E+18"
159541,5,3,15,0,2021,10,16,3,2,0,4,0,0,1,1,0,0,0,"355906,5066","5640751,657",6.95079085,50.90042221,1,"5,21E+18"
159543,5,3,15,0,2021,10,16,3,3,5,5,0,0,1,0,0,0,0,"356167,3012","5640825,888",6.954467941,50.90115434,1,"5,21E+18"
159546,5,3,15,0,2021,12,17,5,2,0,1,2,0,0,0,1,0,0,"358599,7853","5642379,011",6.988437069,50.91571322,1,"5,21E+18"
159547,5,3,15,0,2021,9,9,7,3,0,7,0,0,0,0,1,0,1,"359642,2916","5637290,31",7.005213393,50.87023451,0,"5,21E+18"
159551,5,3,15,0,2021,9,12,1,3,5,3,0,1,1,0,0,0,0,"357397,947","5648303,335",6.969031898,50.96865906,0,"5,21E+18"
159552,5,3,15,0,2021,11,10,4,3,6,6,0,1,0,1,0,0,0,"359532,9345","5646156,786",7.000247419,50.94989244,0,"5,21E+18"
159553,5,3,15,0,2021,3,14,6,3,0,5,0,1,1,0,0,0,0,"356272,1424","5647437,379",6.953350967,50.96059707,0,"5,21E+18"
159554,5,3,15,0,2021,6,22,3,3,5,3,2,1,1,0,0,0,0,"360061,9687","5648009,187",7.007061831,50.96666887,1,"5,21E+18"
159555,5,3,15,0,2021,10,16,3,3,5,3,0,1,1,0,0,0,0,"356899,3395","5650281,606",6.961156712,50.9863138,1,"5,21E+18"
159558,5,3,15,0,2021,1,21,7,2,0,1,2,0,1,0,0,0,0,"359794,036","5646757,573",7.003730784,50.95535535,2,"5,21E+18"
159559,5,3,15,0,2021,9,17,2,3,2,2,0,1,0,0,1,0,0,"356557,1157","5648939,373",6.956813846,50.97416624,1,"5,21E+18"
159561,5,3,15,0,2021,10,12,5,3,5,2,0,1,1,0,0,0,0,"357648,3989","5645138,344",6.9738342,50.94027743,1,"5,21E+18"
159562,5,3,15,0,2021,9,17,5,3,0,1,0,1,0,0,0,0,0,"357145,7346","5642093,755",6.967877235,50.91279154,0,"5,21E+18"
159564,5,3,15,0,2021,10,12,5,3,0,7,0,0,1,1,0,0,0,"358759,1","5651861,969",6.987021689,51.00097576,0,"5,21E+18"
159565,5,3,15,0,2021,4,14,3,3,0,2,0,0,1,0,0,0,1,"356633,3797","5642752,969",6.960334782,50.91858881,0,"5,21E+18"
159568,5,3,15,0,2021,11,21,2,3,0,1,2,1,0,0,0,0,0,"359748,6182","5646229,428",7.003288012,50.9505978,1,"5,21E+18"
159569,5,3,15,0,2021,1,11,4,3,1,3,0,1,1,0,0,0,0,"356631,1855","5654558,886",6.955649215,51.024686,0,"5,21E+18"
159572,5,3,15,0,2021,9,16,2,3,5,3,0,0,1,0,0,0,1,"356876,9494","5641136,32",6.964431759,50.90412052,0,"5,21E+18"
159573,5,3,15,0,2021,4,19,3,3,5,3,0,0,1,0,0,0,0,"359227,654","5642677,821",6.997247988,50.91855216,0,"5,21E+18"
159576,5,3,15,0,2021,1,7,5,3,6,2,0,0,1,1,0,0,0,"356765,6466","5648939,684",6.959782001,50.97422094,1,"5,21E+18"
159579,5,3,15,0,2021,10,16,4,3,5,2,0,1,1,0,0,0,0,"356060,1181","5643231,301",6.951995817,50.92274481,0,"5,21E+18"
159581,5,3,15,0,2021,5,17,7,3,9,1,0,1,1,0,0,0,0,"356295,4463","5647414,788",6.953691504,50.96039986,0,"5,21E+18"
159582,5,3,15,0,2021,11,15,5,3,2,6,0,0,0,0,0,0,1,"360142,8982","5648391,804",7.008066527,50.97012715,0,"5,21E+18"
159584,5,3,15,0,2021,10,13,6,3,6,7,0,0,0,1,0,0,1,"358511,0477","5651704,373",6.983550182,50.99949852,0,"5,21E+18"
159585,5,3,15,0,2021,5,8,3,3,6,2,0,0,1,1,0,0,0,"358560,796","5639314,546",6.98906992,50.888163,1,"5,21E+18"
159591,5,3,15,0,2021,12,8,3,2,0,1,0,1,1,0,0,0,0,"356788,709","5642778,097",6.96253328,50.9188532,0,"5,21E+18"
159592,5,3,15,0,2021,4,18,1,2,4,2,0,0,1,0,1,0,0,"356766,7725","5648939,662",6.959798036,50.97422102,0,"5,21E+18"
159594,5,3,15,0,2021,6,15,2,3,5,3,0,1,0,0,0,0,1,"357736,5842","5640832,748",6.97676804,50.90160477,0,"5,21E+18"
159595,5,3,15,0,2021,12,12,5,3,2,6,0,0,1,0,0,0,0,"356154,6475","5649051,586",6.951040651,50.9750743,1,"5,21E+18"
159597,5,3,15,0,2021,5,20,1,3,4,6,0,0,0,0,0,0,1,"356258,7425","5644755,48",6.954218946,50.93649193,0,"5,21E+18"
159600,5,3,15,0,2021,11,8,2,3,3,7,0,1,1,0,0,0,0,"358631,3486","5640082,631",6.989775124,50.89508314,0,"5,21E+18"
159602,5,3,15,0,2021,1,14,6,3,2,6,0,0,1,0,1,0,0,"359897,0228","5647626,803",7.004861526,50.96319226,1,"5,21E+18"
159606,5,3,15,0,2021,10,6,1,3,9,1,2,0,1,0,0,0,0,"357390,9473","5648360,804",6.968909741,50.96917379,1,"5,21E+18"
159607,5,3,15,0,2021,2,15,3,3,0,4,0,0,1,1,0,0,0,"359591,5677","5647711,463",7.000481846,50.96387875,0,"5,21E+18"
159608,5,3,15,0,2021,7,0,2,3,3,6,2,1,1,0,0,0,0,"356163,039","5643489,612",6.953357305,50.92509188,0,"5,21E+18"
159610,5,3,15,0,2021,1,7,3,3,5,3,2,1,1,0,0,0,0,"356717,4012","5642292,939",6.961710025,50.91447542,1,"5,21E+18"
159612,5,3,15,0,2021,10,9,7,3,0,1,0,0,0,0,0,0,1,"357675,5312","5649435,375",6.972539561,50.97890124,1,"5,21E+18"
159615,5,3,15,0,2021,6,9,1,3,8,7,0,0,1,0,0,0,0,"358945,5507","5642216,714",6.993415456,50.91433926,0,"5,21E+18"
159617,5,3,15,0,2021,9,9,6,3,5,3,0,1,1,0,0,0,0,"357052,475","5640727,329",6.967086624,50.90048841,0,"5,21E+18"
159619,5,3,15,0,2021,9,8,3,3,0,1,0,0,0,0,0,0,1,"358645,8869","5646174,073",6.987620601,50.94983095,0,"5,21E+18"
159620,5,3,15,0,2021,4,15,5,2,4,7,0,1,0,0,0,0,0,"357574,1913","5644069,913",6.973196257,50.93065714,0,"5,21E+18"
159621,5,3,15,0,2021,10,15,6,3,4,6,0,0,1,0,0,0,0,"356644,4341","5642680,85",6.960520289,50.91794343,0,"5,21E+18"
159623,5,3,15,0,2021,1,15,2,3,0,6,0,0,1,0,0,0,0,"356171,9498","5645578,264",6.952659692,50.94386453,0,"5,21E+18"
159625,5,3,15,0,2021,9,17,2,3,5,3,0,1,1,0,0,0,0,"356132,174","5636634,142",6.95561859,50.86347458,0,"5,21E+18"
159626,5,3,15,0,2021,5,21,3,3,0,6,2,0,1,0,0,0,1,"359944,8756","5645981,772",7.006175513,50.9484198,1,"5,21E+18"
159628,5,3,15,0,2021,6,7,6,3,1,5,0,1,1,0,0,0,0,"357168,0546","5648697,685",6.965605053,50.97214607,0,"5,21E+18"
159629,5,3,15,0,2021,4,12,7,3,4,6,0,0,1,0,0,0,0,"359090,9151","5635877,438",6.997926344,50.85740258,0,"5,21E+18"
159630,5,3,15,0,2021,6,18,4,3,5,3,0,0,0,0,1,0,1,"358389,369","5645485,277",6.984238954,50.94357777,0,"5,21E+18"
159631,5,3,15,0,2021,6,18,3,3,0,1,0,1,0,0,0,0,0,"358809,6957","5648196,788",6.989166366,50.96804928,0,"5,21E+18"
159632,5,3,15,0,2021,4,13,6,3,5,2,0,0,1,0,0,0,0,"356760,835","5641901,326",6.962481213,50.91096679,0,"5,21E+18"
159634,5,3,15,0,2021,6,13,6,3,6,4,0,0,1,1,0,0,0,"359280,5049","5643927,921",6.997516974,50.92979985,0,"5,21E+18"
159636,5,3,15,0,2021,11,19,7,3,5,3,2,1,0,0,0,0,0,"356040,807","5642689,05",6.951935271,50.91786685,0,"5,21E+18"
159637,5,3,15,0,2021,5,16,2,3,3,6,0,1,1,0,0,0,0,"359344,7278","5636637,006",7.001238301,50.86429079,0,"5,21E+18"
159638,5,3,15,0,2021,5,22,1,2,0,1,2,0,0,0,0,0,1,"356177,5332","5642898,747",6.953796425,50.91978547,0,"5,21E+18"
159643,5,3,15,0,2021,6,13,4,3,2,6,0,0,1,0,0,0,0,"359637,17","5637290,426",7.005140607,50.87023431,0,"5,21E+18"
159644,5,3,15,0,2021,6,22,1,2,1,1,2,0,1,0,0,0,1,"356483,616","5643719,059",6.957825348,50.92723373,1,"5,21E+18"