OBJECTID,ULAND,UREGBEZ,UKREIS,UGEMEINDE,UJAHR,UMONAT,USTUNDE,UWOCHENTAG,UKATEGORIE,UART,UTYP1,ULICHTVERH,IstRad,IstPKW,IstFuss,IstKrad,IstGkfz,IstSonstige,LINREFX,LINREFY,XGCSWGS84,YGCSWGS84,USTRZUSTAND,UIDENTSTLAE
159647,5,3,15,0,2021,10,14,3,3,4,3,0,1,1,0,0,0,0,"357395,5009","5649325,973",6.968596031,50.97784878,0,"5,21E+18"
159649,5,3,15,0,2021,4,15,5,3,3,6,0,0,1,0,1,0,0,"356181,3086","5644908,6",6.953057192,50.93784869,0,"5,21E+18"
159652,5,3,15,0,2021,6,16,6,3,1,5,0,1,1,0,0,0,0,"357023,3543","5648125,298",6.963770452,50.96696621,0,"5,21E+18"
159653,5,3,15,0,2021,12,10,6,3,0,2,0,0,1,0,1,0,0,"356794,8522","5649240,524",6.960079227,50.9769318,0,"5,21E+18"
159655,5,3,15,0,2021,2,16,4,3,4,7,0,0,0,0,1,0,1,"359797,8036","5647604,315",7.003458176,50.96296602,0,"5,21E+18"
159657,5,3,15,0,2021,5,19,7,3,2,6,0,0,1,0,0,0,0,"359024,85","5644980,38",6.993474174,50.93919596,0,"5,21E+18"
159660,5,3,15,0,2021,5,15,3,3,1,6,0,0,1,0,0,0,0,"359639,6585","5637289,458",7.005176324,50.87022621,0,"5,21E+18"
159661,5,3,15,0,2021,6,8,5,3,4,6,0,1,0,0,0,0,0,"356529,6785","5643416,641",6.958599351,50.92452739,0,"5,21E+18"
159662,5,3,15,0,2021,11,14,3,3,5,3,0,0,1,0,0,0,1,"359150,4185","5644988,221",6.995257213,50.93929711,0,"5,21E+18"
159664,5,3,15,0,2021,12,13,3,3,2,6,0,0,1,0,0,0,0,"357394,5036","5649530,557",6.968501576,50.97968711,0,"5,21E+18"
159668,5,3,15,0,2021,7,19,6,2,0,1,0,1,0,0,0,0,0,"356876,8974","5652083,184",6.960127222,51.00249866,0,"5,21E+18"
159671,5,3,15,0,2021,9,13,7,3,5,3,0,1,0,0,0,0,0,"356425,5717","5641874,355",6.957726076,50.91064112,0,"5,21E+18"
159674,5,3,15,0,2021,4,16,5,2,3,6,0,1,0,0,0,0,0,"357031,2724","5642582,678",6.966058495,50.91715713,0,"5,21E+18"
159675,5,3,15,0,2021,10,18,7,3,1,5,0,0,1,0,0,0,1,"359439,3401","5644734,211",6.999464807,50.9370848,0,"5,21E+18"
159678,5,3,15,0,2021,10,13,4,3,1,5,0,1,1,0,0,0,0,"356709,1474","5646444,294",6.959960541,50.95178119,0,"5,21E+18"
159689,5,3,15,0,2021,5,20,1,3,2,6,0,0,1,0,0,0,0,"359875,6485","5645742,787",7.005282593,50.9462552,0,"5,21E+18"
159690,5,3,15,0,2021,11,16,6,3,4,6,0,1,0,0,0,0,1,"356516,7436","5643514,124",6.958377069,50.92540025,0,"5,21E+18"
159693,5,3,15,0,2021,10,16,6,3,1,5,0,0,1,0,0,0,1,"356823,815","5643330,029",6.962815716,50.92382209,0,"5,21E+18"
159695,5,3,15,0,2021,12,10,2,3,0,5,0,1,1,0,0,0,0,"359577,0954","5645055,473",7.00130032,50.94000559,0,"5,21E+18"
159696,5,3,15,0,2021,11,17,5,3,1,6,2,0,1,0,0,0,0,"356284,8373","5643697,065",6.95500741,50.9269866,0,"5,21E+18"
159698,5,3,15,0,2021,12,15,1,3,5,2,0,1,1,0,0,0,0,"356647,5629","5641653,058",6.960968576,50.90870751,0,"5,21E+18"
159701,5,3,15,0,2021,11,9,3,3,6,4,0,0,1,1,0,0,0,"359777,161","5646787,506",7.00347914,50.95562026,0,"5,21E+18"
159702,5,3,15,0,2021,2,15,6,3,4,5,0,1,0,0,0,0,1,"356469,7657","5643805,863",6.957594224,50.92801039,0,"5,21E+18"
159703,5,3,15,0,2021,6,15,3,3,0,1,0,0,0,0,0,0,1,"359063,5933","5644800,817",6.994094712,50.93759169,0,"5,21E+18"
159705,5,3,15,0,2021,5,9,3,3,2,2,0,0,1,0,0,0,0,"357314,0725","5646860,484",6.968403958,50.95567153,1,"5,21E+18"
159706,5,3,15,0,2021,6,15,1,3,6,7,0,0,1,1,0,0,0,"359519,7533","5644856,358",7.000561452,50.93820215,0,"5,21E+18"
159708,5,3,15,0,2021,6,10,5,3,5,3,0,1,1,0,0,0,0,"359731,7923","5637040,075",7.006580526,50.86800731,1,"5,21E+18"
159709,5,3,15,0,2021,6,10,2,3,4,7,0,1,1,0,0,0,0,"356682,9601","5645433,499",6.959985759,50.9426908,0,"5,21E+18"
159710,5,3,15,0,2021,9,14,7,3,5,3,0,1,1,0,0,0,0,"358063,4044","5648386,198",6.97847082,50.9695681,0,"5,21E+18"
159712,5,3,15,0,2021,11,16,4,3,6,4,1,0,1,1,0,0,0,"356473,6923","5648815,64",6.95567522,50.9730335,1,"5,21E+18"
159714,5,3,15,0,2021,10,16,2,3,0,7,0,0,0,1,0,0,1,"360172,4347","5645641,425",7.009543631,50.9454163,0,"5,21E+18"
159716,5,3,15,0,2021,5,13,7,3,2,6,0,0,1,0,0,0,1,"359214,5874","5639543,775",6.99827088,50.89038283,1,"5,21E+18"
159717,5,3,15,0,2021,3,13,3,3,1,7,0,0,1,0,0,0,1,"358670,1551","5650732,534",6.986194422,50.99080375,1,"5,21E+18"
159719,5,3,15,0,2021,4,17,4,3,5,3,0,1,1,0,0,0,0,"356944,1483","5646634,609",6.963229213,50.95354991,0,"5,21E+18"
159720,5,3,15,0,2021,5,14,4,3,4,6,0,0,1,0,0,0,0,"356739,2199","5648672,056",6.959511276,50.97180924,0,"5,21E+18"
159721,5,3,15,0,2021,12,20,3,3,7,1,2,0,1,0,0,0,0,"357614,176","5637788,452",6.97621462,50.87421534,0,"5,21E+18"
159723,5,3,15,0,2021,11,20,3,3,5,3,2,0,1,0,0,0,1,"359556,945","5644985,654",7.001040612,50.9393732,0,"5,21E+18"
159726,5,3,15,0,2021,9,15,6,3,5,3,0,1,1,0,0,0,0,"358332,6619","5642604,477",6.984551917,50.91767399,0,"5,21E+18"
159729,5,3,15,0,2021,5,7,4,3,4,5,0,1,1,0,0,0,0,"356603,3066","5644190,199",6.959342007,50.93149759,0,"5,21E+18"
159734,5,3,15,0,2021,10,16,3,3,8,1,0,0,0,0,1,0,0,"356753,7832","5639230,935",6.963428495,50.88696633,1,"5,21E+18"
159737,5,3,15,0,2021,10,17,3,3,0,1,0,1,0,0,0,0,0,"356118,2034","5648393,921",6.950782102,50.9691549,1,"5,21E+18"
159739,5,3,15,0,2021,12,10,1,2,0,7,0,1,0,1,0,0,0,"356330,9283","5647699,869",6.95408385,50.96297068,1,"5,21E+18"
159744,5,3,15,0,2021,11,16,4,3,5,3,1,1,1,0,0,0,0,"358696,613","5642991,005",6.989576558,50.92123698,0,"5,21E+18"
159746,5,3,15,0,2021,12,18,3,3,6,2,2,0,1,1,0,0,0,"356618,2185","5647490,984",6.958254532,50.96116503,1,"5,21E+18"
159747,5,3,15,0,2021,12,12,6,3,1,5,0,1,1,0,0,0,0,"359144,2011","5645192,301",6.995089872,50.94112968,0,"5,21E+18"
159750,5,3,15,0,2021,4,10,3,3,0,1,0,1,0,0,0,0,0,"356852,9941","5648937,946",6.961026012,50.97422704,1,"5,21E+18"
159751,5,3,15,0,2021,9,17,6,3,5,2,0,1,1,0,0,0,0,"359545,1628","5644530,839",7.001048341,50.93528286,0,"5,21E+18"
159752,5,3,15,0,2021,3,7,6,3,5,3,0,1,1,0,0,0,0,"356284,2384","5648527,755",6.953092334,50.97039909,0,"5,21E+18"
159753,5,3,15,0,2021,9,16,1,3,3,6,0,0,1,0,0,0,1,"360122,3147","5647966,303",7.007937188,50.96629813,0,"5,21E+18"
159754,5,3,15,0,2021,12,15,5,3,5,2,0,1,1,0,0,0,0,"356812,6589","5646739,309",6.961317204,50.95445818,0,"5,21E+18"
159758,5,3,15,0,2021,9,16,5,3,3,6,0,0,1,0,0,0,0,"356449,1548","5643929,474",6.957252461,50.92911614,0,"5,21E+18"
159766,5,3,15,0,2021,5,12,6,3,4,2,0,1,1,0,0,0,0,"358058,1324","5648381,797",6.978397501,50.96952725,0,"5,21E+18"
159768,5,3,15,0,2021,11,14,3,3,5,3,0,1,1,0,0,0,0,"356402,5907","5645425,081",6.956000935,50.94254538,1,"5,21E+18"
159772,5,3,15,0,2021,6,16,2,3,0,4,0,1,0,1,0,0,0,"359333,4192","5644548,584",6.998029925,50.93539073,0,"5,21E+18"
159776,5,3,15,0,2021,6,19,5,3,3,5,0,1,1,0,0,0,0,"356769,7505","5648991,551",6.959819985,50.97468808,0,"5,21E+18"
159777,5,3,15,0,2021,9,7,6,3,2,6,0,0,1,0,0,0,0,"357999,1773","5648536,352",6.977498049,50.97090169,0,"5,21E+18"
159779,5,3,15,0,2021,11,16,4,3,6,6,0,1,1,1,0,0,0,"359439,8079","5639103,128",7.001640561,50.8864775,0,"5,21E+18"
159780,5,3,15,0,2021,9,18,4,3,0,2,0,0,1,0,0,0,1,"356209,5994","5642599,12",6.954370443,50.91710074,0,"5,21E+18"
159781,5,3,15,0,2021,6,15,5,3,5,3,0,0,0,0,0,0,1,"360086,376","5645344,302",7.008433507,50.94272513,0,"5,21E+18"
159786,5,3,15,0,2021,9,0,6,3,0,7,2,0,0,0,0,0,1,"359224,1897","5646091,56",6.995880078,50.94923093,0,"5,21E+18"
159788,5,3,15,0,2021,6,5,6,3,0,1,1,0,0,0,0,0,1,"357284,9298","5646828,474",6.968001847,50.95537664,0,"5,21E+18"
159789,5,3,15,0,2021,9,11,5,3,0,1,0,0,0,0,0,0,1,"359559,9609","5647181,502",7.000236582,50.95910825,0,"5,21E+18"
159790,5,3,15,0,2021,6,1,7,3,0,7,2,1,0,0,0,0,0,"356244,7105","5646311,426",6.953405293,50.95047148,0,"5,21E+18"
159791,5,3,15,0,2021,12,7,5,3,0,1,0,1,0,0,0,0,0,"359983,3811","5645864,956",7.006768238,50.94737932,0,"5,21E+18"
159792,5,3,15,0,2021,5,19,1,3,4,2,0,0,1,0,0,0,0,"356770,6332","5645270,372",6.961297018,50.94124658,0,"5,21E+18"
159795,5,3,15,0,2021,2,18,7,3,3,6,2,1,0,0,0,0,1,"356494,5694","5643656,102",6.958005884,50.92667068,0,"5,21E+18"
159796,5,3,15,0,2021,1,18,2,2,0,1,2,1,0,0,0,0,0,"359062,726","5643776,818",6.994478358,50.92838871,0,"5,21E+18"
159800,5,3,15,0,2021,6,9,4,3,1,5,0,0,1,0,0,0,0,"358656,2551","5646192,164",6.987761087,50.94999608,0,"5,21E+18"
159801,5,3,15,0,2021,10,9,5,3,0,5,0,1,1,0,0,0,0,"357581,4284","5644574,812",6.973101879,50.93519644,0,"5,21E+18"
159804,5,3,15,0,2021,7,18,2,3,5,3,0,1,1,0,0,0,0,"356860,3823","5649265,56",6.961002197,50.97717309,0,"5,21E+18"
159806,5,3,15,0,2021,9,22,3,3,9,1,2,0,1,0,0,0,0,"356178,9358","5645314,366",6.952863262,50.94149466,0,"5,21E+18"
159808,5,3,15,0,2021,12,16,3,2,3,2,1,1,1,0,0,0,0,"356698,8791","5642323,722",6.961434623,50.91474747,0,"5,21E+18"
159811,5,3,15,0,2021,2,11,6,3,3,6,0,1,0,0,0,0,0,"356336,5688","5641117,568",6.956758786,50.90381779,0,"5,21E+18"
159812,5,3,15,0,2021,4,16,5,3,6,4,0,1,0,1,0,0,0,"358776,2676","5639455,293",6.992077002,50.88948062,0,"5,21E+18"
159818,5,3,15,0,2021,4,20,2,2,0,3,0,0,1,0,0,0,0,"358127,5459","5648120,77",6.979487278,50.96719851,0,"5,21E+18"
159819,5,3,15,0,2021,6,16,4,3,2,6,0,0,1,0,0,0,0,"356157,6082","5644854,653",6.952741396,50.93735797,0,"5,21E+18"
159821,5,3,15,0,2021,7,21,2,3,0,1,1,0,0,0,1,0,0,"356335,3239","5643767,382",6.955697611,50.9276311,1,"5,21E+18"
159827,5,3,15,0,2021,6,12,6,2,5,3,0,1,0,0,0,0,0,"359048,3346","5650227,572",6.991775457,50.9863584,0,"5,21E+18"
159828,5,3,15,0,2021,11,19,5,3,0,5,2,1,0,0,0,0,1,"356770,8782","5641837,108",6.962649183,50.91039217,0,"5,21E+18"
159831,5,3,15,0,2021,11,20,2,3,4,6,2,0,0,0,1,0,1,"357746,5667","5640838,131",6.976907816,50.90165561,1,"5,21E+18"
159832,5,3,15,0,2021,5,0,1,3,0,5,2,1,0,0,0,0,0,"355941,9013","5640862,959",6.951249954,50.9014313,0,"5,21E+18"
159834,5,3,15,0,2021,2,14,3,3,1,6,0,0,1,0,0,0,0,"356115,4995","5640734,535",6.953767738,50.90032045,0,"5,21E+18"
159836,5,3,15,0,2021,11,13,6,3,6,4,0,1,0,1,0,0,0,"357549,8875","5644755,77",6.97258255,50.93681491,0,"5,21E+18"
159837,5,3,15,0,2021,4,17,5,3,3,6,0,0,1,0,1,0,0,"358460,5133","5651116,445",6.983059619,50.99420242,0,"5,21E+18"
159841,5,3,15,0,2021,10,17,1,3,0,3,2,0,1,0,1,0,0,"356628,704","5645853,184",6.959048783,50.94644896,1,"5,21E+18"
159842,5,3,15,0,2021,12,16,5,3,5,3,0,0,1,0,1,0,0,"359208,2444","5647142,075",6.995246923,50.95866808,1,"5,21E+18"
159843,5,3,15,0,2021,3,12,7,3,0,5,0,1,1,0,0,0,0,"357750,6332","5647907,105",6.974206515,50.96518537,0,"5,21E+18"
159845,5,3,15,0,2021,11,16,6,3,0,5,0,0,1,0,0,0,1,"359507,0096","5643802,545",7.000786428,50.92872829,0,"5,21E+18"
159846,5,3,15,0,2021,5,19,4,3,0,1,0,0,0,0,1,0,0,"356212,6312","5645630,865",6.953217618,50.94434739,1,"5,21E+18"
159847,5,3,15,0,2021,10,17,6,3,0,6,0,0,1,0,0,0,0,"359987,0017","5645775,231",7.006854243,50.94657383,0,"5,21E+18"
159848,5,3,15,0,2021,5,15,4,3,3,5,0,1,1,0,0,0,0,"356627,7413","5642787,799",6.96024093,50.91890042,0,"5,21E+18"
159849,5,3,15,0,2021,3,14,5,3,1,6,0,0,1,0,0,1,0,"358006,2526","5640425,662",6.980758943,50.89801264,0,"5,21E+18"
159851,5,3,15,0,2021,11,17,5,2,0,4,2,1,1,1,0,0,0,"356465,0015","5643870,334",6.957501093,50.9285886,0,"5,21E+18"
159852,5,3,15,0,2021,10,15,5,3,5,2,0,0,1,0,1,0,0,"358831,4778","5637641,713",6.993561867,50.87319519,1,"5,21E+18"
159856,5,3,15,0,2021,12,12,6,3,2,6,0,0,1,0,0,0,0,"357026,5844","5640081,417",6.966971542,50.8946772,0,"5,21E+18"
159857,5,3,15,0,2021,6,12,2,2,8,1,0,0,1,0,1,0,0,"359354,1763","5644494,539",6.998346006,50.93491008,0,"5,21E+18"
159860,5,3,15,0,2021,6,17,5,3,5,3,0,0,1,0,0,0,0,"356765,5686","5648939,686",6.95978089,50.97422094,0,"5,21E+18"
159861,5,3,15,0,2021,4,5,3,3,5,3,2,0,1,0,0,1,0,"357849,593","5641344,631",6.978174832,50.90623291,1,"5,21E+18"
159862,5,3,15,0,2021,10,18,3,3,2,6,1,0,1,0,0,0,0,"356170,0662","5645340,239",6.952726884,50.94172496,1,"5,21E+18"
159863,5,3,15,0,2021,6,17,5,3,5,2,0,1,1,0,0,0,0,"359749,9379","5649479,381",7.002053851,50.97980573,0,"5,21E+18"
159864,5,3,15,0,2021,6,18,6,3,6,7,0,0,0,1,0,0,1,"356410,281","5644968,611",6.956290243,50.93844506,0,"5,21E+18"
159866,5,3,15,0,2021,7,18,5,3,0,1,0,1,0,0,0,0,0,"360022,141","5636881,668",7.010764765,50.86665404,1,"5,21E+18"
159867,5,3,15,0,2021,3,15,3,3,4,2,0,0,1,0,1,0,0,"358370,6502","5644821,736",6.984230641,50.93760991,0,"5,21E+18"
159870,5,3,15,0,2021,11,17,7,3,5,3,2,0,1,0,0,0,0,"356653,956","5647879,936",6.958609846,50.96466937,0,"5,21E+18"
159871,5,3,15,0,2021,12,19,2,3,0,7,2,0,1,1,0,0,0,"359230,0487","5644231,828",6.996682065,50.93251879,0,"5,21E+18"
159872,5,3,15,0,2021,4,13,4,3,0,3,0,1,1,0,0,0,0,"357954,1523","5648611,08",6.976828002,50.97156217,0,"5,21E+18"
159880,5,3,15,0,2021,12,8,6,3,0,1,0,1,0,0,0,0,0,"360223,8199","5647935,024",7.009393856,50.96604165,1,"5,21E+18"
159883,5,3,15,0,2021,3,23,2,3,2,2,2,0,1,0,0,0,0,"359228,4401","5642678,559",6.99725888,50.91855899,0,"5,21E+18"
159886,5,3,15,0,2021,2,11,4,3,0,1,0,1,0,0,0,0,0,"356597,5415","5642991,055",6.959731654,50.92071956,0,"5,21E+18"
159888,5,3,15,0,2021,4,9,6,3,0,7,0,0,0,0,0,0,1,"357913,0651","5647830,369",6.976548157,50.96453583,0,"5,21E+18"
159889,5,3,15,0,2021,11,13,6,3,0,1,0,1,0,0,0,0,0,"356872,7354","5644563,552",6.963026996,50.93491981,0,"5,21E+18"
159891,5,3,15,0,2021,12,10,6,3,0,2,0,1,0,0,0,0,1,"359555,433","5644355,827",7.001261858,50.9337125,0,"5,21E+18"
159894,5,3,15,0,2021,5,15,4,3,3,6,0,0,1,0,0,0,0,"356849,0646","5641318,664",6.963963929,50.90575233,0,"5,21E+18"
159896,5,3,15,0,2021,3,10,6,3,0,7,0,1,0,0,0,0,0,"358841,6726","5646511,937",6.990275062,50.95291533,0,"5,21E+18"
159897,5,3,15,0,2021,5,14,5,3,2,6,0,0,1,0,0,0,1,"356831,6407","5641436,883",6.963669909,50.90681044,0,"5,21E+18"
159899,5,3,15,0,2021,6,11,5,3,5,2,0,1,1,0,0,0,0,"356643,942","5647651,409",6.958557379,50.96261315,0,"5,21E+18"
159901,5,3,15,0,2021,3,14,4,3,5,3,0,1,1,0,0,0,0,"357808,591","5648290,721",6.974881394,50.96864721,0,"5,21E+18"
159903,5,3,15,0,2021,4,20,6,3,5,3,0,0,1,0,0,0,0,"359476,8556","5645392,357",6.999744539,50.94300877,0,"5,21E+18"
159904,5,3,15,0,2021,4,15,5,3,5,3,0,0,1,0,0,0,0,"356189,6411","5644963,141",6.953154179,50.93834092,0,"5,21E+18"
159905,5,3,15,0,2021,1,13,7,3,1,5,0,1,1,0,0,0,0,"359748,5203","5636732,095",7.006936172,50.86524347,0,"5,21E+18"
159906,5,3,15,0,2021,3,15,2,3,0,4,0,0,1,1,0,0,0,"356869,0816","5649976,695",6.960846001,50.9835661,0,"5,21E+18"
159911,5,3,15,0,2021,1,15,4,3,5,2,0,0,1,0,0,0,0,"357721,2345","5648995,106",6.973362488,50.97495589,0,"5,21E+18"
159912,5,3,15,0,2021,5,12,5,3,1,5,0,1,1,0,0,0,1,"360215,47","5643508,388",7.010974086,50.92625676,1,"5,21E+18"
159918,5,3,15,0,2021,1,16,6,3,1,1,0,1,1,0,0,0,0,"356708,0018","5646481,747",6.959929499,50.95211749,1,"5,21E+18"
159922,5,3,15,0,2021,2,22,1,3,6,5,2,0,1,1,0,0,0,"356347,8858","5646041,113",6.954979805,50.94806794,0,"5,21E+18"
159927,5,3,15,0,2021,4,17,2,3,0,2,0,1,1,0,0,0,0,"358681,809","5641970,274",6.989761486,50.91205995,0,"5,21E+18"
159928,5,3,15,0,2021,6,17,5,2,1,5,0,1,1,0,0,0,0,"356768,6992","5642278,206",6.962445063,50.91435575,1,"5,21E+18"
159929,5,3,15,0,2021,6,16,5,2,1,5,0,1,1,0,0,0,0,"356973,4889","5646422,168",6.963730132,50.95164801,0,"5,21E+18"
159930,5,3,15,0,2021,2,14,1,2,5,2,0,0,1,0,1,0,0,"359876,5458","5646276,139",7.005090116,50.95104872,0,"5,21E+18"
159931,5,3,15,0,2021,1,13,5,2,0,7,0,0,0,1,0,0,1,"356637,1749","5646320,668",6.958985237,50.95065229,1,"5,21E+18"
159932,5,3,15,0,2021,11,9,1,3,1,1,0,0,1,0,0,0,1,"359092,2488","5642555,095",6.995370261,50.91741616,0,"5,21E+18"
159933,5,3,15,0,2021,4,16,6,3,5,3,0,0,1,0,0,0,1,"357803,7629","5648289,658",6.974813093,50.96863647,0,"5,21E+18"
159934,5,3,15,0,2021,12,11,5,3,0,7,0,0,1,0,0,0,0,"356781,0514","5641775,316",6.962818042,50.90983937,0,"5,21E+18"
159937,5,3,15,0,2021,5,18,6,3,5,2,0,0,1,0,0,0,1,"356248,864","5647488,168",6.95299965,50.96104769,0,"5,21E+18"
159939,5,3,15,0,2021,10,9,2,3,4,6,0,0,1,0,0,0,1,"357274,0968","5641948,282",6.96975888,50.91151593,0,"5,21E+18"
159940,5,3,15,0,2021,2,9,6,2,5,3,0,1,1,0,0,0,0,"356778,8753","5643580,177",6.96207847,50.926059,0,"5,21E+18"
159945,5,3,15,0,2021,5,18,1,3,0,7,0,0,0,0,0,0,1,"357615,836","5645494,512",6.97323181,50.94347025,0,"5,21E+18"
159946,5,3,15,0,2021,10,16,3,3,6,4,0,0,1,1,0,0,0,"360371,7291","5648646,512",7.011225785,50.97247176,1,"5,21E+18"
159948,5,3,15,0,2021,6,10,2,3,1,5,0,0,1,0,1,0,0,"357333,4004","5650049,997",6.967427808,50.98434011,0,"5,21E+18"
159949,5,3,15,0,2021,6,22,7,3,0,1,1,0,0,0,0,0,1,"359574,2588","5647841,731",7.000185233,50.96504526,0,"5,21E+18"
159951,5,3,15,0,2021,5,18,4,2,6,4,0,0,1,1,0,0,0,"360007,5625","5645335,515",7.007315757,50.94262703,0,"5,21E+18"
159952,5,3,15,0,2021,6,8,7,2,5,3,0,0,1,0,1,0,0,"356825,5012","5649235,819",6.960517371,50.97689714,0,"5,21E+18"
159955,5,3,15,0,2021,2,12,5,3,1,5,0,1,1,0,0,0,0,"356325,1922","5644965,977",6.955081039,50.9384002,0,"5,21E+18"
159957,5,3,15,0,2021,6,18,4,3,5,3,0,0,1,0,1,0,0,"356894,2407","5642990,428",6.963950356,50.92078759,0,"5,21E+18"
159961,5,3,15,0,2021,9,2,1,2,0,1,2,0,0,0,0,0,1,"359123,4444","5643892,017",6.995297291,50.92943884,0,"5,21E+18"
159962,5,3,15,0,2021,1,18,5,3,5,3,2,1,1,0,0,0,0,"357762,1005","5648285,129",6.974221897,50.96858548,1,"5,21E+18"
159963,5,3,15,0,2021,10,20,6,2,5,2,2,0,1,0,0,0,1,"357431,612","5648938,565",6.969262007,50.97437613,0,"5,21E+18"
159965,5,3,15,0,2021,4,12,5,2,0,1,0,1,0,0,0,0,0,"359611,3307","5648085,737",7.000618663,50.96724719,0,"5,21E+18"
159966,5,3,15,0,2021,12,21,1,3,5,3,2,1,1,0,0,0,0,"356177,2269","5645495,239",6.952767541,50.94311971,1,"5,21E+18"
159969,5,3,15,0,2021,10,16,5,3,0,5,0,1,1,0,0,0,0,"356658,6025","5642593,574",6.960756018,50.91716261,0,"5,21E+18"
159970,5,3,15,0,2021,12,16,7,3,5,2,2,1,1,0,0,0,0,"358136,82","5648158,585",6.979604521,50.96754064,0,"5,21E+18"
159971,5,3,15,0,2021,12,18,3,3,5,3,2,0,1,0,0,0,0,"359770,588","5644465,718",7.004279567,50.93475246,0,"5,21E+18"
159974,5,3,15,0,2021,11,12,6,3,0,1,0,1,0,0,0,0,0,"357216,7803","5647306,37",6.966844692,50.95965457,1,"5,21E+18"
159976,5,3,15,0,2021,11,14,3,2,7,1,0,0,1,1,0,0,0,"358439,464","5641783,962",6.9863887,50.91032617,0,"5,21E+18"
159979,5,3,15,0,2021,6,16,4,3,8,1,0,0,0,0,0,0,1,"356853,3885","5641941,479",6.96378111,50.91135061,0,"5,21E+18"
159980,5,3,15,0,2021,1,20,1,3,8,1,2,0,0,0,1,0,0,"356774,2382","5649190,356",6.959805549,50.97647583,1,"5,21E+18"
159982,5,3,15,0,2021,1,11,6,3,0,7,0,1,0,0,0,0,1,"356121,2979","5646561,736",6.951550589,50.95269018,0,"5,21E+18"
159984,5,3,15,0,2021,9,16,3,3,2,6,0,1,1,0,0,0,0,"356309,1098","5646121,666",6.954396382,50.94878219,0,"5,21E+18"
159987,5,3,15,0,2021,3,7,5,3,6,7,0,1,0,1,0,0,0,"356859,49","5641249,076",6.964139397,50.90512953,0,"5,21E+18"
159991,5,3,15,0,2021,9,9,5,3,4,6,0,1,1,0,0,0,0,"356572,978","5643413,811",6.959216143,50.92451273,0,"5,21E+18"
159993,5,3,15,0,2021,2,11,1,2,0,1,0,1,0,0,0,0,0,"357687,8743","5645135,869",6.974396665,50.94026492,0,"5,21E+18"
159994,5,3,15,0,2021,7,17,3,3,0,5,0,1,1,0,0,0,0,"357215,9295","5641847,304",6.968971531,50.91059406,0,"5,21E+18"
159995,5,3,15,0,2021,6,11,3,3,0,7,0,0,1,0,0,0,0,"356687,914",5640000,6.962190972,50.89386156,0,"5,21E+18"
159997,5,3,15,0,2021,11,18,4,3,2,6,2,0,1,0,0,0,0,"356179,5623","5644967,105",6.95300926,50.93837403,1,"5,21E+18"
159998,5,3,15,0,2021,9,11,3,3,5,3,0,0,1,0,0,0,0,"360072,5841","5645407,836",7.008212909,50.94329278,0,"5,21E+18"
159999,5,3,15,0,2021,10,18,3,3,5,5,2,0,1,0,0,0,0,"356686,2131","5641719,414",6.961491904,50.90931344,1,"5,21E+18"
160001,5,3,15,0,2021,6,10,3,3,6,4,0,0,1,1,0,0,0,"359545,9227","5636695,352",7.0040731,50.86486407,0,"5,21E+18"
160002,5,3,15,0,2021,1,11,6,3,2,6,0,0,1,0,0,0,0,"356586,436","5648938,212",6.957231655,50.97416311,0,"5,21E+18"
160003,5,3,15,0,2021,9,9,5,3,5,2,0,0,1,0,0,0,1,"359147,6479","5651632,796",6.992644576,50.99901144,0,"5,21E+18"
160007,5,3,15,0,2021,3,10,4,2,0,1,0,0,0,0,1,0,0,"358467,0265","5641693,218",6.986815694,50.9095174,0,"5,21E+18"
160008,5,3,15,0,2021,12,19,5,3,6,2,2,0,1,1,0,0,0,"356880,8716","5650085,364",6.960971058,50.98454562,1,"5,21E+18"
160010,5,3,15,0,2021,9,14,2,3,2,2,0,0,1,0,0,0,0,"359714,8354","5647847,41",7.002183704,50.96513055,0,"5,21E+18"
160012,5,3,15,0,2021,9,19,3,3,0,1,2,0,0,0,0,0,1,"359891,6003","5646279,913",7.005302854,50.95108629,0,"5,21E+18"
160014,5,3,15,0,2021,12,17,6,3,2,5,2,0,1,0,0,0,0,"359304,754","5644512,618",6.997636113,50.9350605,1,"5,21E+18"
160015,5,3,15,0,2021,10,8,6,3,4,3,0,0,1,0,0,0,0,"358306,5495","5637085,021",6.986321599,50.86806366,0,"5,21E+18"
160017,5,3,15,0,2021,2,14,3,3,0,3,0,1,1,0,0,0,0,"356760,4069","5642005,886",6.962434085,50.91190637,0,"5,21E+18"
160018,5,3,15,0,2021,10,10,3,3,0,7,0,0,1,0,1,0,0,"356777,7053","5649070,684",6.959902045,50.97540122,1,"5,21E+18"
160020,5,3,15,0,2021,12,6,4,3,0,1,2,0,0,0,1,0,0,"357995,0844","5648530,619",6.977442031,50.97084916,2,"5,21E+18"
160021,5,3,15,0,2021,11,15,4,3,5,3,0,0,1,0,1,0,0,"356042,1184","5642687,938",6.951954354,50.91785718,1,"5,21E+18"
160022,5,3,15,0,2021,9,12,1,3,6,2,0,0,1,1,0,0,0,"359600,8063","5645235,867",7.001568064,50.94163258,0,"5,21E+18"
160025,5,3,15,0,2021,7,11,7,3,5,3,0,1,0,0,0,0,1,"360588,0596","5637782,684",7.018458491,50.87488851,0,"5,21E+18"