OBJECTID,ULAND,UREGBEZ,UKREIS,UGEMEINDE,UJAHR,UMONAT,USTUNDE,UWOCHENTAG,UKATEGORIE,UART,UTYP1,ULICHTVERH,IstRad,IstPKW,IstFuss,IstKrad,IstGkfz,IstSonstige,LINREFX,LINREFY,XGCSWGS84,YGCSWGS84,USTRZUSTAND,UIDENTSTLAE
160777,5,3,15,0,2021,12,21,5,3,4,6,2,1,1,0,0,0,0,"362418,8951","5642582,099",7.042656864,50.91846157,1,"5,21E+18"
160778,5,3,15,0,2021,1,20,7,2,8,1,2,0,1,0,0,0,0,"360662,1601","5648267,639",7.015505001,50.96913711,0,"5,21E+18"
160789,5,3,15,0,2021,3,20,3,3,2,7,2,0,1,1,0,0,1,"363676,5422","5639023,34",7.061867036,50.88677572,0,"5,21E+18"
160792,5,3,15,0,2021,2,9,3,3,0,1,0,1,1,0,0,0,0,"363286,2014","5648335,427",7.052828667,50.97037513,1,"5,21E+18"
160795,5,3,15,0,2021,3,15,2,3,0,1,0,0,0,0,0,0,1,"360706,8007","5640615,45",7.019065284,50.90037605,0,"5,21E+18"
160796,5,3,15,0,2021,5,11,5,3,6,7,0,0,1,1,0,0,0,"361397,5606","5647969,614",7.026085712,50.96663612,0,"5,21E+18"
160798,5,3,15,0,2021,5,18,2,3,5,3,0,0,1,0,0,0,0,"362404,7435","5650141,307",7.039598622,50.98639516,0,"5,21E+18"
160801,5,3,15,0,2021,5,12,1,3,6,7,0,0,1,1,0,0,0,"365058,8092","5643645,976",7.079798017,50.92864662,0,"5,21E+18"
160802,5,3,15,0,2021,9,17,1,2,0,1,0,0,0,0,0,0,1,"361945,4365","5648244,445",7.033779081,50.96923765,0,"5,21E+18"
160814,5,3,15,0,2021,10,15,3,3,8,1,0,0,1,0,0,0,0,"361797,9961","5649991,06",7.031016526,50.98489952,1,"5,21E+18"
160816,5,3,15,0,2021,3,17,3,3,0,1,0,0,0,0,1,0,0,"364240,54","5642630,005",7.068539421,50.91932358,0,"5,21E+18"
160819,5,3,15,0,2021,4,14,6,3,5,3,0,1,1,0,0,0,0,"365301,7043","5637344,207",7.08557706,50.87206546,0,"5,21E+18"
160831,5,3,15,0,2021,5,15,6,3,1,5,0,0,1,0,0,0,0,"361058,585","5645131,315",7.022344571,50.94104608,0,"5,21E+18"
160835,5,3,15,0,2021,11,8,3,2,6,4,0,0,0,1,0,0,1,"362428,6426","5645307,722",7.041766748,50.94296003,1,"5,21E+18"
160836,5,3,15,0,2021,10,7,6,3,5,1,2,0,1,0,0,0,1,"360319,445","5638469,76",7.014380466,50.8809986,0,"5,21E+18"
160838,5,3,15,0,2021,6,5,6,3,1,3,0,0,1,0,1,1,0,"363311,8945","5640351,194",7.0561891,50.89862363,0,"5,21E+18"
160842,5,3,15,0,2021,9,11,2,3,0,1,0,0,0,0,0,0,1,"361064,4075","5648821,423",7.021018704,50.97421122,0,"5,21E+18"
160843,5,3,15,0,2021,5,2,1,3,0,7,2,0,1,0,0,0,0,"361426,7016","5641225,868",7.029065045,50.90603529,0,"5,21E+18"
160848,5,3,15,0,2021,6,16,2,3,3,6,0,1,1,0,0,0,0,"363136,4051","5638449,377",7.05440748,50.88148952,0,"5,21E+18"
160851,5,3,15,0,2021,4,8,4,3,5,3,0,0,1,0,0,0,0,"360902,6954","5648337,719",7.018901788,50.96982507,0,"5,21E+18"
160855,5,3,15,0,2021,6,16,5,3,0,3,0,1,0,0,0,0,1,"363399,204","5639031,145",7.057923574,50.88678035,0,"5,21E+18"
160861,5,3,15,0,2021,3,18,4,2,5,3,0,0,1,0,1,0,1,"364363,1574","5640239,955",7.071171101,50.89787175,0,"5,21E+18"
160877,5,3,15,0,2021,3,11,4,3,6,7,0,0,0,1,0,1,0,"362724,039","5647121,73",7.045284922,50.95933355,0,"5,21E+18"
160881,5,3,15,0,2021,9,20,7,3,0,7,0,1,0,0,0,0,0,"362229,2099","5640377,27",7.04079223,50.89860068,0,"5,21E+18"
160882,5,3,15,0,2021,6,9,3,3,0,7,0,0,0,1,0,0,1,"363690,5251","5639997,338",7.061702297,50.89553284,0,"5,21E+18"
160887,5,3,15,0,2021,12,8,5,3,5,2,0,1,0,0,0,0,1,"364821,607","5649169,904",7.074373436,50.97823735,0,"5,21E+18"
160891,5,3,15,0,2021,4,22,2,2,8,7,2,0,1,0,0,0,0,"363548,5062","5643431,901",7.058399774,50.92636734,1,"5,21E+18"
160894,5,3,15,0,2021,9,20,6,2,0,1,1,1,0,0,0,0,0,"363023,1739","5645961,417",7.049978373,50.94897659,0,"5,21E+18"
160909,5,3,15,0,2021,3,16,2,3,5,2,0,1,1,0,0,0,0,"364951,2467","5638374,706",7.080218477,50.88124544,0,"5,21E+18"
160913,5,3,15,0,2021,6,19,7,3,5,3,0,1,1,0,0,0,0,"364443,7356","5640296,383",7.072295328,50.89839782,0,"5,21E+18"
160916,5,3,15,0,2021,9,10,6,2,0,7,0,1,0,1,0,0,0,"363282,1196","5638710,895",7.056379798,50.8838744,0,"5,21E+18"
160917,5,3,15,0,2021,4,12,3,3,0,6,0,1,1,0,0,0,0,"364108,9231","5648671,591",7.064413637,50.97359106,0,"5,21E+18"
160921,5,3,15,0,2021,9,7,6,3,0,7,0,1,0,0,0,0,0,"361042,1706","5647022,201",7.021389458,50.95803592,0,"5,21E+18"
160926,5,3,15,0,2021,11,14,4,3,0,7,0,0,1,1,0,0,0,"365073,4451","5640069,231",7.081328781,50.89650374,0,"5,21E+18"
160929,5,3,15,0,2021,6,18,5,3,0,7,0,1,0,0,0,0,0,"362691,3247","5646150,476",7.045185761,50.95059677,0,"5,21E+18"
160930,5,3,15,0,2021,9,12,7,3,5,3,0,1,0,0,0,0,0,"360605,4551","5636916,102",7.019035857,50.86710445,0,"5,21E+18"
160938,5,3,15,0,2021,7,15,2,3,5,3,0,0,1,0,0,0,0,"362940,5794","5641509,238",7.050477197,50.90894347,0,"5,21E+18"
160943,5,3,15,0,2021,2,15,6,3,1,5,0,1,1,0,0,0,0,"364266,5421","5648461,212",7.066735869,50.97173747,0,"5,21E+18"
160949,5,3,15,0,2021,6,10,2,3,0,1,0,0,0,0,0,0,1,"364590,9636","5649359,09",7.071019417,50.97988345,0,"5,21E+18"
160956,5,3,15,0,2021,3,16,4,3,8,1,0,0,1,0,0,0,0,"361091,1699","5648968,199",7.021343584,50.97553678,0,"5,21E+18"
160965,5,3,15,0,2021,9,6,5,3,0,7,1,1,1,0,0,0,0,"363543,566","5648196,931",7.056543935,50.96919145,0,"5,21E+18"
160974,5,3,15,0,2021,2,11,6,3,6,7,0,0,1,1,0,0,0,"364962,0516","5635571,992",7.081406641,50.85605814,0,"5,21E+18"
160975,5,3,15,0,2021,3,12,5,3,1,5,0,0,1,0,0,0,0,"363452,8776","5648271,225",7.055225224,50.96983766,0,"5,21E+18"
160977,5,3,15,0,2021,5,14,5,3,5,3,0,0,1,0,0,0,0,"362836,2418","5648552,379",7.046342184,50.97221797,0,"5,21E+18"
160978,5,3,15,0,2021,1,19,7,2,6,1,2,0,1,1,0,0,0,"360794,2437","5645168,862",7.018570062,50.94131976,0,"5,21E+18"
160983,5,3,15,0,2021,11,10,7,3,5,3,0,0,1,0,0,0,0,"360187,0847","5638567,599",7.012462693,50.88184589,0,"5,21E+18"
160993,5,3,15,0,2021,2,15,5,3,0,4,0,0,1,1,0,0,0,"364063,8123","5638976,252",7.067387083,50.88644377,0,"5,21E+18"
160994,5,3,15,0,2021,5,11,7,3,6,2,0,0,1,1,0,0,0,"364821,2923","5638276,275",7.078408624,50.88033039,1,"5,21E+18"
161002,5,3,15,0,2021,6,13,4,3,4,6,0,0,1,0,0,0,0,"360426,3561","5641287,231",7.014822712,50.90634579,0,"5,21E+18"
161005,5,3,15,0,2021,1,7,3,3,5,2,2,1,1,0,0,0,0,"363875,1536","5640618,159",7.064094661,50.90115603,1,"5,21E+18"
161008,5,3,15,0,2021,12,18,5,3,5,3,2,0,1,0,1,0,0,"360899,314","5644790,917",7.020208962,50.93794845,0,"5,21E+18"
161017,5,3,15,0,2021,6,12,4,3,0,7,0,1,0,0,0,0,0,"364840,3561","5648328,239",7.074953231,50.97067733,0,"5,21E+18"
161023,5,3,15,0,2021,12,9,2,3,0,1,0,0,1,0,0,0,0,"364950,7508","5638616,508",7.08012209,50.88341855,1,"5,21E+18"
161025,5,3,15,0,2021,9,9,6,3,1,5,0,1,1,0,0,0,0,"362959,7608","5639754,065",7.05140863,50.89317349,0,"5,21E+18"
161026,5,3,15,0,2021,6,14,2,3,9,6,0,0,1,0,0,0,0,"360397,2001","5647443,077",7.012050207,50.96166251,0,"5,21E+18"
161029,5,3,15,0,2021,4,17,5,3,5,5,0,0,1,0,1,0,0,"363462,4706","5648763,557",7.055176913,50.9742647,0,"5,21E+18"
161035,5,3,15,0,2021,6,15,3,3,5,3,0,1,0,0,0,0,0,"362668,9384","5648525,594",7.043970839,50.97193738,0,"5,21E+18"
161037,5,3,15,0,2021,11,10,4,2,6,7,0,0,1,1,0,0,0,"363766,5991","5644220,567",7.061206416,50.93350699,0,"5,21E+18"
161039,5,3,15,0,2021,3,12,2,3,5,2,0,1,1,0,0,0,0,"364951,8172","5638373,844",7.0802269,50.88123782,0,"5,21E+18"
161052,5,3,15,0,2021,6,20,6,3,5,3,0,0,1,0,1,0,0,"361897,8451","5649573,947",7.032596698,50.98117479,1,"5,21E+18"
161062,5,3,15,0,2021,9,11,5,3,4,6,0,1,1,0,0,0,0,"360982,3315","5644868,581",7.021360146,50.93866645,0,"5,21E+18"
161067,5,3,15,0,2021,7,9,2,3,5,3,0,1,1,0,0,0,0,"360486,159","5648808,784",7.012792341,50.97395785,0,"5,21E+18"
161078,5,3,15,0,2021,5,8,5,2,5,3,0,0,1,0,0,0,0,"364086,2986","5644859,967",7.065514922,50.93932901,1,"5,21E+18"
161092,5,3,15,0,2021,9,17,7,2,1,6,0,1,1,0,0,0,0,"362999,1133","5650836,971",7.047799344,50.99278906,0,"5,21E+18"
161093,5,3,15,0,2021,9,11,1,3,0,3,0,0,1,0,0,0,0,"360978,1059","5643592,367",7.02178685,50.92719579,0,"5,21E+18"
161098,5,3,15,0,2021,6,21,6,3,4,2,0,0,1,0,0,0,0,"360622,358","5646328,725",7.015681139,50.95170215,1,"5,21E+18"
161102,5,3,15,0,2021,9,14,7,3,5,2,0,0,1,0,0,0,0,"362244,554","5651272,347",7.036888807,50.99652177,0,"5,21E+18"
161103,5,3,15,0,2021,6,10,5,3,3,6,0,0,1,0,1,0,0,"363440,6038","5643430,579",7.056865845,50.92632993,1,"5,21E+18"
161108,5,3,15,0,2021,6,5,3,3,6,4,0,0,1,1,0,0,0,"361884,5289","5649211,019",7.032545017,50.97790988,0,"5,21E+18"
161120,5,3,15,0,2021,11,18,3,3,7,7,2,1,0,0,0,0,0,"365800,7081","5645666,461",7.089604699,50.946979,0,"5,21E+18"
161122,5,3,15,0,2021,1,7,2,3,8,1,2,1,0,0,0,0,0,"363658,9324","5638585,023",7.06178035,50.88283217,1,"5,21E+18"
161139,5,3,15,0,2021,12,10,3,2,5,2,0,1,1,0,0,0,0,"361889,9786","5649453,355",7.032530525,50.98008912,0,"5,21E+18"
161140,5,3,15,0,2021,5,15,3,3,5,3,0,1,1,0,0,0,0,"364528,196","5645422,53",7.071591499,50.94448903,1,"5,21E+18"
161151,5,3,15,0,2021,6,20,4,3,1,5,0,1,0,1,0,0,0,"360445,8254","5646693,341",7.013029683,50.95493629,0,"5,21E+18"
161154,5,3,15,0,2021,11,15,5,2,1,7,0,0,1,0,0,0,0,"364834,4981","5649182,609",7.074552235,50.97835456,0,"5,21E+18"
161159,5,3,15,0,2021,4,12,5,2,1,5,0,0,1,0,0,0,0,"363592,8491","5640064,503",7.060289126,50.89611342,0,"5,21E+18"
161160,5,3,15,0,2021,9,18,7,3,0,2,0,0,1,0,0,0,1,"360393,5446","5648478,39",7.011600853,50.97096612,0,"5,21E+18"
161163,5,3,15,0,2021,10,21,4,3,5,3,2,0,1,0,0,0,0,"362938,5775","5641504,954",7.05045035,50.90890449,0,"5,21E+18"
161234,5,3,15,0,2021,11,18,2,3,5,3,2,0,1,0,1,0,0,"366331,988","5642100,936",7.098470828,50.91505676,1,"5,21E+18"
161241,5,3,15,0,2021,6,13,2,3,5,3,0,0,1,0,0,0,0,"366408,887","5636410,617",7.101644761,50.86393154,0,"5,21E+18"
161260,5,3,15,0,2021,3,9,2,3,6,4,0,0,1,1,0,0,0,"366483,3432","5648546,859",7.098259766,50.9730254,0,"5,21E+18"
161433,5,3,15,0,2021,9,13,4,3,8,5,0,0,1,0,0,0,0,"365806,1412","5636335,831",7.093112112,50.8631198,0,"5,21E+18"
161567,5,3,15,0,2021,9,5,2,3,5,3,2,1,1,0,0,0,0,"365872,8586","5635785,295",7.094261378,50.85818721,0,"5,21E+18"
161652,5,3,15,0,2021,1,13,2,3,1,3,0,0,1,0,1,0,0,"366420,4228","5633808,916",7.102757786,50.84055066,1,"5,21E+18"
161674,5,3,15,0,2021,5,18,1,3,7,1,0,1,0,0,0,0,0,"366086,2655","5648132,206",7.09276004,50.96920649,0,"5,21E+18"
161698,5,3,15,0,2021,7,5,7,3,5,5,0,0,1,0,1,0,0,"366309,4717","5636071,221",7.100356879,50.86085815,0,"5,21E+18"
161706,5,3,15,0,2021,2,8,6,3,0,1,0,0,0,0,1,0,0,"366653,9932","5636727,621",7.105010191,50.86683728,2,"5,21E+18"
161714,5,3,15,0,2021,6,8,3,3,0,6,0,1,1,1,0,0,0,"366252,4109","5636171,111",7.099510055,50.86174274,0,"5,21E+18"
161719,5,3,15,0,2021,10,15,4,3,6,2,0,0,1,1,0,0,0,"365861,6717","5635839,465",7.094082671,50.85867148,1,"5,21E+18"
161727,5,3,15,0,2021,10,15,1,2,0,1,0,1,0,0,0,0,0,"365721,926","5634423,659",7.092617495,50.84591415,1,"5,21E+18"
161776,5,3,15,0,2021,10,3,7,3,0,3,2,0,0,0,1,0,1,"366175,715","5637782,279",7.097831433,50.87620576,1,"5,21E+18"
161790,5,3,15,0,2021,12,13,7,3,0,1,0,0,0,0,1,0,0,"367081,6954","5638179,931",7.110556891,50.87998887,1,"5,21E+18"
161803,5,3,15,0,2021,10,22,6,3,0,7,2,0,1,0,0,0,1,"366224,67","5634877,009",7.099589028,50.85010523,0,"5,21E+18"
161858,5,3,15,0,2021,11,21,4,3,0,1,2,1,1,0,0,0,0,"367405,522","5637856,829",7.115274632,50.87715928,0,"5,21E+18"
161913,5,3,15,0,2021,6,18,6,3,0,1,0,1,0,0,0,0,0,"366554,4406","5634883,731",7.104268554,50.85024182,0,"5,21E+18"
161968,5,3,15,0,2021,11,8,2,3,0,1,0,0,0,0,1,0,0,"366013,58","5636359,447",7.096049419,50.86338016,1,"5,21E+18"
162008,5,3,15,0,2021,10,15,7,3,5,3,0,0,1,0,0,0,0,"367254,9399","5638190,437",7.113014332,50.88012311,0,"5,21E+18"
162047,5,3,15,0,2021,9,15,7,3,5,3,0,1,1,0,0,0,0,"366741,9534","5637380,959",7.106021445,50.87272963,0,"5,21E+18"
162083,5,3,15,0,2021,1,5,2,3,5,2,2,1,1,0,0,0,0,"367407,1712","5637856,261",7.115298265,50.87715455,2,"5,21E+18"
162133,5,3,15,0,2021,5,12,7,3,5,3,0,1,1,0,0,0,0,"365788,1637","5634399,998",7.093566496,50.84571686,0,"5,21E+18"
162153,5,3,15,0,2021,9,9,1,3,5,3,0,0,1,0,0,0,1,"366194,4595","5642112,737",7.096511206,50.91513095,0,"5,21E+18"
162170,5,3,15,0,2021,6,0,5,2,0,1,2,1,0,0,0,0,0,"366179,9599","5637422,092",7.098023548,50.87296948,0,"5,21E+18"
162209,5,3,15,0,2021,6,8,3,3,0,7,0,1,1,0,0,0,0,"366318,2713","5648432,049",7.095952165,50.97195524,0,"5,21E+18"
162281,5,3,15,0,2021,4,11,4,3,0,7,0,0,0,0,0,0,1,"366315,4768","5643336,053",7.097783352,50.92615375,0,"5,21E+18"
167842,5,3,15,0,2021,8,20,5,3,0,7,0,0,0,0,0,0,1,"359888,6029","5645018,968",7.005745304,50.93975328,0,"5,21E+18"
167852,5,3,15,0,2021,8,16,4,3,0,1,0,0,0,0,0,0,1,"353035,1755","5648225,668",6.906971465,50.96686455,1,"5,21E+18"
167855,5,3,15,0,2021,8,12,1,3,5,3,0,1,1,0,0,0,0,"355879,138","5644584,464",6.948887601,50.9348603,1,"5,21E+18"
167859,5,3,15,0,2021,7,6,4,2,7,1,0,0,0,0,0,0,1,"363171,9321","5639015,472",7.054700269,50.88658571,0,"5,21E+18"
167863,5,3,15,0,2021,8,18,1,3,7,1,0,0,0,0,0,0,1,"357686,6301","5644145,261",6.974765839,50.93136205,1,"5,21E+18"
167867,5,3,15,0,2021,4,18,4,3,2,6,0,0,1,0,0,0,0,"356592,7839","5646203,388",6.958399878,50.94958726,0,"5,21E+18"
167874,5,3,15,0,2021,8,20,6,2,0,1,1,1,0,0,0,0,0,"355647,1565","5645532,851",6.945212575,50.94332525,1,"5,21E+18"
167877,5,3,15,0,2021,7,7,2,2,5,3,0,1,1,0,0,0,0,"357417,666","5649109,49",6.968996465,50.97590876,0,"5,21E+18"
167881,5,3,15,0,2021,7,13,5,2,0,1,0,1,0,0,0,0,0,"363808,3443","5638962,305",7.063762492,50.88625825,0,"5,21E+18"
167885,5,3,15,0,2021,8,23,7,2,0,1,2,1,0,0,0,0,0,"354863,6592","5643815,06",6.934751782,50.92769119,1,"5,21E+18"
167889,5,3,15,0,2021,8,17,3,3,5,3,0,1,1,0,0,0,0,"359124,008","5646997,141",6.994104358,50.95734496,1,"5,21E+18"
167897,5,3,15,0,2021,4,14,2,3,4,2,0,1,1,0,0,0,0,"353751,768","5647441,416",6.917484973,50.95999915,0,"5,21E+18"
167908,5,3,15,0,2021,8,15,6,3,1,5,0,1,1,0,0,0,0,"353530,2048","5643051,783",6.916097056,50.92049485,0,"5,21E+18"
167912,5,3,15,0,2021,4,15,1,3,0,1,0,1,0,0,0,0,0,"357956,5308","5646019,402",6.977873479,50.94827147,0,"5,21E+18"
167919,5,3,15,0,2021,8,17,6,3,6,6,0,1,0,1,0,0,0,"356722,561","5645538,094",6.960507926,50.94364062,0,"5,21E+18"
167923,5,3,15,0,2021,7,13,7,3,1,6,0,1,1,0,0,0,0,"355661,919","5644627,687",6.945781167,50.93519441,0,"5,21E+18"
167924,5,3,15,0,2021,8,16,3,3,5,3,0,0,1,0,0,0,1,"353142,9208","5649185,019",6.908117443,50.97551328,0,"5,21E+18"
167929,5,3,15,0,2021,8,10,7,3,1,6,0,1,1,0,0,0,0,"360355,4794","5648501,82",7.011050047,50.97116745,0,"5,21E+18"
167931,5,3,15,0,2021,8,7,1,3,0,2,0,1,0,0,0,0,0,"356716,0414","5647710,702",6.959560054,50.96316394,1,"5,21E+18"
167933,5,3,15,0,2021,8,0,7,2,7,1,2,0,0,0,0,0,1,"355216,4685","5643702,751",6.939813283,50.92677055,0,"5,21E+18"
167937,5,3,15,0,2021,8,17,5,3,2,2,0,0,1,0,1,0,0,"355832,248","5646065,812",6.947634474,50.94816118,0,"5,21E+18"
167944,5,3,15,0,2021,8,15,3,3,8,1,0,0,0,0,0,0,1,"356312,888","5643464,818",6.955497811,50.9249064,0,"5,21E+18"
167948,5,3,15,0,2021,5,20,7,3,3,6,1,1,0,0,0,0,0,"356419,6809","5645313,658",6.956287954,50.94154829,0,"5,21E+18"
167955,5,3,15,0,2021,8,14,2,3,0,1,0,1,0,0,0,0,0,"355250,471","5642054,664",6.940950828,50.91196803,0,"5,21E+18"
167958,5,3,15,0,2021,8,16,6,3,0,1,0,1,0,0,0,0,0,"362318,2506","5648335,983",7.039050845,50.97014957,0,"5,21E+18"
167963,5,3,15,0,2021,8,4,1,3,8,5,2,0,1,0,0,0,1,"355346,1498","5645174,855",6.941073014,50.94003258,0,"5,21E+18"
167969,5,3,15,0,2021,7,16,7,3,5,2,0,1,1,0,0,0,0,356719,"5642302,439",6.961729023,50.91456119,0,"5,21E+18"
167971,5,3,15,0,2021,8,17,5,3,3,6,0,0,1,0,1,0,0,"356187,99","5645002,178",6.953115287,50.93869133,0,"5,21E+18"
167975,5,3,15,0,2021,7,3,7,3,4,6,2,0,1,0,0,0,1,"359558,812","5644283,946",7.001337615,50.93306732,0,"5,21E+18"
167976,5,3,15,0,2021,8,16,7,3,5,2,0,0,1,0,1,0,0,"356764,539","5648939,706",6.959766227,50.97422086,0,"5,21E+18"
167984,5,3,15,0,2021,8,15,6,3,5,3,0,1,0,0,0,0,1,"354435,552","5644213,557",6.928505066,50.93116451,0,"5,21E+18"
167988,5,3,15,0,2021,7,21,6,3,0,1,0,1,0,0,0,0,0,"360072,967","5647068,794",7.007580017,50.95822012,1,"5,21E+18"
167993,5,3,15,0,2021,8,18,6,3,0,1,0,1,0,0,0,0,0,"356448,1472","5642779,67",6.957690775,50.91878272,0,"5,21E+18"
167997,5,3,15,0,2021,8,18,1,3,6,6,0,0,0,1,0,0,1,"356414,4006","5645065,095",6.956310812,50.93931318,0,"5,21E+18"
168006,5,3,15,0,2021,8,13,5,3,0,1,0,0,0,0,0,0,1,"360848,3644","5647829,492",7.018322898,50.96524442,1,"5,21E+18"
168009,5,3,15,0,2021,7,15,4,3,0,7,0,0,0,1,0,1,0,"356539,257","5645044,411",6.958094862,50.93915837,0,"5,21E+18"
168013,5,3,15,0,2021,8,17,5,3,2,2,0,0,1,0,0,0,0,"356114,438","5640732,664",6.95375339,50.90030337,0,"5,21E+18"
168017,5,3,15,0,2021,7,13,5,3,0,1,0,0,0,0,1,0,0,"354722,922","5643741,129",6.932779986,50.92699136,0,"5,21E+18"
168021,5,3,15,0,2021,6,19,4,3,3,2,0,1,1,0,0,0,0,"354857,803","5644405,281",6.934433497,50.93299389,0,"5,21E+18"
168030,5,3,15,0,2021,7,11,6,3,0,5,0,1,1,0,0,0,0,"353442,1342","5644251,522",6.914362675,50.93125413,0,"5,21E+18"
168034,5,3,15,0,2021,8,1,7,2,0,1,2,1,0,0,0,0,0,"353955,8258","5646724,489",6.920676294,50.95360814,0,"5,21E+18"
168043,5,3,15,0,2021,8,9,2,3,0,6,0,0,1,0,1,0,0,"356230,0862","5645677,966",6.953447323,50.94477503,1,"5,21E+18"
168048,5,3,15,0,2021,7,11,6,3,0,7,0,1,1,0,0,0,0,"362561,0153","5650958,92",7.041514395,50.99378059,0,"5,21E+18"
168054,5,3,15,0,2021,4,15,3,3,5,3,0,1,0,0,0,0,1,"348339,8081","5648362,737",6.840094349,50.9668793,0,"5,21E+18"
168057,5,3,15,0,2021,8,10,2,3,8,1,0,0,1,1,0,0,0,"359743,5754","5644544,276",7.003865142,50.93545191,1,"5,21E+18"
168061,5,3,15,0,2021,8,7,4,3,2,6,0,1,1,0,0,0,0,"358737,4259","5639325,762",6.991575192,50.88830702,0,"5,21E+18"
168070,5,3,15,0,2021,7,18,6,3,5,3,0,0,1,0,1,0,0,"359611,3934","5636949,525",7.004905337,50.86716429,0,"5,21E+18"
168075,5,3,15,0,2021,6,14,1,3,5,2,0,1,1,0,0,0,0,"355261,9902","5641582,378",6.941301885,50.90772657,0,"5,21E+18"
168077,5,3,15,0,2021,8,14,3,3,0,1,0,0,0,0,0,1,0,"356403,814","5645335,603",6.956053609,50.94174156,0,"5,21E+18"
168088,5,3,15,0,2021,7,19,6,3,0,1,0,1,0,0,0,0,0,"353783,8971","5643157,899",6.919661382,50.92151282,0,"5,21E+18"
168091,5,3,15,0,2021,8,20,6,3,5,3,1,0,0,0,0,0,1,"356457,073","5645127,147",6.956893318,50.93988146,0,"5,21E+18"
168103,5,3,15,0,2021,8,7,6,3,0,7,0,0,0,0,0,0,1,"353398,1982","5643831,81",6.913906664,50.92747116,0,"5,21E+18"
168112,5,3,15,0,2021,8,8,5,2,6,2,0,0,1,1,0,0,0,"356528,2352","5643557,152",6.958523541,50.9257898,0,"5,21E+18"
168116,5,3,15,0,2021,7,11,2,2,5,2,0,0,1,0,0,0,0,"349032,312","5646247,592",6.850826719,50.94805402,0,"5,21E+18"
168124,5,3,15,0,2021,8,13,7,3,6,6,0,1,0,1,0,0,0,"356101,894","5645044,758",6.951873897,50.93905251,0,"5,21E+18"
168125,5,3,15,0,2021,8,17,2,3,6,4,0,1,0,1,0,0,0,"359918,3957","5647342,082",7.005275303,50.96063864,0,"5,21E+18"
168128,5,3,15,0,2021,6,13,1,3,1,5,0,1,1,0,0,0,0,"359521,783","5644682,197",7.000657467,50.93663744,0,"5,21E+18"
168129,5,3,15,0,2021,8,14,6,3,0,1,0,0,0,0,1,0,0,"361055,1544","5648735,098",7.020919975,50.97343318,0,"5,21E+18"
168134,5,3,15,0,2021,8,13,2,3,6,2,0,0,1,1,0,0,0,"362340,2332","5648515,162",7.039295915,50.97176515,1,"5,21E+18"
168148,5,3,15,0,2021,8,11,1,3,0,5,0,1,1,0,0,0,0,"363792,73","5640148,115",7.063098514,50.89691207,0,"5,21E+18"
168149,5,3,15,0,2021,8,10,5,3,4,2,0,0,1,0,1,0,0,"356444,955","5648773,004",6.955283009,50.97264317,1,"5,21E+18"
168151,5,3,15,0,2021,8,7,4,3,6,6,0,0,1,1,0,0,0,"360371,077","5647695,201",7.011581696,50.96392205,0,"5,21E+18"
168153,5,3,15,0,2021,8,18,5,3,2,6,0,0,1,0,0,0,0,"352251,7247","5653750,125",6.893574808,51.01630933,0,"5,21E+18"
168159,5,3,15,0,2021,8,3,7,3,7,1,2,1,0,0,0,0,0,"354451,5332","5646718,634",6.927731391,50.95368093,0,"5,21E+18"
168165,5,3,15,0,2021,8,12,3,3,0,1,0,0,0,0,0,0,1,"354607,724","5643273,425",6.931328408,50.9227592,1,"5,21E+18"
168169,5,3,15,0,2021,7,4,3,2,8,1,2,0,0,0,1,0,0,"347866,345","5645687,334",6.834474687,50.94271293,0,"5,21E+18"
168177,5,3,15,0,2021,7,16,4,3,1,6,0,0,1,0,0,0,1,"356186,537","5644963,304",6.953109964,50.93834161,0,"5,21E+18"
168178,5,3,15,0,2021,7,1,7,2,0,1,2,1,0,0,0,0,0,"353569,3856","5647762,487",6.914760555,50.96283817,0,"5,21E+18"
168181,5,3,15,0,2021,8,12,5,3,0,1,0,1,0,0,0,0,0,"356760,872","5644752,629",6.961361722,50.93659125,1,"5,21E+18"
168182,5,3,15,0,2021,8,11,2,3,5,2,0,0,1,0,0,0,1,"356597,2291","5648938,259",6.957385268,50.97416623,0,"5,21E+18"
168186,5,3,15,0,2021,8,10,2,3,6,1,0,0,1,1,0,0,0,"365030,0211","5637778,84",7.081557607,50.87590841,1,"5,21E+18"
168191,5,3,15,0,2021,8,19,7,2,5,2,0,0,1,0,1,0,0,"357552,243","5644271,429",6.972805373,50.93246274,0,"5,21E+18"
168195,5,3,15,0,2021,7,17,3,3,0,7,0,1,1,0,0,0,0,"359521,2994","5646964,253",6.999770286,50.95714638,0,"5,21E+18"
168201,5,3,15,0,2021,7,12,3,3,4,6,0,0,0,0,0,0,1,"357151,8087","5643255,835",6.967508501,50.92323662,0,"5,21E+18"
168205,5,3,15,0,2021,8,23,6,3,0,1,2,0,0,0,0,0,1,"356591,7069","5645125,873",6.95880882,50.93990351,0,"5,21E+18"
168213,5,3,15,0,2021,8,7,5,3,3,6,0,1,1,0,0,0,0,"356640,7268","5642702,984",6.960458884,50.91814142,0,"5,21E+18"
168217,5,3,15,0,2021,7,23,3,3,8,1,2,0,0,0,0,0,1,"355548,18","5645259,552",6.943913042,50.94084438,0,"5,21E+18"
168226,5,3,15,0,2021,8,14,1,2,6,4,0,0,1,1,0,0,0,"360376,8128","5647688,135",7.011666037,50.96385993,0,"5,21E+18"