OBJECTID,ULAND,UREGBEZ,UKREIS,UGEMEINDE,UJAHR,UMONAT,USTUNDE,UWOCHENTAG,UKATEGORIE,UART,UTYP1,ULICHTVERH,IstRad,IstPKW,IstFuss,IstKrad,IstGkfz,IstSonstige,LINREFX,LINREFY,XGCSWGS84,YGCSWGS84,USTRZUSTAND,UIDENTSTLAE
168230,5,3,15,0,2021,8,19,3,3,0,1,1,1,0,0,0,0,0,"355618,4014","5644362,707",6.945267229,50.93280219,1,"5,21E+18"
168234,5,3,15,0,2021,8,7,4,3,5,3,0,0,1,0,1,0,0,"355843,0075","5640259,082",6.950082866,50.89597964,0,"5,21E+18"
168238,5,3,15,0,2021,7,9,4,3,0,1,0,1,0,0,0,0,0,"349252,928","5643861,324",6.854952274,50.92666807,0,"5,21E+18"
168242,5,3,15,0,2021,8,7,3,3,5,3,0,1,0,0,0,0,0,"350498,234","5646123,912",6.871730862,50.94732463,0,"5,21E+18"
168247,5,3,15,0,2021,7,15,7,3,2,6,0,0,1,0,0,0,0,"355179,145","5642697,069",6.939681925,50.91772332,0,"5,21E+18"
168251,5,3,15,0,2021,8,12,3,3,1,5,0,1,1,0,0,0,0,"356097,2939","5645425,16",6.951658205,50.94246997,0,"5,21E+18"
168255,5,3,15,0,2021,8,13,4,3,2,6,0,0,1,0,0,0,0,"353501,74","5651819,524",6.912162708,50.99927977,0,"5,21E+18"
168263,5,3,15,0,2021,8,19,1,3,2,7,0,0,1,0,0,0,0,"355155,4892","5644065,259",6.938802154,50.93001302,1,"5,21E+18"
168271,5,3,15,0,2021,8,9,2,3,2,2,0,1,1,0,0,0,0,"354217,53","5642603,259",6.926048388,50.91663815,0,"5,21E+18"
168273,5,3,15,0,2021,8,14,7,2,0,2,0,1,1,0,0,0,0,"366107,841","5647736,528",7.093212792,50.96565532,0,"5,21E+18"
168275,5,3,15,0,2021,4,9,5,3,4,6,0,0,1,0,0,0,1,"356254,328","5645048,101",6.954040717,50.93912057,0,"5,21E+18"
168283,5,3,15,0,2021,8,15,3,3,0,1,0,1,0,0,0,0,0,"362293,533","5644039,588",7.040324026,50.93153064,0,"5,21E+18"
168287,5,3,15,0,2021,8,17,1,3,2,6,0,0,1,0,0,0,0,"353881,6194","5646567,378",6.919683575,50.95217744,1,"5,21E+18"
168303,5,3,15,0,2021,8,20,4,3,5,3,1,1,1,0,0,0,0,"354024,32","5641742,56",6.923645974,50.90885444,0,"5,21E+18"
168305,5,3,15,0,2021,8,12,5,3,0,7,0,1,0,0,0,0,0,"353473,3921","5647907,107",6.913336289,50.9641134,0,"5,21E+18"
168308,5,3,15,0,2021,7,16,5,3,6,4,0,0,1,1,0,0,0,"359609,995","5643739,229",7.002275339,50.92818434,0,"5,21E+18"
168312,5,3,15,0,2021,7,13,3,3,5,3,0,1,0,0,0,0,0,"355926,384","5646120,244",6.948952136,50.94867389,0,"5,21E+18"
168322,5,3,15,0,2021,10,11,5,3,0,7,0,0,0,1,0,0,1,"355131,056","5645269,053",6.937976142,50.94082511,0,"5,21E+18"
168328,5,3,15,0,2021,7,11,6,3,2,6,0,0,1,0,1,0,0,"355683,8766","5642370,337",6.94698689,50.91491348,0,"5,21E+18"
168331,5,3,15,0,2021,6,12,5,3,6,4,0,0,1,1,0,0,0,"354791,788","5643151,564",6.93399401,50.92171042,0,"5,21E+18"
168335,5,3,15,0,2021,8,1,1,3,0,2,2,1,1,0,0,0,0,"353922,641","5645837,431",6.920560025,50.94562805,0,"5,21E+18"
168336,5,3,15,0,2021,2,15,7,3,6,7,0,0,0,1,0,0,1,"362683,223","5636716,257",7.048620013,50.86580563,0,"5,21E+18"
168341,5,3,15,0,2021,7,17,2,3,5,3,0,1,1,0,0,0,0,"355285,3499","5642502,736",6.941268916,50.91600353,0,"5,21E+18"
168343,5,3,15,0,2021,8,16,6,2,0,1,0,1,0,0,0,0,0,"352373,832","5645465,978",6.898678745,50.94189546,0,"5,21E+18"
168352,5,3,15,0,2021,7,15,2,3,5,3,0,1,1,0,0,0,0,"363813,054","5639992,811",7.063445261,50.89552106,0,"5,21E+18"
168355,5,3,15,0,2021,8,8,5,2,0,7,0,0,0,1,0,0,1,"361939,2151","5647372,409",7.034021477,50.96139896,0,"5,21E+18"
168357,5,3,15,0,2021,8,16,2,3,0,7,0,0,0,0,0,0,1,"359557,34","5643773,091",7.00151351,50.92847584,0,"5,21E+18"
168361,5,3,15,0,2021,8,14,3,3,6,7,0,0,1,1,0,0,0,"353820,1993","5646925,009",6.918666132,50.95537576,0,"5,21E+18"
168368,5,3,15,0,2021,7,18,6,3,0,1,0,1,0,0,0,0,0,"353900,0853","5643220,973",6.921288058,50.92210908,0,"5,21E+18"
168372,5,3,15,0,2021,8,10,5,2,0,6,0,0,1,0,1,0,0,"357609,339","5645310,261",6.973211415,50.94181279,0,"5,21E+18"
168381,5,3,15,0,2021,8,10,6,3,6,5,0,0,1,1,0,0,0,"355086,3864","5644964,799",6.937461786,50.93807963,0,"5,21E+18"
168382,5,3,15,0,2021,8,19,6,3,3,6,0,1,0,0,0,0,1,"353088,3514","5648643,647",6.907559413,50.9706343,0,"5,21E+18"
168384,5,3,15,0,2021,8,10,2,3,5,3,0,1,1,0,0,0,0,"352077,7445","5653847,675",6.891056414,51.01714122,0,"5,21E+18"
168386,5,3,15,0,2021,8,3,7,3,1,6,2,0,1,0,1,0,0,"356165,4556","5644481,94",6.953000123,50.9340104,0,"5,21E+18"
168394,5,3,15,0,2021,7,13,7,3,6,4,0,0,0,1,0,1,0,"356239,0789","5645019,389",6.953835151,50.93885874,1,"5,21E+18"
168395,5,3,15,0,2021,7,15,7,3,2,2,0,0,1,0,0,0,1,"358003,391","5648493,942",6.977574583,50.97052159,0,"5,21E+18"
168398,5,3,15,0,2021,8,16,5,3,0,7,0,1,0,1,0,0,0,"352743,584","5644590,772",6.904291766,50.93412491,0,"5,21E+18"
168399,5,3,15,0,2021,8,15,3,3,5,2,0,1,0,0,0,1,0,"357431,612","5648938,565",6.969262007,50.97437613,0,"5,21E+18"
168403,5,3,15,0,2021,8,15,2,3,2,6,0,0,1,0,0,1,0,"353764,838","5639267,67",6.920948716,50.8865476,0,"5,21E+18"
168404,5,3,15,0,2021,8,18,3,3,9,1,0,0,1,0,0,0,0,"357169,129","5649935,228",6.965134119,50.98326796,1,"5,21E+18"
168407,5,3,15,0,2021,8,19,7,3,0,7,1,1,0,1,0,0,0,"357549,8542","5643586,542",6.973039033,50.92630709,1,"5,21E+18"
168416,5,3,15,0,2021,8,13,2,3,0,7,0,0,1,0,0,0,1,"356621,9975","5642823,28",6.960145321,50.91921786,0,"5,21E+18"
168420,5,3,15,0,2021,7,5,2,3,6,5,1,1,0,1,0,0,0,"359024,85","5644980,38",6.993474174,50.93919596,0,"5,21E+18"
168428,5,3,15,0,2021,8,15,5,3,8,6,0,1,0,0,0,0,1,"363205,7551","5647999,844",7.051809819,50.96734003,0,"5,21E+18"
168430,5,3,15,0,2021,8,11,2,3,3,6,0,1,1,0,0,0,0,"356844,534","5644563,244",6.962626029,50.93491004,0,"5,21E+18"
168438,5,3,15,0,2021,8,9,3,3,1,3,0,1,1,0,0,0,0,"353008,803","5653762,45",6.90435562,51.01661411,1,"5,21E+18"
168440,5,3,15,0,2021,7,18,5,3,0,1,0,1,0,0,0,0,0,"354828,1894","5643796,982",6.934254607,50.9275198,0,"5,21E+18"
168444,5,3,15,0,2021,8,21,3,3,5,2,0,1,1,0,0,0,0,"353914,5191","5646750,408",6.920078198,50.9538306,0,"5,21E+18"
168453,5,3,15,0,2021,5,20,7,3,0,1,2,1,0,0,0,0,0,"350178,969","5644449,763",6.867877704,50.93219724,0,"5,21E+18"
168457,5,3,15,0,2021,7,13,1,3,6,4,0,1,0,1,0,0,0,"355630,2169","5645959,617",6.944802447,50.94715626,0,"5,21E+18"
168458,5,3,15,0,2021,11,0,3,3,0,1,2,0,0,0,0,0,1,"368190,553","5637455,346",7.126571558,50.87373039,0,"5,21E+18"
168466,5,3,15,0,2021,7,17,7,3,0,7,0,1,0,0,0,0,0,"357573,5079","5645659,978",6.972564991,50.94494683,0,"5,21E+18"
168470,5,3,15,0,2021,7,12,7,2,6,4,0,0,0,1,0,0,1,"362804,5093","5651086,019",7.044933974,50.99498096,1,"5,21E+18"
168476,5,3,15,0,2021,7,10,7,3,3,6,0,1,1,0,0,0,0,"356657,972","5644534,137",6.959984145,50.93460212,0,"5,21E+18"
168485,5,3,15,0,2021,8,16,7,3,3,6,0,1,1,0,0,0,0,"356477,4425","5643755,598",6.957723177,50.92756058,0,"5,21E+18"
168489,5,3,15,0,2021,8,12,4,3,0,7,0,0,1,0,0,0,0,"360728,0324","5647028,002",7.016917109,50.95801222,0,"5,21E+18"
168496,5,3,15,0,2021,8,17,7,3,5,2,0,0,1,0,1,0,0,"360212,6665","5645320,188",7.010239253,50.94253905,0,"5,21E+18"
168503,5,3,15,0,2021,8,8,5,3,5,3,0,0,1,0,0,0,1,"357619,543","5640481,627",6.975241533,50.89842038,1,"5,21E+18"
168509,5,3,15,0,2021,7,22,4,3,6,4,2,1,0,1,0,0,0,"355462,3731","5645663,32",6.942532319,50.94445145,0,"5,21E+18"
168511,5,3,15,0,2021,8,14,5,2,3,3,0,0,1,0,1,0,0,"352518,8194","5654095,093",6.897239721,51.01947791,0,"5,21E+18"
168513,5,3,15,0,2021,8,7,6,3,0,6,0,1,1,0,0,0,0,"357176,239","5650470,796",6.965024836,50.98808279,1,"5,21E+18"
168518,5,3,15,0,2021,7,7,3,3,5,3,0,1,1,0,0,0,0,"357811,5023","5647849,742",6.975095202,50.96468488,0,"5,21E+18"
168520,5,3,15,0,2021,7,20,5,3,0,1,0,0,0,0,0,0,1,"354858,064","5643811,591",6.934673601,50.92765861,1,"5,21E+18"
168525,5,3,15,0,2021,8,5,6,3,5,3,1,1,1,0,0,0,0,"362115,363","5640296,481",7.039204755,50.89784743,0,"5,21E+18"
168531,5,3,15,0,2021,8,18,6,3,2,6,0,1,1,0,0,0,0,"356418,0347","5642794,279",6.957256906,50.91890652,0,"5,21E+18"
168535,5,3,15,0,2021,8,18,3,3,5,3,0,1,1,0,0,0,0,"359541,8231","5647067,711",7.000022398,50.95808117,0,"5,21E+18"
168536,5,3,15,0,2021,4,14,2,3,5,2,0,0,1,0,1,0,0,"359664,6207","5636508,963",7.005830257,50.86321777,0,"5,21E+18"
168542,5,3,15,0,2021,7,8,3,3,3,6,0,1,1,0,0,0,0,"355502,0834","5645577,904",6.943131084,50.94369379,0,"5,21E+18"
168546,5,3,15,0,2021,8,21,7,3,0,1,2,0,0,0,1,0,0,"356195,1512","5644338,805",6.953478928,50.93273148,1,"5,21E+18"
168547,5,3,15,0,2021,8,16,7,3,5,3,0,1,1,0,0,0,0,"361083,5452","5648904,625",7.021259336,50.97496359,1,"5,21E+18"
168555,5,3,15,0,2021,7,9,3,3,5,3,0,1,0,0,0,0,1,"354357,596","5643972,743",6.927492683,50.9289807,0,"5,21E+18"
168561,5,3,15,0,2021,8,13,5,3,0,4,0,0,0,1,0,0,1,"365852,698","5636341,733",7.093771127,50.86318365,0,"5,21E+18"
168563,5,3,15,0,2021,8,12,4,3,0,1,0,1,0,0,0,0,0,"353264,665","5653252,603",6.908207048,51.01209772,0,"5,21E+18"
168566,5,3,15,0,2021,7,12,4,3,0,1,0,1,0,0,0,0,0,"353796,589","5643164,833",6.919839054,50.92157835,0,"5,21E+18"
168570,5,3,15,0,2021,6,12,5,3,3,6,0,0,1,0,0,0,1,"359823,571","5645154,414",7.004768166,50.94095475,0,"5,21E+18"
168577,5,3,15,0,2021,8,13,5,2,0,1,0,1,0,0,0,0,0,"351229,2631","5647461,198",6.881583482,50.95953117,0,"5,21E+18"
168583,5,3,15,0,2021,8,17,3,3,0,1,1,0,0,0,1,0,0,"352913,971","5642929,965",6.907384937,50.91924336,1,"5,21E+18"
168587,5,3,15,0,2021,8,10,2,3,5,3,0,0,0,0,1,0,1,"351239,784","5645657,623",6.882470104,50.94332619,1,"5,21E+18"
168598,5,3,15,0,2021,7,21,5,3,0,7,0,0,0,0,0,0,1,"355797,9033","5644870,745",6.947618981,50.93741275,1,"5,21E+18"
168599,5,3,15,0,2021,7,15,1,3,0,4,0,0,1,1,0,0,0,"360361,2186","5649052,591",7.010920226,50.97611869,0,"5,21E+18"
168604,5,3,15,0,2021,8,11,5,2,5,3,0,0,1,0,1,0,0,"361093,158","5648967,8",7.021372038,50.97553368,0,"5,21E+18"
168607,5,3,15,0,2021,8,19,4,3,3,6,0,1,1,0,0,0,0,"355020,9705","5643950,286",6.936934948,50.92894599,0,"5,21E+18"
168612,5,3,15,0,2021,8,13,1,3,0,1,0,0,0,0,0,0,1,"351499,341","5646097,457",6.885982747,50.94734565,0,"5,21E+18"
168617,5,3,15,0,2021,8,17,6,3,0,1,1,1,0,0,0,0,0,"354405,4185","5643470,752",6.928373189,50.92448151,1,"5,21E+18"
168621,5,3,15,0,2021,4,11,2,3,0,6,0,1,0,0,0,1,0,"356354,0765","5645111,003",6.95543469,50.93971072,0,"5,21E+18"
168625,5,3,15,0,2021,8,11,3,3,0,7,0,1,0,0,0,0,1,"358065,8291","5651408,809",6.977324842,50.99673266,0,"5,21E+18"
168628,5,3,15,0,2021,8,14,2,3,5,2,0,1,0,0,0,0,0,"353805,924","5642680,942",6.920165725,50.91723214,0,"5,21E+18"
168630,5,3,15,0,2021,7,12,7,3,0,1,0,0,0,1,0,0,1,"351778,5403","5648289,913",6.889061604,50.96711993,0,"5,21E+18"
168632,5,3,15,0,2021,6,10,6,3,5,3,0,1,1,0,0,0,0,"355330,741","5645077,579",6.940892472,50.93915451,0,"5,21E+18"
168641,5,3,15,0,2021,7,21,5,3,0,1,0,0,0,0,0,0,1,"355797,9033","5644870,745",6.947618981,50.93741275,1,"5,21E+18"
168642,5,3,15,0,2021,7,19,2,3,0,6,0,1,0,1,0,0,0,"357999,1259","5648360,993",6.977565785,50.96932574,0,"5,21E+18"
168645,5,3,15,0,2021,7,16,7,3,0,7,0,1,1,0,0,0,0,"355760,6115","5644348,482",6.947295299,50.93270994,1,"5,21E+18"
168649,5,3,15,0,2021,8,18,2,3,0,1,0,1,0,0,0,0,0,"364503,5561","5638725,595",7.073728101,50.88429428,0,"5,21E+18"
168654,5,3,15,0,2021,8,16,5,3,1,5,0,0,1,0,0,0,1,"362778,3443","5643902,341",7.047270666,50.93041269,0,"5,21E+18"
168658,5,3,15,0,2021,8,0,1,2,0,1,2,0,0,0,0,0,1,"360721,0076","5645932,182",7.017236399,50.94816218,1,"5,21E+18"
168663,5,3,15,0,2021,8,20,7,2,0,1,1,1,0,0,0,0,0,"355854,891","5642710,764",6.949283529,50.91801558,1,"5,21E+18"
168667,5,3,15,0,2021,8,17,3,3,2,6,0,0,1,0,0,0,0,"357614,491","5645188,047",6.973332468,50.94071573,0,"5,21E+18"
168675,5,3,15,0,2021,8,3,7,2,1,5,2,1,1,0,0,0,0,"354791,4412","5642385,765",6.93429393,50.91482827,0,"5,21E+18"
168679,5,3,15,0,2021,8,23,3,3,0,7,2,1,1,0,0,0,0,"355181,199","5644177,605",6.939123128,50.93102911,1,"5,21E+18"
168688,5,3,15,0,2021,8,10,5,3,3,3,0,1,0,0,0,0,1,"352680,131","5643487,148",6.903835365,50.92419089,0,"5,21E+18"
168693,5,3,15,0,2021,7,21,7,3,1,5,1,0,1,0,0,0,1,"364899,3901","5635676,692",7.080478249,50.85698451,0,"5,21E+18"
168700,5,3,15,0,2021,8,16,6,3,0,1,0,1,0,0,0,0,0,"355372,876","5644251,439",6.941819651,50.93174073,1,"5,21E+18"
168704,5,3,15,0,2021,8,17,3,3,9,5,0,0,1,0,0,0,1,"354150,0464","5646218,39",6.923642334,50.94910918,1,"5,21E+18"
168709,5,3,15,0,2021,5,20,4,3,0,7,0,1,1,0,0,0,0,"356788,709","5642778,097",6.96253328,50.9188532,0,"5,21E+18"
168712,5,3,15,0,2021,8,15,3,3,1,6,0,0,1,0,0,1,0,"351016,744","5645397,122",6.879404102,50.94092763,0,"5,21E+18"
168716,5,3,15,0,2021,8,18,6,3,0,1,0,0,0,0,0,0,1,"356117,2871","5650129,324",6.950082235,50.98475035,0,"5,21E+18"
168720,5,3,15,0,2021,8,5,2,3,8,6,2,0,1,0,0,0,0,"355802,354","5642601,108",6.948579957,50.91701699,1,"5,21E+18"
168722,5,3,15,0,2021,7,23,6,3,1,1,2,1,1,0,0,0,0,"359845,7396","5647737,344",7.004089116,50.96417323,0,"5,21E+18"
168726,5,3,15,0,2021,7,16,3,3,5,3,0,1,1,0,0,0,0,"356263,684","5643657,341",6.954722275,50.92662433,1,"5,21E+18"
168730,5,3,15,0,2021,8,14,1,3,0,1,0,0,0,0,0,0,1,"359704,472","5647255,965",7.002264268,50.95981265,0,"5,21E+18"
168731,5,3,15,0,2021,8,16,7,3,0,7,0,0,0,1,0,0,1,"359085,7321","5639718,33",6.996372645,50.89192016,0,"5,21E+18"
168736,5,3,15,0,2021,8,1,7,3,0,1,2,0,0,0,0,0,1,"356463,069","5642756,065",6.957912212,50.91857429,1,"5,21E+18"
168740,5,3,15,0,2021,7,10,3,3,4,7,0,1,1,0,0,0,0,"356396,2875","5645527,224",6.955871006,50.94346176,0,"5,21E+18"
168743,5,3,15,0,2021,6,14,7,3,7,1,0,0,0,0,1,0,0,"349185,8497","5658174,387",6.848056221,51.05527034,0,"5,21E+18"
168746,5,3,15,0,2021,8,15,5,3,0,5,0,1,1,0,0,0,0,"355254,5694","5642046,59",6.94101229,50.9118965,0,"5,21E+18"
168748,5,3,15,0,2021,8,7,6,3,0,2,0,1,1,0,0,0,0,"357668,1091","5644969,257",6.974180616,50.93876271,0,"5,21E+18"
168751,5,3,15,0,2021,7,20,3,3,0,1,1,0,0,0,0,0,1,"352218,229","5644824,087",6.896725836,50.93608722,1,"5,21E+18"
168752,5,3,15,0,2021,7,20,4,3,6,2,0,0,1,1,0,0,0,"352379,708","5649440,635",6.897149999,50.97761524,0,"5,21E+18"
168756,5,3,15,0,2021,8,13,6,3,5,3,0,0,1,0,0,0,1,"363762,2909","5639491,863",7.062910695,50.89100681,0,"5,21E+18"
168760,5,3,15,0,2021,8,15,2,3,5,2,0,0,1,0,0,0,0,"355545,724","5641342,361",6.945429817,50.90564064,0,"5,21E+18"
168762,5,3,15,0,2021,8,0,1,2,6,7,2,0,0,1,0,0,1,"361470,0852","5645110,164",7.028206086,50.94095501,0,"5,21E+18"
168771,5,3,15,0,2021,8,13,6,3,1,6,0,0,1,0,0,0,0,"357402,6018","5648609,235",6.96897821,50.97140929,0,"5,21E+18"
168773,5,3,15,0,2021,8,21,6,2,0,1,2,0,0,0,0,0,1,"356440,3823","5647736,517",6.955627005,50.96332731,0,"5,21E+18"
168777,5,3,15,0,2021,7,18,3,3,8,1,0,0,1,0,0,0,0,"358956,4689","5651731,209",6.989883553,50.99984904,1,"5,21E+18"
168781,5,3,15,0,2021,8,16,5,3,0,4,0,1,0,1,0,0,0,"355185,605","5645880,593",6.938508906,50.94633458,0,"5,21E+18"
168787,5,3,15,0,2021,7,16,2,3,0,7,0,1,0,0,0,0,0,"354363,738","5643551,397",6.927748332,50.92519573,0,"5,21E+18"
168791,5,3,15,0,2021,8,7,4,3,0,5,0,1,1,0,0,0,0,"354058,0587","5645434,155",6.92264795,50.94203825,0,"5,21E+18"
168794,5,3,15,0,2021,7,12,4,3,0,7,0,0,0,0,0,0,1,"353860,5039","5651412,588",6.917435827,50.99571405,0,"5,21E+18"
168797,5,3,15,0,2021,7,10,4,3,5,3,0,1,1,0,0,0,0,"356271,896","5641006,944",6.95588316,50.90280752,0,"5,21E+18"
168803,5,3,15,0,2021,7,11,6,3,5,3,0,1,1,0,0,0,0,"354153,304","5644705,371",6.924294461,50.93551299,0,"5,21E+18"
168804,5,3,15,0,2021,8,21,3,3,3,6,2,0,0,0,1,1,0,"358845,797","5648535,022",6.989548912,50.97109785,0,"5,21E+18"
168809,5,3,15,0,2021,5,9,5,3,5,3,0,1,1,0,0,0,0,"363645,12","5638841,429",7.061488451,50.88513337,0,"5,21E+18"
168810,5,3,15,0,2021,7,14,7,3,1,6,0,1,0,0,0,0,1,"357994,063","5648529,918",6.977427767,50.97084261,0,"5,21E+18"
168814,5,3,15,0,2021,8,6,7,3,0,1,1,0,0,0,1,0,0,"354789,685","5643778,75",6.933714345,50.92734626,1,"5,21E+18"
168818,5,3,15,0,2021,8,18,3,2,5,3,0,1,1,0,0,0,0,"353764,299","5646847,023",6.917902106,50.95466075,0,"5,21E+18"
168819,5,3,15,0,2021,8,18,2,3,0,1,0,0,0,0,1,0,0,"362756,543","5636986,44",7.049559942,50.8682513,1,"5,21E+18"
168830,5,3,15,0,2021,8,18,2,3,5,3,0,1,1,0,0,0,0,"356255,696","5646955,352",6.953307322,50.95626107,1,"5,21E+18"
168831,5,3,15,0,2021,7,23,1,3,1,1,2,1,1,0,0,0,0,"362926,9658","5636360,624",7.052214881,50.86266722,0,"5,21E+18"
168836,5,3,15,0,2021,7,14,7,3,1,1,0,1,1,0,0,0,0,"355554,8309","5643430,269",6.944732617,50.92440662,0,"5,21E+18"
168840,5,3,15,0,2021,8,13,1,3,2,6,0,0,1,0,0,0,0,"361322,263","5645070,562",7.026118437,50.94056356,0,"5,21E+18"
168844,5,3,15,0,2021,4,17,5,3,2,6,0,0,1,0,0,0,0,"355408,6669","5651647,379",6.939389124,50.99821511,0,"5,21E+18"
168850,5,3,15,0,2021,7,18,4,3,1,5,0,1,1,0,0,0,0,"356108,3726","5647551,003",6.950975588,50.96157731,0,"5,21E+18"
168853,5,3,15,0,2021,8,13,2,3,3,2,0,1,1,0,0,0,0,"359542,151","5644531,075",7.001005414,50.93528425,0,"5,21E+18"
168861,5,3,15,0,2021,7,16,3,3,6,4,0,0,1,1,0,0,0,"362778,3443","5643902,341",7.047270666,50.93041269,1,"5,21E+18"
168866,5,3,15,0,2021,4,3,4,2,6,4,2,0,1,1,0,0,0,"368190,553","5637455,346",7.126571558,50.87373039,0,"5,21E+18"
168870,5,3,15,0,2021,8,8,1,3,8,7,0,0,1,0,0,0,0,"358696,613","5642991,005",6.989576558,50.92123698,1,"5,21E+18"
168873,5,3,15,0,2021,8,12,4,3,5,3,0,0,1,0,1,0,0,"352348,8741","5645781,106",6.898196009,50.94472098,1,"5,21E+18"
169928,5,3,15,0,2021,7,14,6,3,2,6,0,0,1,0,0,0,1,"357373,193","5648004,955",6.96879658,50.96597142,0,"5,21E+18"
169943,5,3,15,0,2021,8,16,4,3,0,3,0,1,0,0,0,0,0,"353023,907","5645826,275",6.907779964,50.94529937,0,"5,21E+18"
169946,5,3,15,0,2021,8,4,7,3,5,3,2,0,1,0,0,0,0,"364019,4437","5640155,238",7.066317824,50.89702951,1,"5,21E+18"
169984,5,3,15,0,2021,8,15,2,3,5,3,0,1,1,0,0,0,0,"358276,3188","5642753,839",6.983692843,50.91900247,0,"5,21E+18"
170036,5,3,15,0,2021,8,11,3,3,1,5,0,1,1,0,0,0,0,"364962,0465","5638452,615",7.080343127,50.88194818,0,"5,21E+18"
170041,5,3,15,0,2021,7,20,2,2,6,4,0,0,1,1,0,0,0,"363046,8288","5648621,076",7.049313893,50.97288548,0,"5,21E+18"
170045,5,3,15,0,2021,7,19,2,3,0,1,1,0,0,0,0,0,1,"352217,292","5644646,109",6.896784686,50.93448758,0,"5,21E+18"
170142,5,3,15,0,2021,7,18,4,3,4,7,0,0,0,0,0,0,1,"356649,8","5645584,959",6.959454462,50.9440437,0,"5,21E+18"
170191,5,3,15,0,2021,8,11,3,3,2,7,0,0,1,0,0,0,1,"364420,428","5641198,26",7.071629158,50.90649801,1,"5,21E+18"
170238,5,3,15,0,2021,8,16,2,3,0,7,0,1,0,0,0,0,1,"353314,7266","5646346,109",6.911707476,50.95004499,1,"5,21E+18"
170249,5,3,15,0,2021,6,19,3,3,0,1,0,1,0,0,1,0,0,"358970,5549","5640057,914",6.99460493,50.89494394,0,"5,21E+18"
170252,5,3,15,0,2021,7,11,5,3,0,6,0,1,0,0,0,0,1,"356611,1553","5644417,93",6.959364032,50.93354614,0,"5,21E+18"
170357,5,3,15,0,2021,7,21,5,2,0,5,1,1,1,0,0,0,0,"353840,0023","5645871,156",6.919370942,50.94591018,0,"5,21E+18"
170391,5,3,15,0,2021,5,22,5,2,1,1,2,1,1,0,0,0,0,"355840,9289","5637296,294",6.951221867,50.86935277,1,"5,21E+18"
170404,5,3,15,0,2021,7,19,6,3,0,7,0,1,1,0,0,0,0,"355154,0475","5645200,293",6.938330508,50.94021295,0,"5,21E+18"
170408,5,3,15,0,2021,4,7,1,2,5,3,0,0,1,0,0,0,1,"359875,9661","5646276,416",7.005081762,50.95105106,0,"5,21E+18"
170413,5,3,15,0,2021,8,11,2,3,0,1,0,0,0,0,1,0,0,"364380,2186","5638412,345",7.072091978,50.88144998,1,"5,21E+18"
170450,5,3,15,0,2021,7,20,5,3,0,7,0,0,0,0,0,0,1,"358949,984","5644592,494",6.992559446,50.9356917,0,"5,21E+18"
170463,5,3,15,0,2021,8,16,4,3,5,3,0,0,1,0,0,0,0,"365299,8181","5635710,862",7.086151596,50.85738503,0,"5,21E+18"
170498,5,3,15,0,2021,7,17,4,2,6,7,0,0,1,1,0,0,0,"356453,118","5645893,821",6.956534923,50.94677046,0,"5,21E+18"
170547,5,3,15,0,2021,8,18,5,3,0,4,0,1,0,1,1,0,0,"355880,0351","5644896,986",6.948776756,50.9376691,0,"5,21E+18"
170560,5,3,15,0,2021,5,15,7,2,5,3,0,0,1,0,0,0,0,"361817,365","5644841,736",7.033247858,50.9386259,0,"5,21E+18"
170605,5,3,15,0,2021,8,18,2,2,5,2,0,1,1,0,0,0,0,"356837,179","5637630,83",6.965239984,50.87260685,0,"5,21E+18"
170654,5,3,15,0,2021,8,16,5,3,0,1,0,1,0,0,0,0,0,"353933,299","5647220,489",6.920156751,50.95805981,0,"5,21E+18"
170667,5,3,15,0,2021,8,15,7,3,2,6,0,0,1,0,1,0,0,"358622,8895","5646133,945",6.987308996,50.94946468,0,"5,21E+18"
170757,5,3,15,0,2021,8,14,4,3,5,3,0,1,0,0,0,0,1,"354907,2512","5643696,054",6.935419015,50.92663267,0,"5,21E+18"
170758,5,3,15,0,2021,8,15,6,3,4,6,0,1,0,0,0,0,0,"356872,836","5651336,512",6.96036371,50.99578746,0,"5,21E+18"
170791,5,3,15,0,2021,8,6,6,3,0,7,1,1,0,0,0,0,0,"359535,421","5647817,775",6.99964175,50.96482049,0,"5,21E+18"
170819,5,3,15,0,2021,8,7,4,2,0,1,0,0,1,0,0,0,0,"356918,1485","5643747,987",6.963993021,50.92760166,0,"5,21E+18"
170828,5,3,15,0,2021,8,0,7,3,0,7,2,0,0,0,0,0,1,"361488,7498","5640425,567",7.030250625,50.89885762,0,"5,21E+18"
170849,5,3,15,0,2021,7,3,2,3,1,5,2,0,1,0,0,0,1,"367928,5712","5637466,214",7.122846178,50.87376826,0,"5,21E+18"
170859,5,3,15,0,2021,7,18,6,3,5,3,0,0,1,0,0,0,0,"362707,8324","5650854,861",7.043644546,50.99288043,0,"5,21E+18"
170865,5,3,15,0,2021,8,10,4,3,4,7,0,0,1,0,0,0,0,"364998,5414","5643050,739",7.079161326,50.92328279,0,"5,21E+18"
170894,5,3,15,0,2021,7,7,2,2,5,3,0,0,1,0,0,0,1,"348595,538","5645585,318",6.844888814,50.94198813,0,"5,21E+18"
170918,5,3,15,0,2021,7,20,1,3,1,7,0,0,1,0,0,0,1,"356343,7563","5641390,269",6.956753625,50.90627031,0,"5,21E+18"